image,top1,top3
0000004.png,0,"[0, 1, 6]"
0000010.png,0,"[0, 6, 8]"
0000018.png,0,"[0, 6, 8]"
0000021.png,0,"[0, 8, 2]"
0000027.png,0,"[0, 8, 6]"
0000038.png,0,"[0, 6, 8]"
0000040.png,0,"[0, 6, 2]"
0000041.png,0,"[0, 6, 2]"
0000042.png,0,"[0, 6, 8]"
0000055.png,0,"[0, 6, 8]"
0000057.png,0,"[0, 1, 6]"
0000058.png,0,"[0, 6, 8]"
0000059.png,0,"[0, 6, 1]"
0000062.png,0,"[0, 6, 5]"
0000064.png,0,"[0, 8, 6]"
0000065.png,0,"[0, 6, 2]"
0000066.png,0,"[0, 6, 2]"
0000069.png,0,"[0, 1, 7]"
0000071.png,0,"[0, 9, 7]"
0000072.png,0,"[0, 6, 1]"
0000080.png,0,"[0, 6, 1]"
0000081.png,0,"[0, 2, 6]"
0000087.png,0,"[0, 2, 6]"
0000089.png,0,"[0, 6, 8]"
0000090.png,0,"[0, 6, 5]"
0000091.png,0,"[0, 6, 5]"
0000094.png,0,"[0, 6, 8]"
0000095.png,0,"[0, 6, 8]"
0000111.png,0,"[0, 1, 6]"
0000112.png,0,"[0, 6, 8]"
0000113.png,0,"[0, 6, 8]"
0000121.png,0,"[0, 2, 6]"
0000135.png,0,"[0, 6, 2]"
0000146.png,0,"[0, 6, 9]"
0000153.png,0,"[0, 8, 6]"
0000164.png,0,"[0, 6, 8]"
0000175.png,0,"[0, 8, 6]"
0000176.png,0,"[0, 8, 6]"
0000183.png,0,"[0, 8, 9]"
0000185.png,0,"[0, 6, 9]"
0000188.png,0,"[0, 8, 6]"
0000189.png,0,"[0, 6, 2]"
0000194.png,0,"[0, 8, 6]"
0000197.png,0,"[0, 6, 1]"
0000199.png,0,"[0, 6, 3]"
0000201.png,0,"[0, 2, 6]"
0000208.png,0,"[0, 6, 2]"
0000213.png,0,"[0, 8, 6]"
0000216.png,0,"[0, 6, 8]"
0000217.png,0,"[0, 6, 2]"
0000220.png,0,"[0, 6, 1]"
0000222.png,0,"[0, 6, 3]"
0000224.png,0,"[0, 6, 9]"
0000227.png,0,"[0, 3, 7]"
0000235.png,0,"[0, 6, 2]"
0000236.png,0,"[0, 6, 1]"
0000237.png,6,"[6, 0, 9]"
0000245.png,0,"[0, 6, 2]"
0000247.png,0,"[0, 3, 5]"
0000248.png,0,"[0, 6, 1]"
0000250.png,0,"[0, 6, 8]"
0000257.png,0,"[0, 2, 6]"
0000259.png,3,"[3, 0, 6]"
0000269.png,0,"[0, 6, 8]"
0000277.png,0,"[0, 8, 3]"
0000280.png,0,"[0, 6, 2]"
0000283.png,0,"[0, 2, 3]"
0000286.png,0,"[0, 6, 8]"
0000289.png,0,"[0, 6, 1]"
0000294.png,0,"[0, 6, 9]"
0000300.png,0,"[0, 6, 2]"
0000301.png,0,"[0, 2, 6]"
0000302.png,0,"[0, 6, 2]"
0000310.png,0,"[0, 8, 6]"
0000311.png,0,"[0, 6, 5]"
0000313.png,0,"[0, 8, 9]"
0000314.png,0,"[0, 6, 1]"
0000327.png,0,"[0, 1, 9]"
0000328.png,0,"[0, 2, 6]"
0000336.png,0,"[0, 6, 1]"
0000341.png,0,"[0, 6, 9]"
0000344.png,0,"[0, 6, 9]"
0000370.png,0,"[0, 6, 8]"
0000376.png,0,"[0, 6, 2]"
0000377.png,0,"[0, 6, 8]"
0000385.png,0,"[0, 2, 6]"
0000386.png,0,"[0, 6, 4]"
0000390.png,0,"[0, 6, 8]"
0000393.png,0,"[0, 6, 9]"
0000394.png,0,"[0, 6, 8]"
0000396.png,0,"[0, 6, 1]"
0000398.png,0,"[0, 3, 2]"
0000402.png,0,"[0, 6, 8]"
0000403.png,0,"[0, 6, 2]"
0000406.png,8,"[8, 0, 2]"
0000410.png,0,"[0, 1, 7]"
0000422.png,0,"[0, 6, 8]"
0000425.png,0,"[0, 6, 9]"
0000431.png,0,"[0, 6, 2]"
0000434.png,0,"[0, 1, 6]"
0000441.png,0,"[0, 6, 1]"
0000447.png,0,"[0, 6, 5]"
0000449.png,6,"[6, 9, 8]"
0000452.png,0,"[0, 6, 8]"
0000457.png,0,"[0, 6, 1]"
0000474.png,0,"[0, 6, 8]"
0000477.png,0,"[0, 6, 9]"
0000478.png,0,"[0, 6, 1]"
0000481.png,0,"[0, 2, 1]"
0000490.png,0,"[0, 6, 2]"
0000496.png,0,"[0, 6, 9]"
0000498.png,0,"[0, 6, 9]"
0000511.png,0,"[0, 6, 4]"
0000513.png,0,"[0, 6, 2]"
0000515.png,0,"[0, 6, 8]"
0000523.png,0,"[0, 5, 6]"
0000527.png,0,"[0, 6, 8]"
0000545.png,0,"[0, 6, 9]"
0000547.png,0,"[0, 6, 9]"
0000551.png,0,"[0, 6, 2]"
0000565.png,0,"[0, 8, 6]"
0000573.png,0,"[0, 6, 9]"
0000582.png,0,"[0, 6, 8]"
0000585.png,0,"[0, 6, 8]"
0000587.png,0,"[0, 6, 1]"
0000594.png,0,"[0, 2, 6]"
0000596.png,0,"[0, 2, 6]"
0000598.png,0,"[0, 6, 8]"
0000605.png,0,"[0, 2, 6]"
0000607.png,0,"[0, 6, 1]"
0000608.png,0,"[0, 6, 8]"
0000609.png,0,"[0, 9, 8]"
0000611.png,0,"[0, 2, 6]"
0000615.png,0,"[0, 9, 2]"
0000617.png,0,"[0, 6, 2]"
0000628.png,0,"[0, 6, 8]"
0000634.png,0,"[0, 6, 2]"
0000639.png,0,"[0, 9, 2]"
0000648.png,0,"[0, 6, 8]"
0000652.png,0,"[0, 8, 6]"
0000656.png,0,"[0, 6, 2]"
0000659.png,0,"[0, 2, 6]"
0000670.png,0,"[0, 6, 8]"
0000678.png,0,"[0, 1, 6]"
0000686.png,0,"[0, 6, 8]"
0000690.png,0,"[0, 8, 6]"
0000691.png,0,"[0, 8, 2]"
0000698.png,0,"[0, 6, 1]"
0000705.png,0,"[0, 2, 8]"
0000713.png,0,"[0, 6, 8]"
0000715.png,0,"[0, 8, 9]"
0000718.png,0,"[0, 6, 2]"
0000719.png,0,"[0, 2, 3]"
0000728.png,0,"[0, 6, 8]"
0000729.png,0,"[0, 2, 5]"
0000738.png,0,"[0, 1, 3]"
0000756.png,0,"[0, 6, 2]"
0000758.png,6,"[6, 0, 8]"
0000762.png,0,"[0, 6, 9]"
0000764.png,0,"[0, 6, 1]"
0000766.png,0,"[0, 6, 2]"
0000767.png,0,"[0, 6, 2]"
0000770.png,0,"[0, 6, 1]"
0000772.png,0,"[0, 6, 8]"
0000777.png,0,"[0, 2, 9]"
0000779.png,0,"[0, 6, 8]"
0000781.png,0,"[0, 2, 6]"
0000788.png,0,"[0, 6, 9]"
0000796.png,0,"[0, 6, 8]"
0000797.png,0,"[0, 6, 8]"
0000802.png,0,"[0, 6, 5]"
0000811.png,0,"[0, 8, 6]"
0000817.png,0,"[0, 6, 8]"
0000826.png,0,"[0, 6, 2]"
0000827.png,0,"[0, 6, 2]"
0000830.png,0,"[0, 6, 8]"
0000833.png,0,"[0, 3, 6]"
0000841.png,0,"[0, 8, 3]"
0000852.png,0,"[0, 1, 8]"
0000856.png,0,"[0, 6, 2]"
0000880.png,0,"[0, 9, 6]"
0000881.png,0,"[0, 2, 7]"
0000883.png,0,"[0, 6, 8]"
0000887.png,0,"[0, 6, 2]"
0000888.png,0,"[0, 8, 3]"
0000894.png,0,"[0, 8, 9]"
0000896.png,0,"[0, 8, 2]"
0000898.png,0,"[0, 6, 8]"
0000902.png,0,"[0, 8, 9]"
0000905.png,0,"[0, 8, 6]"
0000906.png,0,"[0, 9, 1]"
0000907.png,0,"[0, 6, 9]"
0000921.png,6,"[6, 5, 0]"
0000922.png,0,"[0, 6, 8]"
0000923.png,0,"[0, 6, 8]"
0000926.png,0,"[0, 8, 6]"
0000928.png,0,"[0, 6, 2]"
0000931.png,0,"[0, 6, 9]"
0000932.png,0,"[0, 6, 8]"
0000934.png,0,"[0, 6, 9]"
0000937.png,6,"[6, 0, 5]"
0000940.png,0,"[0, 6, 2]"
0000941.png,0,"[0, 2, 6]"
0000944.png,0,"[0, 6, 1]"
0000948.png,0,"[0, 6, 2]"
0000957.png,0,"[0, 9, 2]"
0000960.png,0,"[0, 6, 8]"
0000962.png,0,"[0, 6, 2]"
0000970.png,0,"[0, 6, 1]"
0000971.png,0,"[0, 1, 6]"
0000972.png,0,"[0, 6, 1]"
0000982.png,0,"[0, 8, 6]"
0000984.png,0,"[0, 6, 9]"
0000987.png,8,"[8, 0, 6]"
0000995.png,0,"[0, 8, 6]"
0000998.png,0,"[0, 6, 2]"
0001000.png,0,"[0, 6, 2]"
0001020.png,0,"[0, 6, 8]"
0001023.png,0,"[0, 6, 8]"
0001024.png,0,"[0, 6, 2]"
0001025.png,0,"[0, 2, 6]"
0001031.png,0,"[0, 2, 6]"
0001039.png,0,"[0, 2, 5]"
0001048.png,0,"[0, 2, 1]"
0001050.png,0,"[0, 6, 2]"
0001059.png,0,"[0, 6, 2]"
0001062.png,0,"[0, 6, 8]"
0001070.png,0,"[0, 6, 8]"
0001073.png,0,"[0, 6, 5]"
0001076.png,0,"[0, 6, 2]"
0001077.png,0,"[0, 6, 2]"
0001086.png,0,"[0, 6, 5]"
0001089.png,0,"[0, 6, 8]"
0001094.png,6,"[6, 9, 8]"
0001095.png,0,"[0, 6, 9]"
0001103.png,0,"[0, 6, 8]"
0001109.png,0,"[0, 6, 2]"
0001114.png,0,"[0, 6, 8]"
0001115.png,0,"[0, 2, 6]"
0001116.png,0,"[0, 8, 6]"
0001119.png,0,"[0, 1, 7]"
0001126.png,0,"[0, 6, 2]"
0001128.png,0,"[0, 6, 8]"
0001130.png,0,"[0, 6, 2]"
0001145.png,0,"[0, 6, 3]"
0001147.png,0,"[0, 8, 6]"
0001153.png,0,"[0, 2, 9]"
0001154.png,0,"[0, 6, 2]"
0001165.png,0,"[0, 6, 2]"
0001166.png,0,"[0, 6, 8]"
0001167.png,0,"[0, 6, 4]"
0001176.png,0,"[0, 6, 8]"
0001185.png,0,"[0, 8, 6]"
0001190.png,0,"[0, 6, 7]"
0001196.png,0,"[0, 6, 8]"
0001203.png,0,"[0, 1, 7]"
0001217.png,0,"[0, 7, 6]"
0001224.png,0,"[0, 6, 2]"
0001226.png,0,"[0, 6, 2]"
0001230.png,0,"[0, 6, 8]"
0001234.png,0,"[0, 6, 2]"
0001236.png,0,"[0, 1, 6]"
0001239.png,0,"[0, 2, 9]"
0001252.png,0,"[0, 8, 2]"
0001253.png,0,"[0, 6, 2]"
0001259.png,0,"[0, 6, 9]"
0001260.png,0,"[0, 8, 6]"
0001263.png,0,"[0, 1, 7]"
0001265.png,0,"[0, 9, 8]"
0001267.png,0,"[0, 2, 1]"
0001269.png,0,"[0, 1, 7]"
0001270.png,0,"[0, 6, 8]"
0001279.png,0,"[0, 6, 8]"
0001282.png,0,"[0, 6, 8]"
0001283.png,0,"[0, 6, 2]"
0001286.png,0,"[0, 6, 9]"
0001288.png,0,"[0, 6, 2]"
0001289.png,0,"[0, 6, 2]"
0001290.png,0,"[0, 6, 8]"
0001297.png,0,"[0, 1, 9]"
0001307.png,0,"[0, 6, 5]"
0001308.png,0,"[0, 6, 9]"
0001313.png,0,"[0, 6, 7]"
0001318.png,0,"[0, 6, 8]"
0001319.png,0,"[0, 6, 8]"
0001320.png,0,"[0, 6, 2]"
0001324.png,0,"[0, 6, 2]"
0001331.png,0,"[0, 6, 8]"
0001336.png,0,"[0, 6, 2]"
0001337.png,0,"[0, 6, 2]"
0001345.png,0,"[0, 6, 5]"
0001360.png,0,"[0, 6, 8]"
0001363.png,0,"[0, 7, 1]"
0001366.png,0,"[0, 6, 2]"
0001367.png,0,"[0, 6, 9]"
0001369.png,6,"[6, 0, 5]"
0001370.png,0,"[0, 2, 8]"
0001383.png,0,"[0, 2, 9]"
0001384.png,0,"[0, 6, 1]"
0001395.png,0,"[0, 2, 3]"
0001398.png,0,"[0, 6, 8]"
0001402.png,0,"[0, 1, 7]"
0001412.png,0,"[0, 6, 8]"
0001413.png,0,"[0, 6, 9]"
0001422.png,0,"[0, 6, 8]"
0001427.png,0,"[0, 8, 3]"
0001429.png,0,"[0, 6, 9]"
0001432.png,0,"[0, 6, 2]"
0001440.png,0,"[0, 2, 6]"
0001441.png,0,"[0, 6, 2]"
0001447.png,6,"[6, 3, 8]"
0001449.png,0,"[0, 8, 9]"
0001451.png,0,"[0, 8, 6]"
0001455.png,0,"[0, 2, 6]"
0001457.png,0,"[0, 2, 8]"
0001462.png,0,"[0, 6, 8]"
0001467.png,0,"[0, 6, 5]"
0001469.png,0,"[0, 6, 2]"
0001475.png,0,"[0, 2, 6]"
0001477.png,0,"[0, 6, 8]"
0001489.png,0,"[0, 6, 2]"
0001490.png,0,"[0, 6, 2]"
0001493.png,0,"[0, 6, 3]"
0001494.png,0,"[0, 6, 9]"
0001498.png,0,"[0, 8, 6]"
0001504.png,0,"[0, 3, 8]"
0001508.png,0,"[0, 6, 1]"
0001510.png,0,"[0, 6, 8]"
0001512.png,0,"[0, 6, 8]"
0001525.png,0,"[0, 6, 1]"
0001527.png,0,"[0, 6, 1]"
0001531.png,0,"[0, 3, 7]"
0001539.png,0,"[0, 9, 6]"
0001541.png,0,"[0, 6, 9]"
0001544.png,0,"[0, 6, 3]"
0001545.png,0,"[0, 6, 2]"
0001547.png,6,"[6, 0, 5]"
0001548.png,0,"[0, 8, 6]"
0001551.png,0,"[0, 6, 8]"
0001554.png,0,"[0, 6, 8]"
0001555.png,0,"[0, 6, 8]"
0001560.png,0,"[0, 6, 2]"
0001569.png,0,"[0, 6, 1]"
0001570.png,0,"[0, 6, 8]"
0001578.png,0,"[0, 6, 9]"
0001581.png,0,"[0, 9, 6]"
0001584.png,0,"[0, 6, 2]"
0001590.png,0,"[0, 8, 6]"
0001598.png,0,"[0, 8, 2]"
0001609.png,0,"[0, 6, 9]"
0001611.png,0,"[0, 8, 6]"
0001613.png,0,"[0, 6, 8]"
0001617.png,6,"[6, 9, 0]"
0001622.png,0,"[0, 6, 5]"
0001635.png,0,"[0, 9, 2]"
0001641.png,0,"[0, 6, 9]"
0001647.png,0,"[0, 8, 6]"
0001649.png,0,"[0, 9, 8]"
0001663.png,0,"[0, 6, 3]"
0001670.png,0,"[0, 6, 8]"
0001672.png,0,"[0, 6, 9]"
0001681.png,0,"[0, 9, 1]"
0001683.png,0,"[0, 8, 6]"
0001685.png,0,"[0, 2, 6]"
0001690.png,0,"[0, 6, 2]"
0001699.png,6,"[6, 0, 9]"
0001711.png,0,"[0, 2, 6]"
0001712.png,0,"[0, 6, 3]"
0001726.png,0,"[0, 6, 2]"
0001732.png,0,"[0, 6, 1]"
0001735.png,0,"[0, 9, 2]"
0001736.png,0,"[0, 6, 9]"
0001737.png,0,"[0, 7, 1]"
0001743.png,0,"[0, 6, 9]"
0001749.png,0,"[0, 6, 2]"
0001752.png,0,"[0, 6, 8]"
0001753.png,0,"[0, 6, 8]"
0001757.png,0,"[0, 8, 3]"
0001759.png,0,"[0, 2, 6]"
0001760.png,0,"[0, 8, 5]"
0001765.png,0,"[0, 6, 9]"
0001786.png,0,"[0, 1, 6]"
0001790.png,0,"[0, 6, 8]"
0001794.png,0,"[0, 6, 8]"
0001803.png,0,"[0, 6, 3]"
0001804.png,0,"[0, 6, 1]"
0001806.png,0,"[0, 8, 6]"
0001815.png,0,"[0, 7, 1]"
0001820.png,0,"[0, 6, 2]"
0001821.png,0,"[0, 6, 1]"
0001823.png,0,"[0, 8, 1]"
0001825.png,0,"[0, 1, 6]"
0001834.png,0,"[0, 8, 6]"
0001843.png,0,"[0, 2, 6]"
0001844.png,0,"[0, 6, 2]"
0001848.png,0,"[0, 6, 1]"
0001854.png,0,"[0, 6, 8]"
0001862.png,0,"[0, 8, 6]"
0001866.png,0,"[0, 6, 1]"
0001877.png,0,"[0, 1, 6]"
0001878.png,0,"[0, 6, 8]"
0001887.png,0,"[0, 6, 9]"
0001903.png,0,"[0, 8, 9]"
0001906.png,0,"[0, 7, 8]"
0001909.png,0,"[0, 1, 8]"
0001913.png,0,"[0, 6, 1]"
0001916.png,0,"[0, 6, 2]"
0001920.png,0,"[0, 8, 6]"
0001923.png,0,"[0, 8, 6]"
0001924.png,0,"[0, 6, 8]"
0001926.png,0,"[0, 6, 3]"
0001930.png,0,"[0, 6, 1]"
0001932.png,0,"[0, 6, 8]"
0001939.png,0,"[0, 6, 2]"
0001944.png,0,"[0, 6, 1]"
0001949.png,0,"[0, 9, 4]"
0001951.png,0,"[0, 6, 9]"
0001953.png,0,"[0, 8, 2]"
0001959.png,0,"[0, 8, 6]"
0001961.png,0,"[0, 1, 7]"
0001962.png,0,"[0, 6, 8]"
0001967.png,0,"[0, 9, 7]"
0001969.png,0,"[0, 9, 6]"
0001971.png,0,"[0, 6, 2]"
0001975.png,0,"[0, 6, 9]"
0001984.png,0,"[0, 6, 1]"
0001985.png,0,"[0, 6, 2]"
0001991.png,0,"[0, 6, 9]"
0001994.png,0,"[0, 8, 6]"
0001997.png,0,"[0, 2, 3]"
0002004.png,0,"[0, 8, 6]"
0002006.png,0,"[0, 6, 8]"
0002014.png,0,"[0, 6, 8]"
0002016.png,0,"[0, 6, 8]"
0002021.png,0,"[0, 8, 9]"
0002022.png,0,"[0, 6, 1]"
0002024.png,0,"[0, 6, 8]"
0002028.png,0,"[0, 6, 8]"
0002032.png,0,"[0, 6, 1]"
0002033.png,0,"[0, 9, 1]"
0002039.png,0,"[0, 6, 3]"
0002044.png,0,"[0, 8, 6]"
0002045.png,0,"[0, 6, 2]"
0002050.png,0,"[0, 8, 6]"
0002055.png,0,"[0, 1, 7]"
0002058.png,0,"[0, 6, 2]"
0002063.png,0,"[0, 2, 3]"
0002066.png,0,"[0, 6, 2]"
0002071.png,0,"[0, 6, 2]"
0002072.png,0,"[0, 6, 2]"
0002076.png,0,"[0, 6, 7]"
0002079.png,0,"[0, 2, 6]"
0002082.png,0,"[0, 6, 2]"
0002083.png,0,"[0, 9, 2]"
0002088.png,0,"[0, 6, 2]"
0002091.png,0,"[0, 6, 2]"
0002097.png,0,"[0, 6, 9]"
0002098.png,0,"[0, 1, 7]"
0002100.png,0,"[0, 8, 6]"
0002101.png,0,"[0, 6, 9]"
0002105.png,0,"[0, 8, 6]"
0002107.png,0,"[0, 6, 9]"
0002112.png,0,"[0, 6, 9]"
0002113.png,0,"[0, 6, 1]"
0002116.png,0,"[0, 8, 6]"
0002120.png,0,"[0, 6, 1]"
0002124.png,0,"[0, 6, 9]"
0002125.png,0,"[0, 2, 6]"
0002126.png,0,"[0, 6, 5]"
0002129.png,0,"[0, 8, 6]"
0002137.png,0,"[0, 6, 2]"
0002146.png,0,"[0, 6, 2]"
0002147.png,0,"[0, 2, 6]"
0002154.png,0,"[0, 6, 9]"
0002155.png,0,"[0, 2, 6]"
0002157.png,0,"[0, 6, 8]"
0002166.png,0,"[0, 6, 9]"
0002170.png,0,"[0, 6, 1]"
0002172.png,0,"[0, 6, 2]"
0002188.png,0,"[0, 8, 2]"
0002189.png,0,"[0, 5, 6]"
0002195.png,0,"[0, 6, 2]"
0002200.png,0,"[0, 2, 5]"
0002207.png,0,"[0, 6, 9]"
0002210.png,0,"[0, 2, 6]"
0002217.png,0,"[0, 6, 8]"
0002226.png,0,"[0, 6, 3]"
0002228.png,0,"[0, 6, 2]"
0002231.png,0,"[0, 6, 2]"
0002244.png,0,"[0, 6, 2]"
0002245.png,0,"[0, 2, 9]"
0002249.png,0,"[0, 6, 9]"
0002251.png,0,"[0, 6, 9]"
0002252.png,0,"[0, 1, 7]"
0002253.png,0,"[0, 1, 7]"
0002255.png,0,"[0, 2, 6]"
0002268.png,0,"[0, 6, 8]"
0002270.png,0,"[0, 6, 8]"
0002277.png,0,"[0, 6, 3]"
0002278.png,0,"[0, 6, 1]"
0002290.png,0,"[0, 6, 8]"
0002293.png,0,"[0, 6, 8]"
0002294.png,0,"[0, 6, 2]"
0002295.png,0,"[0, 2, 6]"
0002296.png,0,"[0, 8, 7]"
0002307.png,0,"[0, 6, 9]"
0002311.png,0,"[0, 6, 2]"
0002317.png,0,"[0, 6, 3]"
0002318.png,0,"[0, 6, 8]"
0002319.png,0,"[0, 2, 6]"
0002322.png,0,"[0, 6, 9]"
0002331.png,0,"[0, 6, 9]"
0002333.png,0,"[0, 9, 6]"
0002337.png,0,"[0, 6, 2]"
0002340.png,0,"[0, 6, 8]"
0002342.png,0,"[0, 6, 2]"
0002346.png,0,"[0, 6, 2]"
0002349.png,0,"[0, 9, 1]"
0002353.png,0,"[0, 8, 1]"
0002354.png,0,"[0, 6, 1]"
0002355.png,0,"[0, 6, 2]"
0002358.png,0,"[0, 6, 2]"
0002359.png,0,"[0, 2, 6]"
0002360.png,0,"[0, 6, 1]"
0002362.png,0,"[0, 6, 1]"
0002377.png,0,"[0, 6, 2]"
0002383.png,0,"[0, 9, 8]"
0002393.png,0,"[0, 6, 8]"
0002398.png,0,"[0, 6, 2]"
0002404.png,0,"[0, 6, 2]"
0002417.png,0,"[0, 6, 3]"
0002418.png,0,"[0, 6, 8]"
0002421.png,0,"[0, 6, 8]"
0002427.png,0,"[0, 2, 7]"
0002430.png,0,"[0, 6, 2]"
0002432.png,0,"[0, 6, 2]"
0002433.png,0,"[0, 5, 6]"
0002438.png,0,"[0, 6, 8]"
0002450.png,0,"[0, 9, 6]"
0002451.png,0,"[0, 1, 7]"
0002456.png,0,"[0, 6, 9]"
0002462.png,0,"[0, 6, 1]"
0002467.png,0,"[0, 6, 9]"
0002468.png,0,"[0, 6, 2]"
0002472.png,0,"[0, 6, 9]"
0002485.png,0,"[0, 8, 6]"
0002486.png,0,"[0, 1, 6]"
0002487.png,0,"[0, 6, 9]"
0002492.png,0,"[0, 6, 2]"
0002495.png,0,"[0, 2, 8]"
0002501.png,0,"[0, 8, 9]"
0002505.png,0,"[0, 8, 6]"
0002508.png,0,"[0, 6, 8]"
0002512.png,0,"[0, 7, 1]"
0002515.png,0,"[0, 1, 8]"
0002519.png,0,"[0, 5, 2]"
0002528.png,0,"[0, 6, 9]"
0002534.png,0,"[0, 8, 6]"
0002544.png,0,"[0, 6, 8]"
0002555.png,0,"[0, 6, 2]"
0002556.png,0,"[0, 6, 2]"
0002557.png,0,"[0, 6, 2]"
0002560.png,0,"[0, 8, 6]"
0002565.png,0,"[0, 6, 2]"
0002568.png,0,"[0, 6, 2]"
0002573.png,0,"[0, 2, 6]"
0002574.png,0,"[0, 6, 8]"
0002575.png,0,"[0, 6, 5]"
0002606.png,0,"[0, 6, 8]"
0002625.png,0,"[0, 8, 6]"
0002627.png,0,"[0, 2, 6]"
0002630.png,0,"[0, 2, 6]"
0002646.png,0,"[0, 6, 8]"
0002650.png,0,"[0, 8, 6]"
0002658.png,0,"[0, 6, 8]"
0002664.png,0,"[0, 6, 8]"
0002674.png,0,"[0, 6, 5]"
0002682.png,0,"[0, 6, 2]"
0002686.png,0,"[0, 2, 6]"
0002691.png,0,"[0, 2, 6]"
0002695.png,0,"[0, 9, 6]"
0002696.png,0,"[0, 6, 9]"
0002698.png,0,"[0, 6, 5]"
0002700.png,0,"[0, 6, 2]"
0002703.png,0,"[0, 9, 6]"
0002717.png,0,"[0, 6, 8]"
0002721.png,0,"[0, 8, 6]"
0002728.png,0,"[0, 6, 2]"
0002729.png,0,"[0, 6, 9]"
0002738.png,0,"[0, 6, 8]"
0002739.png,0,"[0, 8, 1]"
0002746.png,0,"[0, 8, 6]"
0002747.png,0,"[0, 6, 9]"
0002748.png,0,"[0, 6, 9]"
0002750.png,0,"[0, 6, 8]"
0002751.png,0,"[0, 6, 8]"
0002754.png,0,"[0, 8, 6]"
0002769.png,0,"[0, 2, 6]"
0002776.png,8,"[8, 0, 6]"
0002781.png,0,"[0, 6, 5]"
0002796.png,0,"[0, 3, 6]"
0002797.png,0,"[0, 6, 3]"
0002799.png,0,"[0, 6, 8]"
0002804.png,0,"[0, 6, 1]"
0002808.png,0,"[0, 6, 2]"
0002810.png,0,"[0, 7, 6]"
0002817.png,0,"[0, 1, 7]"
0002818.png,0,"[0, 1, 6]"
0002821.png,0,"[0, 6, 2]"
0002822.png,0,"[0, 6, 5]"
0002830.png,8,"[8, 0, 6]"
0002831.png,0,"[0, 9, 6]"
0002833.png,0,"[0, 1, 9]"
0002839.png,0,"[0, 9, 5]"
0002847.png,0,"[0, 6, 7]"
0002848.png,0,"[0, 6, 9]"
0002849.png,0,"[0, 8, 6]"
0002860.png,0,"[0, 6, 4]"
0002864.png,0,"[0, 6, 8]"
0002866.png,0,"[0, 6, 2]"
0002868.png,0,"[0, 6, 8]"
0002869.png,0,"[0, 6, 8]"
0002874.png,0,"[0, 6, 8]"
0002877.png,0,"[0, 6, 5]"
0002878.png,0,"[0, 6, 2]"
0002884.png,0,"[0, 6, 2]"
0002892.png,0,"[0, 6, 1]"
0002903.png,0,"[0, 6, 2]"
0002905.png,0,"[0, 6, 8]"
0002906.png,0,"[0, 6, 8]"
0002911.png,0,"[0, 4, 6]"
0002912.png,0,"[0, 6, 8]"
0002913.png,0,"[0, 8, 9]"
0002934.png,0,"[0, 6, 8]"
0002941.png,0,"[0, 6, 9]"
0002947.png,0,"[0, 6, 9]"
0002949.png,9,"[9, 0, 6]"
0002953.png,0,"[0, 2, 1]"
0002964.png,0,"[0, 6, 8]"
0002966.png,0,"[0, 6, 9]"
0002968.png,0,"[0, 8, 7]"
0002969.png,0,"[0, 6, 7]"
0002973.png,0,"[0, 6, 9]"
0002977.png,0,"[0, 6, 2]"
0002979.png,0,"[0, 7, 2]"
0002980.png,0,"[0, 1, 6]"
0002983.png,0,"[0, 6, 2]"
0002984.png,0,"[0, 8, 2]"
0002989.png,0,"[0, 6, 2]"
0002991.png,0,"[0, 2, 1]"
0002997.png,0,"[0, 6, 2]"
0002999.png,0,"[0, 6, 2]"
0003002.png,0,"[0, 6, 1]"
0003004.png,0,"[0, 1, 8]"
0003010.png,0,"[0, 6, 8]"
0003013.png,0,"[0, 6, 5]"
0003014.png,0,"[0, 8, 6]"
0003020.png,0,"[0, 6, 2]"
0003024.png,0,"[0, 6, 2]"
0003031.png,0,"[0, 6, 2]"
0003032.png,0,"[0, 8, 6]"
0003033.png,0,"[0, 9, 6]"
0003042.png,0,"[0, 8, 6]"
0003062.png,0,"[0, 6, 8]"
0003069.png,0,"[0, 2, 6]"
0003074.png,0,"[0, 6, 2]"
0003080.png,0,"[0, 6, 3]"
0003088.png,0,"[0, 2, 7]"
0003105.png,0,"[0, 8, 6]"
0003126.png,0,"[0, 8, 6]"
0003127.png,0,"[0, 6, 8]"
0003139.png,0,"[0, 2, 3]"
0003141.png,0,"[0, 6, 9]"
0003142.png,0,"[0, 6, 3]"
0003143.png,0,"[0, 2, 6]"
0003149.png,0,"[0, 2, 8]"
0003151.png,0,"[0, 6, 2]"
0003152.png,0,"[0, 6, 5]"
0003163.png,0,"[0, 6, 8]"
0003175.png,0,"[0, 6, 2]"
0003184.png,0,"[0, 1, 6]"
0003192.png,0,"[0, 6, 8]"
0003198.png,0,"[0, 6, 8]"
0003204.png,0,"[0, 6, 8]"
0003208.png,0,"[0, 6, 9]"
0003213.png,0,"[0, 2, 9]"
0003220.png,0,"[0, 6, 1]"
0003235.png,0,"[0, 6, 2]"
0003240.png,0,"[0, 6, 2]"
0003247.png,0,"[0, 9, 6]"
0003248.png,0,"[0, 2, 8]"
0003258.png,0,"[0, 6, 9]"
0003259.png,0,"[0, 8, 2]"
0003267.png,0,"[0, 6, 9]"
0003268.png,0,"[0, 6, 1]"
0003269.png,0,"[0, 9, 6]"
0003272.png,0,"[0, 6, 8]"
0003275.png,0,"[0, 6, 3]"
0003279.png,0,"[0, 6, 8]"
0003280.png,0,"[0, 6, 1]"
0003281.png,0,"[0, 9, 6]"
0003283.png,0,"[0, 7, 2]"
0003284.png,0,"[0, 6, 4]"
0003292.png,0,"[0, 1, 7]"
0003293.png,0,"[0, 1, 7]"
0003301.png,0,"[0, 2, 6]"
0003316.png,0,"[0, 6, 8]"
0003317.png,0,"[0, 6, 9]"
0003319.png,0,"[0, 8, 2]"
0003320.png,0,"[0, 6, 1]"
0003323.png,0,"[0, 9, 2]"
0003325.png,0,"[0, 9, 6]"
0003326.png,0,"[0, 6, 8]"
0003343.png,0,"[0, 2, 8]"
0003345.png,0,"[0, 8, 2]"
0003351.png,0,"[0, 6, 2]"
0003356.png,0,"[0, 6, 8]"
0003365.png,0,"[0, 1, 9]"
0003373.png,0,"[0, 8, 9]"
0003379.png,0,"[0, 6, 9]"
0003388.png,0,"[0, 6, 2]"
0003393.png,0,"[0, 6, 8]"
0003394.png,0,"[0, 6, 3]"
0003395.png,0,"[0, 2, 3]"
0003402.png,0,"[0, 6, 9]"
0003409.png,0,"[0, 6, 9]"
0003417.png,0,"[0, 6, 9]"
0003418.png,0,"[0, 6, 9]"
0003430.png,0,"[0, 8, 6]"
0003436.png,0,"[0, 6, 9]"
0003437.png,0,"[0, 6, 1]"
0003438.png,0,"[0, 6, 1]"
0003439.png,0,"[0, 6, 9]"
0003441.png,0,"[0, 2, 3]"
0003442.png,0,"[0, 6, 1]"
0003443.png,0,"[0, 8, 7]"
0003445.png,0,"[0, 6, 2]"
0003446.png,0,"[0, 6, 8]"
0003449.png,0,"[0, 6, 9]"
0003452.png,0,"[0, 6, 8]"
0003461.png,0,"[0, 6, 8]"
0003463.png,0,"[0, 6, 9]"
0003468.png,0,"[0, 6, 9]"
0003470.png,0,"[0, 8, 6]"
0003473.png,0,"[0, 6, 2]"
0003475.png,0,"[0, 6, 2]"
0003480.png,0,"[0, 8, 7]"
0003483.png,0,"[0, 6, 2]"
0003484.png,0,"[0, 8, 1]"
0003496.png,0,"[0, 6, 8]"
0003500.png,0,"[0, 6, 9]"
0003509.png,0,"[0, 6, 2]"
0003514.png,0,"[0, 6, 8]"
0003515.png,0,"[0, 8, 6]"
0003516.png,0,"[0, 6, 7]"
0003518.png,0,"[0, 6, 9]"
0003530.png,0,"[0, 8, 6]"
0003531.png,0,"[0, 8, 1]"
0003545.png,0,"[0, 1, 7]"
0003547.png,0,"[0, 3, 9]"
0003550.png,0,"[0, 6, 8]"
0003551.png,0,"[0, 8, 7]"
0003553.png,0,"[0, 8, 2]"
0003566.png,0,"[0, 6, 9]"
0003570.png,0,"[0, 6, 8]"
0003574.png,0,"[0, 6, 5]"
0003577.png,0,"[0, 8, 6]"
0003580.png,0,"[0, 6, 2]"
0003582.png,0,"[0, 6, 8]"
0003589.png,0,"[0, 6, 9]"
0003591.png,0,"[0, 8, 6]"
0003598.png,0,"[0, 6, 1]"
0003613.png,0,"[0, 6, 5]"
0003622.png,0,"[0, 2, 6]"
0003637.png,0,"[0, 3, 6]"
0003641.png,0,"[0, 6, 2]"
0003646.png,0,"[0, 6, 8]"
0003648.png,0,"[0, 6, 8]"
0003649.png,0,"[0, 6, 2]"
0003650.png,0,"[0, 6, 8]"
0003653.png,0,"[0, 9, 6]"
0003657.png,0,"[0, 6, 3]"
0003667.png,0,"[0, 9, 6]"
0003668.png,0,"[0, 6, 2]"
0003669.png,0,"[0, 6, 5]"
0003672.png,0,"[0, 6, 8]"
0003673.png,0,"[0, 8, 6]"
0003677.png,0,"[0, 1, 2]"
0003678.png,0,"[0, 6, 8]"
0003683.png,0,"[0, 6, 5]"
0003685.png,0,"[0, 6, 9]"
0003687.png,0,"[0, 6, 9]"
0003694.png,0,"[0, 6, 9]"
0003697.png,0,"[0, 6, 8]"
0003703.png,6,"[6, 0, 9]"
0003704.png,0,"[0, 6, 2]"
0003707.png,0,"[0, 6, 8]"
0003708.png,0,"[0, 6, 9]"
0003710.png,0,"[0, 6, 1]"
0003712.png,0,"[0, 6, 9]"
0003714.png,0,"[0, 6, 2]"
0003716.png,0,"[0, 1, 7]"
0003720.png,0,"[0, 6, 1]"
0003731.png,0,"[0, 7, 1]"
0003736.png,0,"[0, 6, 8]"
0003740.png,0,"[0, 2, 8]"
0003744.png,0,"[0, 6, 2]"
0003745.png,0,"[0, 2, 6]"
0003748.png,0,"[0, 6, 8]"
0003749.png,0,"[0, 6, 1]"
0003753.png,0,"[0, 6, 2]"
0003754.png,0,"[0, 6, 8]"
0003760.png,0,"[0, 6, 2]"
0003764.png,0,"[0, 6, 3]"
0003768.png,0,"[0, 6, 9]"
0003769.png,0,"[0, 6, 9]"
0003772.png,0,"[0, 6, 2]"
0003774.png,0,"[0, 6, 8]"
0003786.png,0,"[0, 6, 2]"
0003787.png,0,"[0, 2, 6]"
0003788.png,0,"[0, 1, 6]"
0003793.png,0,"[0, 3, 6]"
0003805.png,0,"[0, 9, 2]"
0003812.png,0,"[0, 8, 6]"
0003816.png,0,"[0, 6, 1]"
0003822.png,0,"[0, 6, 1]"
0003829.png,0,"[0, 8, 6]"
0003840.png,0,"[0, 6, 8]"
0003850.png,0,"[0, 6, 8]"
0003855.png,0,"[0, 2, 8]"
0003861.png,0,"[0, 6, 2]"
0003877.png,0,"[0, 6, 9]"
0003880.png,0,"[0, 8, 6]"
0003889.png,0,"[0, 6, 3]"
0003895.png,0,"[0, 6, 7]"
0003898.png,0,"[0, 6, 9]"
0003902.png,6,"[6, 0, 8]"
0003907.png,0,"[0, 8, 6]"
0003914.png,0,"[0, 8, 2]"
0003923.png,0,"[0, 4, 6]"
0003925.png,0,"[0, 6, 2]"
0003932.png,0,"[0, 6, 8]"
0003935.png,0,"[0, 1, 7]"
0003938.png,0,"[0, 1, 6]"
0003944.png,0,"[0, 6, 2]"
0003946.png,0,"[0, 6, 2]"
0003952.png,0,"[0, 6, 2]"
0003954.png,0,"[0, 9, 6]"
0003956.png,0,"[0, 6, 1]"
0003959.png,0,"[0, 2, 6]"
0003963.png,0,"[0, 6, 2]"
0003970.png,0,"[0, 3, 2]"
0003973.png,0,"[0, 6, 8]"
0003976.png,0,"[0, 6, 8]"
0003982.png,0,"[0, 6, 1]"
0003983.png,0,"[0, 9, 6]"
0003985.png,0,"[0, 6, 2]"
0003992.png,0,"[0, 6, 1]"
0003994.png,0,"[0, 6, 3]"
0003997.png,0,"[0, 2, 6]"
0004004.png,0,"[0, 6, 1]"
0004013.png,0,"[0, 6, 8]"
0004015.png,0,"[0, 6, 2]"
0004027.png,0,"[0, 2, 5]"
0004038.png,0,"[0, 6, 1]"
0004043.png,0,"[0, 6, 2]"
0004046.png,0,"[0, 6, 5]"
0004051.png,0,"[0, 6, 2]"
0004058.png,0,"[0, 6, 8]"
0004063.png,0,"[0, 8, 1]"
0004066.png,0,"[0, 8, 6]"
0004067.png,0,"[0, 8, 4]"
0004068.png,6,"[6, 0, 5]"
0004069.png,0,"[0, 6, 9]"
0004074.png,0,"[0, 6, 9]"
0004078.png,0,"[0, 6, 8]"
0004082.png,0,"[0, 6, 1]"
0004084.png,0,"[0, 6, 8]"
0004085.png,0,"[0, 6, 2]"
0004086.png,0,"[0, 6, 8]"
0004093.png,0,"[0, 1, 7]"
0004097.png,0,"[0, 6, 5]"
0004105.png,0,"[0, 1, 6]"
0004110.png,0,"[0, 6, 2]"
0004115.png,0,"[0, 6, 9]"
0004138.png,0,"[0, 6, 8]"
0004144.png,0,"[0, 6, 1]"
0004145.png,0,"[0, 8, 1]"
0004148.png,0,"[0, 6, 2]"
0004155.png,0,"[0, 6, 2]"
0004158.png,0,"[0, 6, 8]"
0004162.png,0,"[0, 6, 9]"
0004167.png,0,"[0, 2, 5]"
0004169.png,0,"[0, 6, 9]"
0004171.png,0,"[0, 1, 9]"
0004176.png,0,"[0, 9, 6]"
0004178.png,0,"[0, 2, 7]"
0004186.png,0,"[0, 6, 8]"
0004198.png,0,"[0, 7, 4]"
0004208.png,0,"[0, 6, 1]"
0004212.png,0,"[0, 8, 6]"
0004216.png,0,"[0, 6, 8]"
0004217.png,0,"[0, 6, 5]"
0004221.png,0,"[0, 9, 6]"
0004226.png,0,"[0, 6, 1]"
0004231.png,0,"[0, 6, 2]"
0004232.png,0,"[0, 6, 2]"
0004238.png,0,"[0, 6, 5]"
0004241.png,0,"[0, 6, 2]"
0004245.png,0,"[0, 6, 3]"
0004248.png,0,"[0, 6, 2]"
0004251.png,0,"[0, 1, 9]"
0004256.png,0,"[0, 8, 9]"
0004268.png,0,"[0, 1, 7]"
0004271.png,0,"[0, 6, 2]"
0004273.png,0,"[0, 1, 8]"
0004276.png,0,"[0, 6, 2]"
0004279.png,0,"[0, 7, 1]"
0004281.png,0,"[0, 1, 6]"
0004307.png,0,"[0, 6, 8]"
0004315.png,0,"[0, 6, 8]"
0004317.png,0,"[0, 6, 1]"
0004319.png,0,"[0, 6, 3]"
0004325.png,0,"[0, 6, 2]"
0004327.png,0,"[0, 6, 2]"
0004330.png,0,"[0, 6, 1]"
0004335.png,0,"[0, 6, 1]"
0004336.png,0,"[0, 6, 2]"
0004339.png,0,"[0, 6, 8]"
0004344.png,0,"[0, 6, 8]"
0004345.png,0,"[0, 2, 6]"
0004347.png,0,"[0, 6, 2]"
0004357.png,0,"[0, 2, 6]"
0004369.png,0,"[0, 6, 8]"
0004372.png,0,"[0, 6, 1]"
0004373.png,0,"[0, 6, 9]"
0004378.png,0,"[0, 7, 2]"
0004383.png,0,"[0, 6, 2]"
0004391.png,0,"[0, 6, 1]"
0004407.png,0,"[0, 6, 5]"
0004409.png,2,"[2, 9, 3]"
0004410.png,0,"[0, 8, 2]"
0004418.png,0,"[0, 6, 9]"
0004419.png,0,"[0, 6, 2]"
0004429.png,0,"[0, 6, 2]"
0004431.png,0,"[0, 8, 9]"
0004438.png,0,"[0, 6, 2]"
0004441.png,0,"[0, 2, 6]"
0004450.png,0,"[0, 6, 9]"
0004453.png,0,"[0, 6, 1]"
0004454.png,0,"[0, 6, 1]"
0004456.png,0,"[0, 6, 1]"
0004457.png,0,"[0, 8, 1]"
0004460.png,0,"[0, 2, 6]"
0004461.png,2,"[2, 3, 0]"
0004480.png,0,"[0, 6, 1]"
0004481.png,0,"[0, 1, 8]"
0004490.png,0,"[0, 2, 6]"
0004491.png,0,"[0, 3, 2]"
0004493.png,0,"[0, 2, 6]"
0004496.png,0,"[0, 8, 6]"
0004497.png,0,"[0, 6, 2]"
0004502.png,0,"[0, 6, 2]"
0004506.png,0,"[0, 6, 1]"
0004507.png,0,"[0, 2, 6]"
0004509.png,0,"[0, 6, 2]"
0004510.png,0,"[0, 2, 6]"
0004511.png,0,"[0, 2, 3]"
0004514.png,6,"[6, 0, 8]"
0004518.png,0,"[0, 8, 6]"
0004524.png,0,"[0, 6, 8]"
0004525.png,0,"[0, 6, 9]"
0004528.png,0,"[0, 6, 3]"
0004537.png,0,"[0, 2, 6]"
0004540.png,0,"[0, 7, 1]"
0004550.png,0,"[0, 8, 6]"
0004552.png,0,"[0, 6, 8]"
0004554.png,0,"[0, 1, 8]"
0004557.png,0,"[0, 3, 6]"
0004558.png,0,"[0, 6, 1]"
0004560.png,0,"[0, 6, 9]"
0004563.png,0,"[0, 8, 6]"
0004567.png,0,"[0, 6, 9]"
0004570.png,0,"[0, 6, 3]"
0004572.png,0,"[0, 6, 9]"
0004574.png,0,"[0, 6, 8]"
0004583.png,0,"[0, 6, 8]"
0004593.png,0,"[0, 6, 2]"
0004616.png,0,"[0, 6, 8]"
0004625.png,0,"[0, 6, 2]"
0004629.png,0,"[0, 6, 3]"
0004630.png,0,"[0, 1, 7]"
0004635.png,0,"[0, 6, 9]"
0004640.png,1,"[1, 0, 3]"
0004648.png,0,"[0, 6, 3]"
0004659.png,0,"[0, 8, 3]"
0004663.png,0,"[0, 6, 8]"
0004664.png,0,"[0, 8, 6]"
0004667.png,0,"[0, 3, 2]"
0004670.png,0,"[0, 8, 6]"
0004675.png,0,"[0, 6, 8]"
0004680.png,0,"[0, 6, 3]"
0004682.png,0,"[0, 8, 6]"
0004687.png,0,"[0, 6, 9]"
0004696.png,0,"[0, 6, 8]"
0004708.png,0,"[0, 6, 2]"
0004709.png,0,"[0, 2, 6]"
0004715.png,0,"[0, 6, 2]"
0004720.png,0,"[0, 8, 9]"
0004725.png,0,"[0, 6, 5]"
0004728.png,0,"[0, 8, 6]"
0004731.png,0,"[0, 6, 1]"
0004732.png,0,"[0, 6, 9]"
0004737.png,0,"[0, 6, 2]"
0004749.png,0,"[0, 2, 6]"
0004758.png,0,"[0, 6, 1]"
0004792.png,0,"[0, 6, 1]"
0004793.png,0,"[0, 6, 8]"
0004797.png,0,"[0, 6, 9]"
0004798.png,0,"[0, 7, 8]"
0004801.png,0,"[0, 9, 1]"
0004810.png,0,"[0, 6, 1]"
0004813.png,0,"[0, 6, 8]"
0004819.png,0,"[0, 8, 9]"
0004823.png,0,"[0, 6, 8]"
0004829.png,0,"[0, 5, 8]"
0004833.png,0,"[0, 1, 7]"
0004844.png,0,"[0, 6, 2]"
0004859.png,0,"[0, 6, 2]"
0004868.png,0,"[0, 6, 7]"
0004879.png,0,"[0, 6, 9]"
0004882.png,0,"[0, 6, 2]"
0004900.png,0,"[0, 6, 2]"
0004903.png,2,"[2, 9, 6]"
0004905.png,0,"[0, 6, 8]"
0004912.png,0,"[0, 6, 8]"
0004914.png,0,"[0, 6, 8]"
0004916.png,0,"[0, 6, 3]"
0004918.png,0,"[0, 6, 2]"
0004927.png,0,"[0, 1, 7]"
0004928.png,0,"[0, 8, 6]"
0004930.png,0,"[0, 6, 1]"
0004933.png,0,"[0, 1, 2]"
0004938.png,0,"[0, 6, 9]"
0004941.png,0,"[0, 1, 7]"
0004942.png,0,"[0, 1, 7]"
0004945.png,0,"[0, 8, 4]"
0004948.png,0,"[0, 6, 7]"
0004949.png,0,"[0, 8, 2]"
0004953.png,0,"[0, 6, 8]"
0004960.png,0,"[0, 6, 9]"
0004972.png,0,"[0, 6, 8]"
0004978.png,0,"[0, 6, 3]"
0004979.png,0,"[0, 2, 6]"
0004982.png,0,"[0, 6, 2]"
0004990.png,0,"[0, 6, 5]"
0004995.png,0,"[0, 6, 9]"
0005005.png,0,"[0, 9, 6]"
0005009.png,0,"[0, 6, 2]"
0005010.png,0,"[0, 6, 2]"
0005014.png,0,"[0, 8, 6]"
0005019.png,0,"[0, 2, 9]"
0005023.png,1,"[1, 8, 0]"
0005024.png,0,"[0, 6, 1]"
0005027.png,0,"[0, 6, 8]"
0005030.png,0,"[0, 6, 5]"
0005055.png,0,"[0, 6, 2]"
0005059.png,0,"[0, 2, 8]"
0005060.png,0,"[0, 1, 6]"
0005069.png,0,"[0, 6, 9]"
0005070.png,0,"[0, 6, 2]"
0005072.png,0,"[0, 6, 8]"
0005087.png,0,"[0, 6, 2]"
0005096.png,0,"[0, 6, 2]"
0005100.png,0,"[0, 6, 3]"
0005106.png,0,"[0, 6, 3]"
0005110.png,0,"[0, 6, 8]"
0005119.png,0,"[0, 7, 2]"
0005120.png,0,"[0, 8, 6]"
0005125.png,0,"[0, 8, 1]"
0005126.png,0,"[0, 6, 9]"
0005129.png,0,"[0, 6, 3]"
0005138.png,0,"[0, 6, 8]"
0005149.png,0,"[0, 6, 8]"
0005161.png,0,"[0, 6, 8]"
0005168.png,0,"[0, 6, 2]"
0005173.png,0,"[0, 9, 8]"
0005177.png,0,"[0, 6, 2]"
0005180.png,0,"[0, 6, 2]"
0005181.png,0,"[0, 2, 6]"
0005188.png,0,"[0, 2, 6]"
0005189.png,0,"[0, 6, 2]"
0005202.png,0,"[0, 6, 8]"
0005203.png,0,"[0, 1, 8]"
0005204.png,0,"[0, 6, 9]"
0005206.png,0,"[0, 6, 8]"
0005208.png,0,"[0, 6, 4]"
0005217.png,0,"[0, 6, 2]"
0005224.png,0,"[0, 6, 9]"
0005227.png,0,"[0, 6, 2]"
0005228.png,0,"[0, 6, 2]"
0005230.png,0,"[0, 6, 9]"
0005236.png,0,"[0, 2, 3]"
0005237.png,0,"[0, 8, 9]"
0005241.png,0,"[0, 6, 1]"
0005244.png,0,"[0, 6, 2]"
0005245.png,0,"[0, 2, 6]"
0005253.png,0,"[0, 6, 2]"
0005254.png,2,"[2, 0, 4]"
0005257.png,0,"[0, 2, 6]"
0005263.png,0,"[0, 6, 9]"
0005265.png,0,"[0, 9, 6]"
0005267.png,0,"[0, 8, 2]"
0005268.png,0,"[0, 6, 2]"
0005269.png,0,"[0, 6, 2]"
0005272.png,0,"[0, 6, 8]"
0005274.png,0,"[0, 6, 1]"
0005277.png,0,"[0, 2, 6]"
0005283.png,0,"[0, 6, 5]"
0005285.png,0,"[0, 6, 3]"
0005294.png,0,"[0, 6, 8]"
0005297.png,0,"[0, 6, 8]"
0005299.png,0,"[0, 8, 6]"
0005302.png,0,"[0, 8, 6]"
0005304.png,0,"[0, 6, 8]"
0005305.png,0,"[0, 6, 8]"
0005316.png,0,"[0, 6, 2]"
0005324.png,0,"[0, 6, 8]"
0005331.png,0,"[0, 6, 8]"
0005340.png,0,"[0, 8, 6]"
0005342.png,0,"[0, 6, 8]"
0005344.png,0,"[0, 6, 9]"
0005352.png,0,"[0, 6, 8]"
0005353.png,0,"[0, 6, 5]"
0005354.png,0,"[0, 6, 1]"
0005358.png,0,"[0, 6, 1]"
0005361.png,0,"[0, 2, 6]"
0005362.png,0,"[0, 1, 6]"
0005376.png,0,"[0, 6, 2]"
0005380.png,0,"[0, 6, 8]"
0005384.png,0,"[0, 1, 9]"
0005388.png,0,"[0, 8, 6]"
0005389.png,0,"[0, 8, 3]"
0005392.png,0,"[0, 1, 8]"
0005397.png,0,"[0, 6, 8]"
0005404.png,0,"[0, 6, 1]"
0005406.png,0,"[0, 1, 6]"
0005416.png,0,"[0, 6, 8]"
0005420.png,0,"[0, 6, 2]"
0005425.png,0,"[0, 6, 2]"
0005435.png,0,"[0, 6, 3]"
0005437.png,0,"[0, 6, 2]"
0005441.png,0,"[0, 6, 1]"
0005444.png,0,"[0, 6, 8]"
0005449.png,0,"[0, 6, 3]"
0005450.png,0,"[0, 7, 6]"
0005452.png,0,"[0, 6, 2]"
0005454.png,0,"[0, 8, 9]"
0005461.png,0,"[0, 6, 9]"
0005466.png,0,"[0, 6, 2]"
0005486.png,0,"[0, 6, 8]"
0005500.png,0,"[0, 6, 2]"
0005504.png,0,"[0, 6, 9]"
0005507.png,0,"[0, 6, 5]"
0005510.png,0,"[0, 6, 2]"
0005511.png,0,"[0, 8, 9]"
0005515.png,0,"[0, 6, 3]"
0005522.png,0,"[0, 6, 8]"
0005533.png,0,"[0, 6, 2]"
0005535.png,0,"[0, 1, 7]"
0005537.png,0,"[0, 2, 6]"
0005538.png,0,"[0, 6, 8]"
0005541.png,0,"[0, 6, 5]"
0005544.png,0,"[0, 6, 8]"
0005546.png,0,"[0, 6, 8]"
0005549.png,0,"[0, 6, 2]"
0005552.png,8,"[8, 0, 6]"
0005565.png,0,"[0, 9, 6]"
0005568.png,0,"[0, 6, 9]"
0005575.png,0,"[0, 2, 1]"
0005579.png,0,"[0, 6, 3]"
0005581.png,0,"[0, 5, 6]"
0005583.png,0,"[0, 1, 6]"
0005593.png,0,"[0, 9, 2]"
0005596.png,0,"[0, 6, 1]"
0005597.png,0,"[0, 6, 3]"
0005598.png,0,"[0, 6, 2]"
0005599.png,0,"[0, 6, 9]"
0005613.png,0,"[0, 6, 9]"
0005616.png,0,"[0, 6, 8]"
0005620.png,0,"[0, 6, 1]"
0005623.png,0,"[0, 6, 9]"
0005624.png,0,"[0, 8, 6]"
0005626.png,0,"[0, 6, 1]"
0005631.png,0,"[0, 2, 9]"
0005641.png,0,"[0, 6, 7]"
0005645.png,0,"[0, 1, 2]"
0005646.png,0,"[0, 6, 2]"
0005651.png,0,"[0, 2, 6]"
0005655.png,0,"[0, 6, 9]"
0005658.png,0,"[0, 6, 2]"
0005679.png,0,"[0, 8, 6]"
0005683.png,0,"[0, 6, 5]"
0005686.png,0,"[0, 6, 9]"
0005687.png,0,"[0, 6, 2]"
0005708.png,0,"[0, 8, 6]"
0005709.png,0,"[0, 8, 6]"
0005726.png,0,"[0, 1, 6]"
0005727.png,0,"[0, 1, 7]"
0005733.png,0,"[0, 6, 2]"
0005739.png,0,"[0, 7, 6]"
0005740.png,0,"[0, 6, 9]"
0005741.png,0,"[0, 2, 6]"
0005744.png,0,"[0, 6, 1]"
0005746.png,0,"[0, 8, 6]"
0005747.png,0,"[0, 6, 2]"
0005749.png,0,"[0, 9, 6]"
0005752.png,0,"[0, 6, 8]"
0005761.png,0,"[0, 6, 1]"
0005765.png,0,"[0, 2, 3]"
0005766.png,0,"[0, 8, 6]"
0005774.png,0,"[0, 8, 6]"
0005775.png,0,"[0, 2, 9]"
0005776.png,0,"[0, 6, 8]"
0005779.png,0,"[0, 8, 6]"
0005780.png,0,"[0, 6, 1]"
0005782.png,0,"[0, 8, 6]"
0005783.png,0,"[0, 6, 8]"
0005788.png,0,"[0, 8, 6]"
0005790.png,0,"[0, 6, 8]"
0005791.png,0,"[0, 8, 1]"
0005797.png,0,"[0, 8, 2]"
0005798.png,0,"[0, 2, 6]"
0005799.png,0,"[0, 2, 1]"
0005802.png,0,"[0, 8, 6]"
0005803.png,0,"[0, 1, 8]"
0005805.png,0,"[0, 6, 8]"
0005813.png,7,"[7, 0, 3]"
0005823.png,0,"[0, 3, 6]"
0005830.png,0,"[0, 1, 8]"
0005832.png,0,"[0, 6, 1]"
0005837.png,3,"[3, 2, 0]"
0005839.png,0,"[0, 8, 2]"
0005843.png,0,"[0, 6, 8]"
0005848.png,0,"[0, 8, 6]"
0005866.png,0,"[0, 6, 2]"
0005868.png,0,"[0, 6, 8]"
0005872.png,0,"[0, 6, 2]"
0005877.png,0,"[0, 6, 2]"
0005878.png,0,"[0, 6, 9]"
0005879.png,0,"[0, 6, 3]"
0005880.png,0,"[0, 8, 6]"
0005885.png,0,"[0, 6, 2]"
0005892.png,0,"[0, 6, 1]"
0005897.png,0,"[0, 2, 6]"
0005898.png,0,"[0, 6, 2]"
0005902.png,0,"[0, 6, 8]"
0005903.png,0,"[0, 6, 8]"
0005907.png,0,"[0, 6, 9]"
0005922.png,0,"[0, 6, 8]"
0005928.png,0,"[0, 6, 1]"
0005931.png,0,"[0, 6, 8]"
0005933.png,0,"[0, 6, 8]"
0005949.png,6,"[6, 0, 5]"
0005952.png,0,"[0, 6, 9]"
0005953.png,0,"[0, 2, 8]"
0005955.png,0,"[0, 6, 9]"
0005956.png,0,"[0, 6, 8]"
0005958.png,0,"[0, 6, 2]"
0005959.png,0,"[0, 6, 5]"
0005961.png,0,"[0, 6, 9]"
0005962.png,0,"[0, 6, 2]"
0005965.png,0,"[0, 8, 6]"
0005977.png,0,"[0, 6, 2]"
0005983.png,0,"[0, 2, 5]"
0005992.png,0,"[0, 6, 2]"
0005996.png,0,"[0, 6, 8]"
0006002.png,0,"[0, 6, 5]"
0006005.png,0,"[0, 6, 2]"
0006007.png,0,"[0, 8, 2]"
0006009.png,0,"[0, 6, 2]"
0006011.png,0,"[0, 2, 6]"
0006027.png,0,"[0, 8, 6]"
0006034.png,0,"[0, 6, 8]"
0006035.png,0,"[0, 6, 8]"
0006044.png,0,"[0, 6, 8]"
0006072.png,0,"[0, 8, 6]"
0006081.png,0,"[0, 6, 2]"
0006086.png,0,"[0, 6, 5]"
0006089.png,0,"[0, 6, 9]"
0006091.png,0,"[0, 9, 6]"
0006107.png,0,"[0, 2, 6]"
0006108.png,6,"[6, 0, 9]"
0006112.png,6,"[6, 2, 9]"
0006115.png,6,"[6, 9, 2]"
0006117.png,0,"[0, 6, 5]"
0006123.png,0,"[0, 1, 6]"
0006127.png,0,"[0, 8, 6]"
0006128.png,0,"[0, 6, 2]"
0006130.png,0,"[0, 6, 8]"
0006136.png,0,"[0, 6, 8]"
0006140.png,0,"[0, 6, 1]"
0006141.png,0,"[0, 6, 8]"
0006165.png,0,"[0, 1, 7]"
0006176.png,0,"[0, 8, 6]"
0006182.png,0,"[0, 6, 2]"
0006193.png,0,"[0, 8, 6]"
0006196.png,0,"[0, 8, 7]"
0006199.png,0,"[0, 6, 9]"
0006205.png,0,"[0, 2, 6]"
0006211.png,0,"[0, 6, 8]"
0006212.png,0,"[0, 6, 2]"
0006214.png,0,"[0, 6, 8]"
0006217.png,0,"[0, 6, 9]"
0006222.png,0,"[0, 6, 2]"
0006227.png,0,"[0, 2, 3]"
0006256.png,0,"[0, 1, 7]"
0006257.png,0,"[0, 1, 7]"
0006259.png,0,"[0, 2, 6]"
0006265.png,0,"[0, 2, 6]"
0006276.png,0,"[0, 6, 1]"
0006285.png,0,"[0, 3, 8]"
0006288.png,0,"[0, 6, 2]"
0006290.png,0,"[0, 6, 2]"
0006292.png,0,"[0, 8, 6]"
0006293.png,0,"[0, 2, 8]"
0006299.png,0,"[0, 8, 6]"
0006300.png,0,"[0, 6, 2]"
0006302.png,0,"[0, 6, 1]"
0006309.png,0,"[0, 6, 2]"
0006336.png,0,"[0, 6, 9]"
0006343.png,0,"[0, 6, 9]"
0006346.png,0,"[0, 6, 4]"
0006350.png,0,"[0, 6, 8]"
0006354.png,0,"[0, 6, 8]"
0006360.png,0,"[0, 6, 2]"
0006363.png,0,"[0, 3, 7]"
0006364.png,0,"[0, 6, 8]"
0006366.png,0,"[0, 6, 2]"
0006375.png,0,"[0, 6, 1]"
0006378.png,0,"[0, 6, 2]"
0006379.png,0,"[0, 8, 2]"
0006381.png,0,"[0, 6, 8]"
0006388.png,0,"[0, 6, 2]"
0006391.png,0,"[0, 8, 6]"
0006395.png,0,"[0, 2, 9]"
0006403.png,0,"[0, 6, 9]"
0006407.png,0,"[0, 6, 2]"
0006410.png,0,"[0, 6, 2]"
0006411.png,0,"[0, 2, 6]"
0006432.png,6,"[6, 0, 9]"
0006443.png,0,"[0, 6, 3]"
0006444.png,0,"[0, 6, 5]"
0006446.png,0,"[0, 6, 2]"
0006448.png,0,"[0, 6, 2]"
0006450.png,0,"[0, 6, 2]"
0006460.png,0,"[0, 6, 2]"
0006463.png,0,"[0, 8, 2]"
0006473.png,0,"[0, 6, 8]"
0006496.png,0,"[0, 6, 2]"
0006500.png,0,"[0, 8, 6]"
0006501.png,0,"[0, 8, 6]"
0006505.png,0,"[0, 6, 3]"
0006508.png,0,"[0, 1, 2]"
0006521.png,0,"[0, 2, 6]"
0006528.png,0,"[0, 6, 5]"
0006529.png,0,"[0, 6, 8]"
0006530.png,0,"[0, 6, 2]"
0006531.png,0,"[0, 2, 6]"
0006536.png,0,"[0, 3, 2]"
0006537.png,0,"[0, 6, 2]"
0006541.png,0,"[0, 8, 2]"
0006543.png,0,"[0, 6, 2]"
0006546.png,0,"[0, 6, 1]"
0006553.png,0,"[0, 8, 6]"
0006556.png,0,"[0, 1, 6]"
0006561.png,0,"[0, 2, 8]"
0006563.png,0,"[0, 8, 6]"
0006564.png,0,"[0, 6, 8]"
0006568.png,0,"[0, 6, 1]"
0006571.png,0,"[0, 8, 1]"
0006572.png,0,"[0, 6, 1]"
0006580.png,0,"[0, 6, 2]"
0006587.png,0,"[0, 8, 6]"
0006608.png,0,"[0, 6, 2]"
0006609.png,0,"[0, 6, 2]"
0006616.png,0,"[0, 6, 2]"
0006620.png,0,"[0, 6, 8]"
0006628.png,0,"[0, 6, 2]"
0006632.png,0,"[0, 6, 8]"
0006636.png,0,"[0, 6, 9]"
0006644.png,8,"[8, 0, 6]"
0006649.png,0,"[0, 6, 5]"
0006653.png,0,"[0, 6, 5]"
0006677.png,0,"[0, 6, 2]"
0006678.png,0,"[0, 6, 1]"
0006680.png,0,"[0, 6, 1]"
0006681.png,0,"[0, 6, 8]"
0006684.png,0,"[0, 2, 6]"
0006689.png,0,"[0, 2, 8]"
0006696.png,0,"[0, 6, 2]"
0006697.png,0,"[0, 8, 6]"
0006698.png,0,"[0, 6, 1]"
0006699.png,0,"[0, 6, 3]"
0006703.png,0,"[0, 6, 8]"
0006706.png,0,"[0, 6, 1]"
0006710.png,0,"[0, 9, 7]"
0006716.png,0,"[0, 6, 8]"
0006717.png,0,"[0, 8, 6]"
0006725.png,0,"[0, 2, 9]"
0006739.png,0,"[0, 6, 3]"
0006746.png,0,"[0, 6, 8]"
0006755.png,0,"[0, 6, 2]"
0006757.png,0,"[0, 2, 8]"
0006758.png,0,"[0, 6, 2]"
0006759.png,0,"[0, 6, 8]"
0006760.png,0,"[0, 6, 8]"
0006761.png,0,"[0, 3, 6]"
0006762.png,0,"[0, 6, 2]"
0006775.png,0,"[0, 6, 9]"
0006776.png,0,"[0, 6, 2]"
0006779.png,0,"[0, 2, 9]"
0006780.png,0,"[0, 1, 6]"
0006781.png,0,"[0, 6, 1]"
0006792.png,0,"[0, 6, 8]"
0006795.png,0,"[0, 6, 8]"
0006796.png,0,"[0, 6, 5]"
0006799.png,0,"[0, 2, 6]"
0006800.png,0,"[0, 6, 1]"
0006805.png,0,"[0, 2, 8]"
0006807.png,0,"[0, 8, 1]"
0006811.png,0,"[0, 6, 8]"
0006820.png,0,"[0, 6, 8]"
0006821.png,0,"[0, 5, 2]"
0006823.png,0,"[0, 6, 2]"
0006833.png,0,"[0, 6, 2]"
0006840.png,0,"[0, 6, 8]"
0006845.png,0,"[0, 6, 9]"
0006848.png,0,"[0, 6, 8]"
0006849.png,0,"[0, 6, 2]"
0006853.png,0,"[0, 6, 2]"
0006856.png,0,"[0, 8, 6]"
0006858.png,0,"[0, 6, 2]"
0006861.png,0,"[0, 6, 2]"
0006865.png,0,"[0, 8, 7]"
0006868.png,6,"[6, 0, 2]"
0006870.png,0,"[0, 6, 2]"
0006873.png,0,"[0, 6, 2]"
0006885.png,0,"[0, 6, 8]"
0006894.png,0,"[0, 8, 2]"
0006897.png,0,"[0, 6, 5]"
0006898.png,0,"[0, 6, 8]"
0006900.png,0,"[0, 6, 1]"
0006907.png,0,"[0, 2, 1]"
0006911.png,0,"[0, 6, 9]"
0006924.png,0,"[0, 6, 3]"
0006934.png,0,"[0, 6, 2]"
0006938.png,0,"[0, 6, 1]"
0006952.png,0,"[0, 6, 2]"
0006966.png,0,"[0, 6, 8]"
0006970.png,0,"[0, 9, 6]"
0006975.png,0,"[0, 8, 6]"
0006976.png,0,"[0, 6, 2]"
0006980.png,0,"[0, 6, 8]"
0006994.png,0,"[0, 8, 6]"
0006999.png,6,"[6, 5, 2]"
0007007.png,0,"[0, 5, 2]"
0007011.png,0,"[0, 6, 5]"
0007012.png,0,"[0, 6, 8]"
0007014.png,0,"[0, 6, 8]"
0007015.png,0,"[0, 6, 9]"
0007021.png,0,"[0, 2, 6]"
0007027.png,0,"[0, 9, 6]"
0007029.png,0,"[0, 6, 9]"
0007032.png,0,"[0, 6, 8]"
0007040.png,0,"[0, 6, 8]"
0007043.png,0,"[0, 8, 6]"
0007045.png,0,"[0, 6, 3]"
0007050.png,0,"[0, 6, 5]"
0007054.png,0,"[0, 6, 1]"
0007055.png,0,"[0, 9, 8]"
0007061.png,0,"[0, 6, 8]"
0007062.png,0,"[0, 6, 5]"
0007067.png,0,"[0, 8, 6]"
0007071.png,0,"[0, 6, 2]"
0007084.png,0,"[0, 8, 6]"
0007096.png,0,"[0, 6, 3]"
0007099.png,0,"[0, 6, 2]"
0007109.png,0,"[0, 1, 6]"
0007112.png,0,"[0, 6, 9]"
0007113.png,0,"[0, 6, 9]"
0007115.png,0,"[0, 6, 9]"
0007116.png,0,"[0, 6, 8]"
0007118.png,0,"[0, 6, 8]"
0007122.png,0,"[0, 6, 2]"
0007124.png,0,"[0, 6, 5]"
0007125.png,0,"[0, 6, 1]"
0007135.png,0,"[0, 6, 2]"
0007137.png,0,"[0, 8, 2]"
0007139.png,0,"[0, 2, 9]"
0007141.png,0,"[0, 8, 6]"
0007144.png,0,"[0, 6, 2]"
0007145.png,0,"[0, 6, 2]"
0007146.png,0,"[0, 6, 8]"
0007147.png,0,"[0, 6, 3]"
0007148.png,0,"[0, 6, 2]"
0007165.png,0,"[0, 6, 3]"
0007166.png,0,"[0, 6, 8]"
0007167.png,0,"[0, 8, 6]"
0007170.png,0,"[0, 6, 2]"
0007182.png,0,"[0, 6, 2]"
0007186.png,0,"[0, 6, 9]"
0007187.png,0,"[0, 6, 9]"
0007193.png,0,"[0, 2, 8]"
0007205.png,0,"[0, 2, 6]"
0007206.png,0,"[0, 6, 1]"
0007221.png,0,"[0, 6, 2]"
0007227.png,2,"[2, 5, 3]"
0007230.png,0,"[0, 8, 9]"
0007235.png,0,"[0, 6, 9]"
0007237.png,0,"[0, 6, 2]"
0007244.png,0,"[0, 6, 8]"
0007247.png,0,"[0, 8, 6]"
0007252.png,0,"[0, 6, 2]"
0007262.png,0,"[0, 6, 8]"
0007264.png,0,"[0, 8, 6]"
0007267.png,0,"[0, 6, 2]"
0007269.png,2,"[2, 0, 3]"
0007278.png,0,"[0, 6, 8]"
0007284.png,0,"[0, 6, 8]"
0007287.png,0,"[0, 1, 6]"
0007296.png,0,"[0, 6, 1]"
0007299.png,0,"[0, 9, 8]"
0007300.png,0,"[0, 6, 8]"
0007306.png,0,"[0, 6, 5]"
0007310.png,0,"[0, 6, 8]"
0007311.png,0,"[0, 8, 6]"
0007312.png,0,"[0, 8, 6]"
0007313.png,0,"[0, 8, 9]"
0007314.png,0,"[0, 1, 6]"
0007321.png,0,"[0, 8, 6]"
0007322.png,0,"[0, 6, 8]"
0007324.png,0,"[0, 6, 9]"
0007333.png,0,"[0, 8, 6]"
0007356.png,0,"[0, 6, 8]"
0007360.png,0,"[0, 6, 2]"
0007365.png,0,"[0, 2, 8]"
0007368.png,0,"[0, 1, 8]"
0007371.png,0,"[0, 6, 2]"
0007374.png,0,"[0, 6, 9]"
0007379.png,0,"[0, 6, 1]"
0007381.png,0,"[0, 3, 7]"
0007388.png,0,"[0, 6, 8]"
0007392.png,0,"[0, 6, 8]"
0007393.png,0,"[0, 6, 8]"
0007396.png,0,"[0, 1, 6]"
0007400.png,8,"[8, 0, 2]"
0007403.png,0,"[0, 2, 5]"
0007405.png,0,"[0, 6, 5]"
0007417.png,0,"[0, 8, 6]"
0007419.png,0,"[0, 6, 1]"
0007421.png,0,"[0, 9, 2]"
0007424.png,0,"[0, 6, 2]"
0007426.png,0,"[0, 6, 2]"
0007432.png,0,"[0, 6, 9]"
0007434.png,0,"[0, 6, 8]"
0007447.png,0,"[0, 6, 2]"
0007470.png,0,"[0, 6, 8]"
0007474.png,0,"[0, 6, 8]"
0007477.png,0,"[0, 6, 9]"
0007482.png,0,"[0, 6, 5]"
0007487.png,0,"[0, 2, 6]"
0007491.png,0,"[0, 8, 6]"
0007495.png,0,"[0, 8, 2]"
0007505.png,0,"[0, 1, 7]"
0007507.png,0,"[0, 6, 8]"
0007508.png,0,"[0, 6, 3]"
0007516.png,0,"[0, 6, 2]"
0007526.png,0,"[0, 6, 8]"
0007534.png,0,"[0, 1, 7]"
0007538.png,0,"[0, 6, 8]"
0007540.png,0,"[0, 1, 6]"
0007541.png,0,"[0, 1, 7]"
0007543.png,0,"[0, 6, 1]"
0007545.png,0,"[0, 6, 9]"
0007546.png,0,"[0, 6, 2]"
0007547.png,0,"[0, 9, 6]"
0007553.png,0,"[0, 2, 9]"
0007555.png,0,"[0, 8, 6]"
0007558.png,0,"[0, 6, 2]"
0007563.png,0,"[0, 6, 2]"
0007575.png,0,"[0, 2, 6]"
0007585.png,0,"[0, 9, 6]"
0007586.png,0,"[0, 6, 1]"
0007594.png,0,"[0, 6, 8]"
0007597.png,0,"[0, 6, 9]"
0007610.png,0,"[0, 6, 8]"
0007622.png,0,"[0, 6, 8]"
0007626.png,0,"[0, 6, 1]"
0007636.png,0,"[0, 6, 9]"
0007638.png,0,"[0, 6, 8]"
0007644.png,0,"[0, 6, 8]"
0007653.png,0,"[0, 3, 6]"
0007658.png,0,"[0, 6, 8]"
0007672.png,0,"[0, 1, 8]"
0007675.png,0,"[0, 6, 9]"
0007681.png,0,"[0, 8, 6]"
0007709.png,0,"[0, 6, 3]"
0007716.png,0,"[0, 6, 8]"
0007718.png,0,"[0, 8, 6]"
0007722.png,0,"[0, 6, 1]"
0007723.png,0,"[0, 8, 6]"
0007726.png,0,"[0, 6, 2]"
0007727.png,0,"[0, 6, 9]"
0007731.png,0,"[0, 6, 8]"
0007739.png,0,"[0, 6, 8]"
0007740.png,0,"[0, 6, 1]"
0007742.png,0,"[0, 6, 2]"
0007750.png,0,"[0, 8, 6]"
0007753.png,0,"[0, 6, 2]"
0007755.png,0,"[0, 8, 6]"
0007759.png,0,"[0, 6, 8]"
0007766.png,0,"[0, 6, 1]"
0007769.png,0,"[0, 8, 6]"
0007776.png,0,"[0, 6, 9]"
0007780.png,0,"[0, 6, 9]"
0007786.png,0,"[0, 6, 9]"
0007831.png,0,"[0, 6, 2]"
0007839.png,0,"[0, 2, 6]"
0007841.png,0,"[0, 6, 8]"
0007853.png,0,"[0, 6, 9]"
0007857.png,0,"[0, 6, 9]"
0007861.png,0,"[0, 6, 5]"
0007865.png,0,"[0, 6, 9]"
0007872.png,0,"[0, 6, 8]"
0007873.png,0,"[0, 6, 3]"
0007874.png,0,"[0, 6, 8]"
0007877.png,0,"[0, 6, 9]"
0007879.png,0,"[0, 6, 2]"
0007882.png,0,"[0, 6, 1]"
0007883.png,0,"[0, 6, 5]"
0007888.png,0,"[0, 6, 1]"
0007889.png,0,"[0, 6, 9]"
0007890.png,0,"[0, 6, 8]"
0007897.png,0,"[0, 6, 9]"
0007900.png,0,"[0, 6, 5]"
0007914.png,0,"[0, 6, 8]"
0007916.png,0,"[0, 6, 8]"
0007919.png,0,"[0, 1, 7]"
0007926.png,0,"[0, 8, 6]"
0007928.png,0,"[0, 6, 1]"
0007941.png,0,"[0, 6, 9]"
0007949.png,0,"[0, 6, 8]"
0007953.png,0,"[0, 8, 6]"
0007964.png,0,"[0, 6, 8]"
0007968.png,0,"[0, 6, 1]"
0007969.png,0,"[0, 1, 7]"
0007972.png,0,"[0, 6, 1]"
0007984.png,0,"[0, 8, 1]"
0007992.png,0,"[0, 1, 8]"
0008004.png,0,"[0, 6, 9]"
0008006.png,0,"[0, 6, 8]"
0008011.png,0,"[0, 6, 9]"
0008012.png,0,"[0, 6, 8]"
0008013.png,0,"[0, 6, 2]"
0008015.png,0,"[0, 8, 2]"
0008017.png,0,"[0, 3, 2]"
0008018.png,0,"[0, 6, 2]"
0008020.png,0,"[0, 6, 5]"
0008023.png,0,"[0, 6, 9]"
0008029.png,0,"[0, 2, 3]"
0008031.png,0,"[0, 6, 2]"
0008041.png,0,"[0, 6, 2]"
0008042.png,0,"[0, 6, 9]"
0008053.png,0,"[0, 6, 2]"
0008054.png,0,"[0, 8, 6]"
0008057.png,0,"[0, 6, 5]"
0008062.png,0,"[0, 6, 2]"
0008076.png,0,"[0, 6, 8]"
0008079.png,0,"[0, 9, 8]"
0008086.png,0,"[0, 6, 8]"
0008089.png,0,"[0, 6, 2]"
0008090.png,0,"[0, 6, 8]"
0008095.png,0,"[0, 2, 8]"
0008096.png,0,"[0, 6, 2]"
0008105.png,0,"[0, 2, 8]"
0008107.png,0,"[0, 8, 2]"
0008110.png,0,"[0, 6, 2]"
0008114.png,0,"[0, 6, 8]"
0008157.png,0,"[0, 4, 6]"
0008158.png,0,"[0, 6, 2]"
0008165.png,0,"[0, 6, 8]"
0008178.png,0,"[0, 6, 2]"
0008179.png,0,"[0, 6, 9]"
0008182.png,0,"[0, 1, 8]"
0008188.png,0,"[0, 6, 8]"
0008192.png,0,"[0, 6, 9]"
0008202.png,0,"[0, 8, 6]"
0008203.png,0,"[0, 2, 8]"
0008218.png,0,"[0, 6, 9]"
0008219.png,0,"[0, 9, 6]"
0008220.png,0,"[0, 6, 8]"
0008225.png,0,"[0, 9, 6]"
0008229.png,0,"[0, 6, 8]"
0008232.png,0,"[0, 6, 8]"
0008236.png,0,"[0, 6, 8]"
0008245.png,0,"[0, 9, 6]"
0008258.png,0,"[0, 6, 2]"
0008277.png,0,"[0, 6, 2]"
0008280.png,0,"[0, 6, 2]"
0008281.png,0,"[0, 2, 3]"
0008283.png,0,"[0, 3, 6]"
0008285.png,0,"[0, 2, 6]"
0008300.png,0,"[0, 6, 8]"
0008303.png,0,"[0, 6, 5]"
0008306.png,0,"[0, 6, 8]"
0008307.png,0,"[0, 6, 8]"
0008308.png,0,"[0, 6, 2]"
0008321.png,0,"[0, 6, 5]"
0008324.png,0,"[0, 8, 2]"
0008329.png,0,"[0, 8, 6]"
0008332.png,0,"[0, 6, 9]"
0008339.png,0,"[0, 6, 2]"
0008343.png,0,"[0, 6, 8]"
0008345.png,0,"[0, 6, 2]"
0008353.png,0,"[0, 9, 2]"
0008358.png,0,"[0, 9, 8]"
0008361.png,0,"[0, 8, 6]"
0008365.png,0,"[0, 6, 4]"
0008366.png,0,"[0, 6, 2]"
0008367.png,0,"[0, 6, 9]"
0008368.png,0,"[0, 6, 8]"
0008378.png,0,"[0, 6, 9]"
0008387.png,0,"[0, 6, 4]"
0008399.png,0,"[0, 1, 2]"
0008402.png,0,"[0, 6, 2]"
0008404.png,0,"[0, 6, 8]"
0008407.png,0,"[0, 8, 9]"
0008410.png,0,"[0, 6, 8]"
0008411.png,0,"[0, 6, 8]"
0008417.png,0,"[0, 8, 6]"
0008426.png,0,"[0, 6, 8]"
0008430.png,0,"[0, 6, 8]"
0008436.png,0,"[0, 8, 6]"
0008438.png,0,"[0, 6, 9]"
0008440.png,0,"[0, 8, 6]"
0008444.png,0,"[0, 6, 8]"
0008446.png,0,"[0, 6, 8]"
0008448.png,0,"[0, 6, 1]"
0008460.png,0,"[0, 6, 8]"
0008462.png,0,"[0, 6, 2]"
0008465.png,0,"[0, 1, 6]"
0008468.png,0,"[0, 8, 3]"
0008470.png,0,"[0, 6, 9]"
0008473.png,0,"[0, 2, 5]"
0008477.png,0,"[0, 8, 2]"
0008483.png,0,"[0, 2, 6]"
0008486.png,0,"[0, 6, 8]"
0008497.png,0,"[0, 6, 8]"
0008500.png,0,"[0, 6, 8]"
0008504.png,0,"[0, 8, 2]"
0008507.png,0,"[0, 6, 8]"
0008510.png,0,"[0, 9, 6]"
0008520.png,0,"[0, 6, 1]"
0008521.png,0,"[0, 1, 7]"
0008524.png,0,"[0, 6, 8]"
0008530.png,0,"[0, 6, 2]"
0008535.png,0,"[0, 2, 6]"
0008540.png,0,"[0, 6, 1]"
0008542.png,0,"[0, 8, 2]"
0008543.png,0,"[0, 6, 2]"
0008555.png,0,"[0, 6, 2]"
0008558.png,0,"[0, 6, 8]"
0008560.png,0,"[0, 6, 4]"
0008562.png,0,"[0, 2, 6]"
0008566.png,0,"[0, 6, 8]"
0008569.png,0,"[0, 8, 6]"
0008574.png,0,"[0, 8, 6]"
0008585.png,0,"[0, 6, 9]"
0008586.png,0,"[0, 2, 4]"
0008588.png,0,"[0, 6, 9]"
0008594.png,0,"[0, 6, 5]"
0008596.png,0,"[0, 6, 2]"
0008597.png,0,"[0, 9, 8]"
0008598.png,0,"[0, 6, 8]"
0008604.png,0,"[0, 8, 6]"
0008606.png,0,"[0, 6, 3]"
0008608.png,0,"[0, 1, 8]"
0008610.png,0,"[0, 6, 1]"
0008614.png,0,"[0, 6, 3]"
0008625.png,0,"[0, 9, 6]"
0008629.png,0,"[0, 8, 6]"
0008636.png,0,"[0, 6, 8]"
0008637.png,0,"[0, 6, 9]"
0008641.png,0,"[0, 8, 6]"
0008642.png,0,"[0, 6, 1]"
0008647.png,0,"[0, 6, 8]"
0008653.png,0,"[0, 6, 9]"
0008659.png,0,"[0, 6, 8]"
0008675.png,0,"[0, 9, 1]"
0008676.png,0,"[0, 8, 3]"
0008679.png,0,"[0, 1, 2]"
0008683.png,0,"[0, 6, 5]"
0008684.png,0,"[0, 6, 2]"
0008685.png,0,"[0, 6, 8]"
0008687.png,0,"[0, 2, 6]"
0008699.png,0,"[0, 6, 2]"
0008712.png,0,"[0, 6, 1]"
0008723.png,0,"[0, 6, 9]"
0008724.png,0,"[0, 6, 5]"
0008725.png,0,"[0, 3, 6]"
0008726.png,0,"[0, 6, 2]"
0008727.png,0,"[0, 6, 2]"
0008737.png,0,"[0, 6, 1]"
0008745.png,0,"[0, 2, 6]"
0008752.png,0,"[0, 8, 6]"
0008756.png,0,"[0, 6, 7]"
0008765.png,0,"[0, 1, 9]"
0008772.png,0,"[0, 6, 1]"
0008775.png,0,"[0, 6, 3]"
0008777.png,0,"[0, 1, 2]"
0008778.png,0,"[0, 6, 8]"
0008783.png,0,"[0, 2, 6]"
0008787.png,0,"[0, 6, 2]"
0008788.png,0,"[0, 6, 8]"
0008792.png,8,"[8, 0, 6]"
0008801.png,0,"[0, 8, 4]"
0008811.png,0,"[0, 8, 6]"
0008813.png,0,"[0, 2, 8]"
0008819.png,0,"[0, 1, 7]"
0008821.png,0,"[0, 8, 2]"
0008823.png,0,"[0, 2, 6]"
0008826.png,0,"[0, 3, 2]"
0008828.png,0,"[0, 6, 8]"
0008834.png,0,"[0, 6, 1]"
0008845.png,0,"[0, 6, 9]"
0008847.png,0,"[0, 8, 6]"
0008849.png,0,"[0, 2, 3]"
0008851.png,0,"[0, 1, 9]"
0008854.png,0,"[0, 8, 6]"
0008865.png,0,"[0, 1, 7]"
0008872.png,0,"[0, 6, 2]"
0008875.png,0,"[0, 6, 2]"
0008876.png,0,"[0, 6, 8]"
0008879.png,0,"[0, 8, 9]"
0008885.png,0,"[0, 6, 3]"
0008919.png,0,"[0, 6, 5]"
0008922.png,0,"[0, 6, 2]"
0008923.png,0,"[0, 6, 2]"
0008924.png,0,"[0, 6, 8]"
0008929.png,0,"[0, 8, 6]"
0008940.png,0,"[0, 6, 8]"
0008946.png,0,"[0, 6, 2]"
0008948.png,0,"[0, 6, 9]"
0008953.png,0,"[0, 6, 8]"
0008959.png,0,"[0, 6, 3]"
0008963.png,0,"[0, 8, 9]"
0008977.png,0,"[0, 9, 6]"
0008990.png,0,"[0, 6, 8]"
0008996.png,0,"[0, 6, 2]"
0008997.png,0,"[0, 6, 8]"
0008999.png,0,"[0, 2, 6]"
0009001.png,0,"[0, 6, 2]"
0009006.png,0,"[0, 4, 7]"
0009018.png,0,"[0, 8, 9]"
0009019.png,0,"[0, 8, 1]"
0009021.png,0,"[0, 6, 8]"
0009022.png,0,"[0, 1, 6]"
0009028.png,0,"[0, 6, 1]"
0009029.png,0,"[0, 1, 7]"
0009046.png,0,"[0, 6, 9]"
0009048.png,0,"[0, 6, 2]"
0009053.png,0,"[0, 2, 6]"
0009055.png,0,"[0, 1, 8]"
0009060.png,0,"[0, 2, 6]"
0009063.png,0,"[0, 9, 6]"
0009064.png,0,"[0, 6, 5]"
0009065.png,0,"[0, 2, 3]"
0009071.png,0,"[0, 6, 2]"
0009072.png,0,"[0, 8, 6]"
0009074.png,0,"[0, 6, 8]"
0009077.png,0,"[0, 6, 3]"
0009084.png,0,"[0, 8, 6]"
0009098.png,0,"[0, 7, 6]"
0009108.png,0,"[0, 8, 6]"
0009110.png,0,"[0, 8, 9]"
0009111.png,0,"[0, 3, 7]"
0009119.png,0,"[0, 6, 2]"
0009134.png,0,"[0, 6, 8]"
0009138.png,0,"[0, 8, 6]"
0009146.png,0,"[0, 6, 2]"
0009150.png,0,"[0, 8, 6]"
0009156.png,0,"[0, 8, 6]"
0009161.png,0,"[0, 2, 9]"
0009164.png,0,"[0, 6, 1]"
0009168.png,0,"[0, 6, 8]"
0009171.png,0,"[0, 6, 5]"
0009177.png,0,"[0, 9, 6]"
0009179.png,0,"[0, 6, 2]"
0009180.png,1,"[1, 0, 7]"
0009181.png,0,"[0, 1, 7]"
0009186.png,0,"[0, 6, 2]"
0009187.png,0,"[0, 6, 5]"
0009190.png,0,"[0, 6, 8]"
0009191.png,0,"[0, 6, 8]"
0009197.png,6,"[6, 0, 9]"
0009199.png,0,"[0, 6, 9]"
0009201.png,0,"[0, 1, 9]"
0009204.png,0,"[0, 6, 4]"
0009212.png,0,"[0, 6, 9]"
0009213.png,0,"[0, 6, 9]"
0009221.png,0,"[0, 9, 6]"
0009236.png,0,"[0, 6, 8]"
0009241.png,0,"[0, 6, 9]"
0009246.png,0,"[0, 8, 6]"
0009248.png,0,"[0, 6, 8]"
0009252.png,0,"[0, 6, 1]"
0009256.png,0,"[0, 6, 9]"
0009262.png,0,"[0, 1, 6]"
0009265.png,0,"[0, 1, 8]"
0009269.png,0,"[0, 6, 2]"
0009276.png,0,"[0, 6, 2]"
0009277.png,0,"[0, 6, 4]"
0009279.png,0,"[0, 1, 2]"
0009281.png,0,"[0, 2, 9]"
0009286.png,0,"[0, 8, 6]"
0009288.png,0,"[0, 6, 5]"
0009290.png,0,"[0, 9, 6]"
0009293.png,0,"[0, 2, 8]"
0009294.png,0,"[0, 6, 8]"
0009300.png,0,"[0, 6, 9]"
0009301.png,0,"[0, 6, 9]"
0009305.png,0,"[0, 2, 6]"
0009309.png,0,"[0, 8, 3]"
0009314.png,0,"[0, 6, 8]"
0009322.png,0,"[0, 6, 8]"
0009325.png,0,"[0, 6, 9]"
0009333.png,0,"[0, 6, 2]"
0009339.png,0,"[0, 6, 2]"
0009343.png,0,"[0, 1, 7]"
0009345.png,0,"[0, 2, 6]"
0009353.png,0,"[0, 8, 6]"
0009355.png,0,"[0, 6, 2]"
0009356.png,0,"[0, 6, 9]"
0009359.png,0,"[0, 6, 2]"
0009365.png,0,"[0, 2, 6]"
0009367.png,0,"[0, 6, 2]"
0009371.png,0,"[0, 8, 6]"
0009380.png,0,"[0, 6, 2]"
0009396.png,0,"[0, 6, 9]"
0009404.png,0,"[0, 9, 6]"
0009415.png,0,"[0, 8, 6]"
0009426.png,0,"[0, 8, 2]"
0009431.png,0,"[0, 6, 3]"
0009440.png,0,"[0, 8, 9]"
0009443.png,0,"[0, 2, 6]"
0009444.png,0,"[0, 6, 2]"
0009445.png,0,"[0, 6, 3]"
0009452.png,0,"[0, 6, 2]"
0009454.png,0,"[0, 6, 2]"
0009458.png,0,"[0, 8, 6]"
0009459.png,0,"[0, 6, 8]"
0009462.png,0,"[0, 6, 9]"
0009465.png,0,"[0, 6, 2]"
0009470.png,0,"[0, 6, 9]"
0009480.png,0,"[0, 6, 8]"
0009485.png,0,"[0, 7, 1]"
0009488.png,0,"[0, 6, 8]"
0009497.png,0,"[0, 2, 8]"
0009506.png,0,"[0, 6, 8]"
0009507.png,0,"[0, 6, 9]"
0009515.png,0,"[0, 8, 9]"
0009521.png,1,"[1, 0, 7]"
0009522.png,0,"[0, 6, 8]"
0009523.png,0,"[0, 6, 8]"
0009533.png,0,"[0, 8, 6]"
0009536.png,0,"[0, 6, 1]"
0009538.png,0,"[0, 6, 1]"
0009544.png,0,"[0, 6, 5]"
0009550.png,0,"[0, 6, 8]"
0009552.png,0,"[0, 6, 2]"
0009583.png,0,"[0, 8, 6]"
0009593.png,0,"[0, 2, 6]"
0009597.png,0,"[0, 6, 8]"
0009598.png,0,"[0, 6, 2]"
0009602.png,0,"[0, 6, 8]"
0009607.png,0,"[0, 8, 2]"
0009612.png,0,"[0, 6, 8]"
0009615.png,0,"[0, 6, 8]"
0009616.png,0,"[0, 6, 8]"
0009625.png,0,"[0, 8, 6]"
0009638.png,0,"[0, 8, 6]"
0009640.png,0,"[0, 6, 1]"
0009659.png,0,"[0, 1, 7]"
0009664.png,0,"[0, 1, 9]"
0009677.png,0,"[0, 9, 6]"
0009680.png,0,"[0, 6, 1]"
0009691.png,0,"[0, 8, 9]"
0009696.png,0,"[0, 8, 6]"
0009719.png,0,"[0, 8, 6]"
0009720.png,0,"[0, 6, 1]"
0009728.png,0,"[0, 6, 9]"
0009729.png,0,"[0, 1, 6]"
0009735.png,0,"[0, 6, 3]"
0009741.png,0,"[0, 6, 9]"
0009748.png,0,"[0, 6, 5]"
0009749.png,6,"[6, 0, 5]"
0009752.png,0,"[0, 6, 8]"
0009753.png,0,"[0, 6, 8]"
0009755.png,0,"[0, 9, 2]"
0009756.png,0,"[0, 6, 8]"
0009761.png,0,"[0, 6, 2]"
0009785.png,0,"[0, 6, 2]"
0009798.png,0,"[0, 6, 8]"
0009800.png,0,"[0, 6, 5]"
0009803.png,0,"[0, 6, 9]"
0009805.png,0,"[0, 2, 6]"
0009809.png,0,"[0, 8, 9]"
0009811.png,0,"[0, 6, 2]"
0009819.png,0,"[0, 6, 8]"
0009824.png,0,"[0, 6, 8]"
0009829.png,0,"[0, 6, 8]"
0009834.png,0,"[0, 6, 8]"
0009837.png,0,"[0, 6, 2]"
0009846.png,0,"[0, 6, 5]"
0009848.png,0,"[0, 6, 5]"
0009851.png,0,"[0, 6, 2]"
0009859.png,0,"[0, 2, 6]"
0009864.png,0,"[0, 6, 2]"
0009869.png,0,"[0, 2, 6]"
0009871.png,0,"[0, 6, 2]"
0009889.png,0,"[0, 6, 9]"
0009891.png,0,"[0, 6, 2]"
0009908.png,0,"[0, 6, 8]"
0009910.png,0,"[0, 6, 2]"
0009913.png,0,"[0, 2, 8]"
0009914.png,0,"[0, 8, 6]"
0009919.png,0,"[0, 2, 8]"
0009926.png,0,"[0, 6, 8]"
0009929.png,0,"[0, 6, 9]"
0009932.png,8,"[8, 0, 2]"
0009934.png,0,"[0, 6, 8]"
0009940.png,0,"[0, 6, 8]"
0009955.png,0,"[0, 6, 9]"
0009957.png,0,"[0, 3, 2]"
0009973.png,0,"[0, 6, 2]"
0009979.png,0,"[0, 6, 3]"
0009991.png,0,"[0, 6, 2]"
0009992.png,0,"[0, 6, 7]"
0009997.png,0,"[0, 5, 6]"
0010006.png,0,"[0, 6, 1]"
0010008.png,0,"[0, 6, 1]"
0010014.png,0,"[0, 2, 6]"
0010019.png,6,"[6, 0, 3]"
0010020.png,0,"[0, 6, 2]"
0010040.png,0,"[0, 6, 2]"
0010044.png,0,"[0, 6, 8]"
0010045.png,0,"[0, 6, 2]"
0010052.png,0,"[0, 6, 2]"
0010055.png,0,"[0, 2, 9]"
0010059.png,0,"[0, 2, 8]"
0010063.png,0,"[0, 6, 9]"
0010065.png,0,"[0, 2, 1]"
0010069.png,0,"[0, 2, 6]"
0010074.png,0,"[0, 9, 6]"
0010075.png,0,"[0, 2, 3]"
0010078.png,0,"[0, 6, 2]"
0010080.png,0,"[0, 8, 6]"
0010081.png,0,"[0, 2, 3]"
0010083.png,0,"[0, 7, 9]"
0010085.png,0,"[0, 2, 6]"
0010092.png,0,"[0, 6, 8]"
0010093.png,0,"[0, 8, 6]"
0010100.png,0,"[0, 6, 2]"
0010104.png,0,"[0, 8, 6]"
0010111.png,0,"[0, 6, 9]"
0010112.png,0,"[0, 6, 2]"
0010115.png,0,"[0, 9, 6]"
0010124.png,0,"[0, 6, 9]"
0010128.png,0,"[0, 6, 8]"
0010130.png,0,"[0, 6, 8]"
0010136.png,0,"[0, 6, 8]"
0010158.png,0,"[0, 6, 4]"
0010173.png,0,"[0, 7, 8]"
0010179.png,0,"[0, 8, 3]"
0010184.png,0,"[0, 1, 6]"
0010197.png,6,"[6, 0, 3]"
0010199.png,0,"[0, 2, 6]"
0010200.png,0,"[0, 6, 5]"
0010207.png,0,"[0, 2, 6]"
0010211.png,0,"[0, 3, 6]"
0010218.png,0,"[0, 6, 2]"
0010245.png,0,"[0, 6, 2]"
0010246.png,0,"[0, 6, 2]"
0010253.png,0,"[0, 6, 2]"
0010255.png,0,"[0, 6, 9]"
0010261.png,0,"[0, 2, 6]"
0010262.png,0,"[0, 8, 9]"
0010265.png,0,"[0, 6, 8]"
0010270.png,0,"[0, 6, 2]"
0010285.png,0,"[0, 6, 9]"
0010292.png,0,"[0, 6, 8]"
0010296.png,0,"[0, 6, 8]"
0010297.png,0,"[0, 6, 8]"
0010303.png,0,"[0, 6, 9]"
0010312.png,0,"[0, 6, 2]"
0010317.png,0,"[0, 6, 2]"
0010319.png,0,"[0, 7, 8]"
0010320.png,0,"[0, 8, 1]"
0010328.png,0,"[0, 6, 1]"
0010330.png,0,"[0, 6, 3]"
0010337.png,0,"[0, 2, 7]"
0010338.png,0,"[0, 6, 2]"
0010341.png,0,"[0, 9, 8]"
0010349.png,0,"[0, 6, 9]"
0010351.png,0,"[0, 2, 3]"
0010356.png,0,"[0, 6, 8]"
0010359.png,0,"[0, 3, 6]"
0010372.png,0,"[0, 2, 6]"
0010375.png,0,"[0, 6, 9]"
0010376.png,0,"[0, 6, 1]"
0010379.png,0,"[0, 6, 8]"
0010387.png,0,"[0, 3, 5]"
0010392.png,0,"[0, 6, 1]"
0010393.png,0,"[0, 6, 9]"
0010394.png,0,"[0, 6, 8]"
0010408.png,0,"[0, 6, 2]"
0010411.png,0,"[0, 6, 8]"
0010413.png,0,"[0, 6, 2]"
0010418.png,0,"[0, 6, 9]"
0010419.png,0,"[0, 6, 2]"
0010424.png,0,"[0, 6, 2]"
0010429.png,0,"[0, 9, 6]"
0010435.png,0,"[0, 6, 9]"
0010437.png,0,"[0, 6, 8]"
0010446.png,0,"[0, 6, 5]"
0010460.png,0,"[0, 6, 5]"
0010475.png,0,"[0, 6, 2]"
0010478.png,0,"[0, 6, 2]"
0010482.png,0,"[0, 6, 8]"
0010494.png,0,"[0, 6, 2]"
0010495.png,0,"[0, 6, 2]"
0010499.png,0,"[0, 6, 5]"
0010501.png,0,"[0, 2, 6]"
0010503.png,0,"[0, 6, 9]"
0010519.png,0,"[0, 6, 3]"
0010522.png,0,"[0, 8, 6]"
0010526.png,0,"[0, 6, 2]"
0010527.png,0,"[0, 6, 2]"
0010538.png,0,"[0, 6, 1]"
0010540.png,0,"[0, 6, 1]"
0010541.png,0,"[0, 8, 7]"
0010543.png,0,"[0, 6, 2]"
0010544.png,0,"[0, 6, 2]"
0010545.png,0,"[0, 6, 2]"
0010569.png,0,"[0, 3, 6]"
0010584.png,0,"[0, 6, 8]"
0010589.png,0,"[0, 2, 8]"
0010590.png,0,"[0, 6, 9]"
0010595.png,0,"[0, 8, 6]"
0010597.png,0,"[0, 6, 8]"
0010598.png,0,"[0, 6, 8]"
0010603.png,0,"[0, 9, 6]"
0010607.png,0,"[0, 6, 8]"
0010609.png,0,"[0, 5, 6]"
0010614.png,0,"[0, 6, 8]"
0010616.png,6,"[6, 0, 8]"
0010621.png,0,"[0, 6, 3]"
0010622.png,0,"[0, 6, 8]"
0010624.png,0,"[0, 6, 9]"
0010625.png,0,"[0, 8, 6]"
0010627.png,0,"[0, 9, 6]"
0010628.png,0,"[0, 8, 6]"
0010632.png,0,"[0, 8, 6]"
0010640.png,0,"[0, 6, 8]"
0010642.png,0,"[0, 6, 8]"
0010643.png,0,"[0, 6, 5]"
0010644.png,0,"[0, 6, 9]"
0010645.png,0,"[0, 1, 2]"
0010653.png,0,"[0, 2, 6]"
0010654.png,0,"[0, 7, 6]"
0010659.png,0,"[0, 2, 9]"
0010660.png,0,"[0, 6, 8]"
0010663.png,0,"[0, 6, 1]"
0010685.png,0,"[0, 2, 3]"
0010687.png,0,"[0, 2, 6]"
0010688.png,0,"[0, 6, 2]"
0010696.png,0,"[0, 2, 6]"
0010707.png,0,"[0, 6, 5]"
0010709.png,0,"[0, 6, 2]"
0010711.png,0,"[0, 8, 6]"
0010715.png,0,"[0, 6, 8]"
0010720.png,0,"[0, 6, 8]"
0010723.png,0,"[0, 2, 8]"
0010731.png,0,"[0, 9, 6]"
0010740.png,0,"[0, 8, 6]"
0010742.png,0,"[0, 6, 9]"
0010748.png,0,"[0, 6, 2]"
0010755.png,0,"[0, 2, 6]"
0010756.png,0,"[0, 1, 6]"
0010764.png,0,"[0, 6, 2]"
0010765.png,0,"[0, 6, 5]"
0010767.png,0,"[0, 1, 9]"
0010769.png,0,"[0, 6, 2]"
0010775.png,0,"[0, 2, 6]"
0010777.png,0,"[0, 6, 8]"
0010781.png,0,"[0, 8, 1]"
0010783.png,0,"[0, 7, 9]"
0010790.png,0,"[0, 6, 8]"
0010796.png,0,"[0, 6, 8]"
0010809.png,0,"[0, 6, 2]"
0010815.png,0,"[0, 6, 2]"
0010819.png,0,"[0, 1, 6]"
0010821.png,0,"[0, 6, 2]"
0010824.png,0,"[0, 6, 1]"
0010837.png,0,"[0, 1, 7]"
0010848.png,0,"[0, 6, 9]"
0010849.png,0,"[0, 6, 9]"
0010853.png,0,"[0, 6, 8]"
0010855.png,0,"[0, 6, 9]"
0010859.png,0,"[0, 6, 5]"
0010866.png,0,"[0, 2, 4]"
0010867.png,0,"[0, 2, 8]"
0010868.png,0,"[0, 2, 6]"
0010869.png,0,"[0, 6, 2]"
0010874.png,0,"[0, 6, 2]"
0010891.png,0,"[0, 6, 2]"
0010893.png,0,"[0, 6, 9]"
0010896.png,0,"[0, 6, 8]"
0010901.png,0,"[0, 6, 2]"
0010905.png,0,"[0, 8, 6]"
0010908.png,0,"[0, 6, 2]"
0010911.png,0,"[0, 6, 9]"
0010928.png,0,"[0, 6, 2]"
0010929.png,0,"[0, 6, 3]"
0010938.png,0,"[0, 2, 6]"
0010945.png,0,"[0, 6, 8]"
0010949.png,0,"[0, 2, 6]"
0010952.png,0,"[0, 6, 5]"
0010957.png,0,"[0, 8, 2]"
0010973.png,0,"[0, 6, 2]"
0010974.png,0,"[0, 6, 2]"
0010978.png,0,"[0, 6, 2]"
0010981.png,0,"[0, 2, 7]"
0010982.png,0,"[0, 6, 8]"
0010999.png,0,"[0, 6, 9]"
0011004.png,0,"[0, 8, 2]"
0011014.png,0,"[0, 6, 8]"
0011016.png,0,"[0, 6, 1]"
0011022.png,0,"[0, 8, 1]"
0011023.png,0,"[0, 8, 6]"
0011024.png,0,"[0, 6, 9]"
0011025.png,0,"[0, 6, 8]"
0011029.png,0,"[0, 1, 9]"
0011041.png,0,"[0, 9, 1]"
0011045.png,0,"[0, 6, 5]"
0011046.png,0,"[0, 6, 2]"
0011051.png,0,"[0, 8, 4]"
0011053.png,0,"[0, 8, 6]"
0011059.png,0,"[0, 6, 2]"
0011061.png,0,"[0, 6, 8]"
0011064.png,0,"[0, 6, 2]"
0011065.png,0,"[0, 2, 6]"
0011068.png,0,"[0, 6, 8]"
0011069.png,0,"[0, 6, 3]"
0011071.png,0,"[0, 8, 6]"
0011073.png,0,"[0, 8, 6]"
0011078.png,0,"[0, 6, 8]"
0011079.png,0,"[0, 1, 6]"
0011081.png,0,"[0, 6, 2]"
0011083.png,0,"[0, 8, 6]"
0011089.png,0,"[0, 2, 8]"
0011091.png,0,"[0, 6, 2]"
0011092.png,0,"[0, 2, 6]"
0011095.png,0,"[0, 6, 2]"
0011097.png,0,"[0, 6, 8]"
0011100.png,0,"[0, 6, 2]"
0011104.png,0,"[0, 6, 2]"
0011105.png,0,"[0, 6, 3]"
0011112.png,0,"[0, 6, 8]"
0011117.png,0,"[0, 2, 6]"
0011118.png,0,"[0, 6, 3]"
0011121.png,0,"[0, 9, 1]"
0011126.png,0,"[0, 6, 2]"
0011132.png,0,"[0, 6, 8]"
0011137.png,0,"[0, 1, 7]"
0011143.png,0,"[0, 2, 8]"
0011149.png,0,"[0, 6, 2]"
0011150.png,0,"[0, 6, 8]"
0011172.png,0,"[0, 9, 8]"
0011174.png,0,"[0, 6, 8]"
0011177.png,0,"[0, 6, 2]"
0011179.png,0,"[0, 6, 2]"
0011181.png,6,"[6, 0, 3]"
0011182.png,0,"[0, 8, 6]"
0011186.png,0,"[0, 6, 3]"
0011187.png,0,"[0, 2, 9]"
0011188.png,0,"[0, 1, 9]"
0011190.png,0,"[0, 6, 2]"
0011192.png,0,"[0, 8, 9]"
0011197.png,0,"[0, 6, 2]"
0011202.png,0,"[0, 6, 1]"
0011211.png,0,"[0, 6, 2]"
0011212.png,0,"[0, 6, 5]"
0011223.png,0,"[0, 6, 2]"
0011224.png,0,"[0, 6, 8]"
0011225.png,0,"[0, 6, 9]"
0011228.png,0,"[0, 6, 9]"
0011230.png,0,"[0, 6, 1]"
0011242.png,0,"[0, 6, 8]"
0011244.png,0,"[0, 6, 1]"
0011248.png,0,"[0, 6, 2]"
0011256.png,0,"[0, 2, 6]"
0011260.png,0,"[0, 6, 8]"
0011261.png,0,"[0, 6, 2]"
0011262.png,0,"[0, 6, 2]"
0011267.png,0,"[0, 6, 2]"
0011269.png,0,"[0, 6, 2]"
0011270.png,0,"[0, 6, 5]"
0011301.png,0,"[0, 2, 6]"
0011307.png,0,"[0, 8, 6]"
0011308.png,0,"[0, 6, 8]"
0011311.png,0,"[0, 2, 6]"
0011313.png,0,"[0, 6, 5]"
0011324.png,0,"[0, 6, 9]"
0011325.png,0,"[0, 9, 6]"
0011330.png,0,"[0, 8, 6]"
0011336.png,0,"[0, 6, 9]"
0011339.png,0,"[0, 6, 2]"
0011341.png,0,"[0, 6, 2]"
0011344.png,0,"[0, 6, 8]"
0011346.png,0,"[0, 8, 6]"
0011350.png,0,"[0, 6, 1]"
0011356.png,0,"[0, 6, 2]"
0011357.png,0,"[0, 6, 9]"
0011359.png,0,"[0, 2, 6]"
0011360.png,0,"[0, 8, 6]"
0011370.png,0,"[0, 8, 6]"
0011373.png,0,"[0, 8, 6]"
0011378.png,0,"[0, 6, 8]"
0011379.png,0,"[0, 2, 6]"
0011382.png,0,"[0, 6, 9]"
0011386.png,0,"[0, 6, 8]"
0011389.png,0,"[0, 8, 6]"
0011412.png,0,"[0, 2, 8]"
0011427.png,0,"[0, 6, 9]"
0011428.png,0,"[0, 6, 1]"
0011433.png,0,"[0, 8, 6]"
0011444.png,0,"[0, 1, 3]"
0011445.png,0,"[0, 1, 9]"
0011447.png,0,"[0, 6, 2]"
0011448.png,0,"[0, 6, 1]"
0011459.png,0,"[0, 2, 8]"
0011461.png,0,"[0, 2, 8]"
0011467.png,0,"[0, 8, 9]"
0011470.png,0,"[0, 6, 9]"
0011471.png,0,"[0, 8, 1]"
0011472.png,0,"[0, 6, 7]"
0011481.png,0,"[0, 6, 8]"
0011485.png,0,"[0, 9, 6]"
0011487.png,0,"[0, 6, 9]"
0011489.png,0,"[0, 6, 8]"
0011494.png,0,"[0, 6, 8]"
0011495.png,0,"[0, 6, 8]"
0011496.png,0,"[0, 6, 9]"
0011499.png,0,"[0, 8, 6]"
0011505.png,0,"[0, 6, 2]"
0011509.png,0,"[0, 6, 2]"
0011510.png,0,"[0, 6, 8]"
0011511.png,0,"[0, 6, 8]"
0011513.png,0,"[0, 8, 2]"
0011516.png,0,"[0, 6, 8]"
0011517.png,0,"[0, 8, 3]"
0011518.png,0,"[0, 6, 2]"
0011525.png,0,"[0, 2, 6]"
0011529.png,0,"[0, 9, 6]"
0011534.png,0,"[0, 6, 9]"
0011535.png,0,"[0, 9, 2]"
0011539.png,0,"[0, 6, 7]"
0011549.png,0,"[0, 8, 6]"
0011552.png,0,"[0, 6, 1]"
0011557.png,0,"[0, 2, 6]"
0011559.png,0,"[0, 6, 2]"
0011560.png,0,"[0, 8, 6]"
0011561.png,0,"[0, 8, 6]"
0011563.png,0,"[0, 1, 6]"
0011566.png,0,"[0, 6, 1]"
0011568.png,0,"[0, 6, 8]"
0011570.png,0,"[0, 6, 9]"
0011572.png,0,"[0, 6, 9]"
0011573.png,0,"[0, 6, 9]"
0011575.png,0,"[0, 6, 1]"
0011582.png,0,"[0, 6, 1]"
0011586.png,0,"[0, 6, 9]"
0011591.png,0,"[0, 6, 2]"
0011594.png,0,"[0, 6, 9]"
0011606.png,0,"[0, 6, 2]"
0011624.png,0,"[0, 6, 2]"
0011631.png,0,"[0, 8, 6]"
0011633.png,0,"[0, 6, 2]"
0011635.png,0,"[0, 6, 8]"
0011638.png,0,"[0, 6, 8]"
0011646.png,0,"[0, 6, 2]"
0011651.png,0,"[0, 8, 6]"
0011687.png,0,"[0, 6, 9]"
0011691.png,0,"[0, 6, 9]"
0011693.png,0,"[0, 8, 1]"
0011696.png,0,"[0, 8, 6]"
0011697.png,0,"[0, 8, 6]"
0011698.png,0,"[0, 6, 9]"
0011699.png,0,"[0, 2, 6]"
0011703.png,0,"[0, 6, 8]"
0011706.png,0,"[0, 6, 9]"
0011711.png,0,"[0, 6, 2]"
0011714.png,0,"[0, 6, 4]"
0011724.png,0,"[0, 6, 9]"
0011725.png,0,"[0, 2, 6]"
0011729.png,0,"[0, 2, 9]"
0011730.png,0,"[0, 9, 7]"
0011731.png,0,"[0, 2, 1]"
0011732.png,0,"[0, 6, 8]"
0011735.png,0,"[0, 6, 2]"
0011736.png,0,"[0, 6, 8]"
0011739.png,0,"[0, 6, 9]"
0011749.png,0,"[0, 6, 2]"
0011751.png,0,"[0, 6, 2]"
0011754.png,0,"[0, 2, 6]"
0011773.png,0,"[0, 6, 5]"
0011774.png,0,"[0, 6, 8]"
0011778.png,0,"[0, 6, 2]"
0011782.png,0,"[0, 6, 8]"
0011785.png,0,"[0, 2, 6]"
0011791.png,0,"[0, 6, 2]"
0011792.png,0,"[0, 6, 2]"
0011796.png,0,"[0, 6, 8]"
0011801.png,0,"[0, 6, 2]"
0011804.png,8,"[8, 0, 6]"
0011805.png,0,"[0, 6, 2]"
0011819.png,0,"[0, 3, 9]"
0011831.png,0,"[0, 8, 6]"
0011839.png,0,"[0, 6, 8]"
0011842.png,0,"[0, 6, 8]"
0011843.png,0,"[0, 6, 2]"
0011846.png,0,"[0, 6, 2]"
0011847.png,0,"[0, 2, 9]"
0011854.png,0,"[0, 6, 2]"
0011856.png,0,"[0, 6, 8]"
0011861.png,0,"[0, 9, 6]"
0011865.png,0,"[0, 6, 2]"
0011866.png,0,"[0, 6, 5]"
0011869.png,0,"[0, 8, 6]"
0011894.png,0,"[0, 6, 8]"
0011895.png,0,"[0, 2, 6]"
0011901.png,0,"[0, 6, 2]"
0011902.png,0,"[0, 6, 3]"
0011905.png,0,"[0, 8, 6]"
0011908.png,0,"[0, 6, 8]"
0011911.png,0,"[0, 3, 2]"
0011914.png,0,"[0, 6, 3]"
0011940.png,0,"[0, 6, 2]"
0011947.png,0,"[0, 6, 2]"
0011948.png,0,"[0, 6, 5]"
0011953.png,0,"[0, 6, 5]"
0011958.png,0,"[0, 8, 6]"
0011966.png,0,"[0, 6, 8]"
0011969.png,0,"[0, 2, 6]"
0011974.png,0,"[0, 6, 1]"
0011977.png,0,"[0, 6, 9]"
0011991.png,0,"[0, 9, 6]"
0011993.png,0,"[0, 6, 9]"
0011994.png,0,"[0, 6, 2]"
0012003.png,0,"[0, 6, 8]"
0012013.png,0,"[0, 6, 3]"
0012020.png,0,"[0, 6, 9]"
0012028.png,0,"[0, 6, 2]"
0012035.png,0,"[0, 6, 9]"
0012038.png,0,"[0, 6, 8]"
0012045.png,0,"[0, 6, 9]"
0012046.png,0,"[0, 6, 1]"
0012058.png,0,"[0, 6, 9]"
0012067.png,0,"[0, 2, 6]"
0012094.png,0,"[0, 8, 1]"
0012097.png,0,"[0, 2, 6]"
0012104.png,0,"[0, 6, 2]"
0012108.png,0,"[0, 6, 2]"
0012110.png,0,"[0, 2, 7]"
0012111.png,0,"[0, 2, 7]"
0012115.png,0,"[0, 6, 1]"
0012116.png,0,"[0, 6, 4]"
0012123.png,0,"[0, 1, 2]"
0012126.png,0,"[0, 6, 1]"
0012129.png,0,"[0, 2, 6]"
0012130.png,0,"[0, 6, 3]"
0012138.png,0,"[0, 6, 1]"
0012145.png,0,"[0, 9, 2]"
0012153.png,0,"[0, 6, 8]"
0012160.png,0,"[0, 6, 8]"
0012162.png,0,"[0, 6, 8]"
0012175.png,0,"[0, 6, 8]"
0012177.png,0,"[0, 1, 7]"
0012178.png,0,"[0, 1, 6]"
0012182.png,0,"[0, 6, 8]"
0012188.png,0,"[0, 6, 8]"
0012206.png,0,"[0, 6, 2]"
0012209.png,0,"[0, 2, 6]"
0012218.png,0,"[0, 6, 8]"
0012224.png,0,"[0, 6, 8]"
0012232.png,0,"[0, 6, 8]"
0012234.png,0,"[0, 6, 8]"
0012245.png,0,"[0, 1, 6]"
0012247.png,0,"[0, 6, 9]"
0012249.png,0,"[0, 1, 6]"
0012252.png,0,"[0, 6, 2]"
0012255.png,0,"[0, 6, 2]"
0012257.png,0,"[0, 6, 9]"
0012261.png,0,"[0, 6, 2]"
0012273.png,0,"[0, 8, 9]"
0012276.png,0,"[0, 6, 5]"
0012278.png,0,"[0, 6, 5]"
0012284.png,0,"[0, 6, 1]"
0012292.png,0,"[0, 6, 1]"
0012301.png,0,"[0, 6, 1]"
0012303.png,8,"[8, 0, 6]"
0012310.png,0,"[0, 6, 8]"
0012322.png,0,"[0, 6, 9]"
0012328.png,0,"[0, 6, 8]"
0012330.png,0,"[0, 2, 6]"
0012332.png,0,"[0, 6, 2]"
0012338.png,0,"[0, 6, 9]"
0012339.png,0,"[0, 6, 9]"
0012344.png,0,"[0, 6, 1]"
0012345.png,0,"[0, 6, 1]"
0012358.png,0,"[0, 6, 1]"
0012359.png,0,"[0, 6, 9]"
0012360.png,0,"[0, 6, 5]"
0012363.png,0,"[0, 2, 6]"
0012374.png,0,"[0, 7, 9]"
0012376.png,0,"[0, 6, 8]"
0012380.png,0,"[0, 6, 8]"
0012381.png,0,"[0, 6, 8]"
0012383.png,0,"[0, 6, 8]"
0012387.png,0,"[0, 6, 2]"
0012388.png,0,"[0, 6, 2]"
0012389.png,0,"[0, 2, 7]"
0012395.png,0,"[0, 2, 6]"
0012397.png,0,"[0, 6, 9]"
0012399.png,0,"[0, 2, 8]"
0012400.png,0,"[0, 8, 7]"
0012402.png,0,"[0, 6, 9]"
0012416.png,0,"[0, 8, 6]"
0012419.png,0,"[0, 6, 9]"
0012422.png,0,"[0, 6, 8]"
0012423.png,0,"[0, 1, 6]"
0012435.png,0,"[0, 6, 2]"
0012444.png,0,"[0, 6, 3]"
0012449.png,0,"[0, 8, 6]"
0012451.png,0,"[0, 6, 2]"
0012454.png,0,"[0, 8, 9]"
0012456.png,0,"[0, 6, 8]"
0012458.png,0,"[0, 6, 9]"
0012459.png,0,"[0, 8, 9]"
0012462.png,0,"[0, 6, 9]"
0012468.png,0,"[0, 8, 6]"
0012469.png,0,"[0, 6, 9]"
0012477.png,0,"[0, 6, 3]"
0012478.png,0,"[0, 6, 2]"
0012479.png,0,"[0, 6, 8]"
0012486.png,0,"[0, 6, 7]"
0012488.png,0,"[0, 1, 6]"
0012489.png,0,"[0, 9, 1]"
0012502.png,6,"[6, 0, 2]"
0012508.png,0,"[0, 6, 2]"
0012510.png,0,"[0, 6, 8]"
0012512.png,0,"[0, 6, 2]"
0012526.png,0,"[0, 8, 6]"
0012528.png,0,"[0, 1, 6]"
0012542.png,0,"[0, 6, 1]"
0012551.png,0,"[0, 6, 2]"
0012554.png,0,"[0, 6, 9]"
0012557.png,0,"[0, 2, 6]"
0012558.png,0,"[0, 6, 9]"
0012559.png,0,"[0, 6, 7]"
0012572.png,0,"[0, 6, 2]"
0012577.png,0,"[0, 1, 9]"
0012580.png,0,"[0, 8, 6]"
0012582.png,0,"[0, 8, 6]"
0012583.png,0,"[0, 8, 6]"
0012590.png,0,"[0, 6, 9]"
0012593.png,0,"[0, 7, 1]"
0012598.png,0,"[0, 6, 1]"
0012601.png,0,"[0, 2, 6]"
0012606.png,0,"[0, 3, 6]"
0012607.png,0,"[0, 9, 3]"
0012609.png,0,"[0, 6, 7]"
0012610.png,0,"[0, 6, 2]"
0012611.png,0,"[0, 6, 9]"
0012629.png,0,"[0, 1, 7]"
0012641.png,0,"[0, 6, 2]"
0012650.png,0,"[0, 6, 9]"
0012651.png,0,"[0, 2, 6]"
0012652.png,0,"[0, 6, 8]"
0012655.png,0,"[0, 6, 9]"
0012663.png,0,"[0, 6, 2]"
0012665.png,0,"[0, 2, 6]"
0012667.png,0,"[0, 2, 6]"
0012676.png,0,"[0, 6, 1]"
0012678.png,0,"[0, 6, 3]"
0012680.png,0,"[0, 6, 3]"
0012682.png,0,"[0, 6, 8]"
0012684.png,0,"[0, 6, 1]"
0012686.png,0,"[0, 6, 8]"
0012687.png,0,"[0, 8, 6]"
0012698.png,0,"[0, 6, 1]"
0012706.png,0,"[0, 6, 2]"
0012707.png,0,"[0, 6, 9]"
0012714.png,0,"[0, 6, 8]"
0012716.png,0,"[0, 1, 6]"
0012718.png,0,"[0, 6, 2]"
0012721.png,0,"[0, 6, 2]"
0012728.png,0,"[0, 1, 7]"
0012729.png,0,"[0, 8, 1]"
0012737.png,0,"[0, 6, 2]"
0012743.png,0,"[0, 6, 9]"
0012747.png,0,"[0, 2, 8]"
0012762.png,0,"[0, 6, 2]"
0012772.png,0,"[0, 6, 2]"
0012776.png,0,"[0, 6, 5]"
0012777.png,0,"[0, 6, 2]"
0012793.png,0,"[0, 6, 9]"
0012794.png,0,"[0, 6, 2]"
0012798.png,6,"[6, 0, 8]"
0012805.png,0,"[0, 9, 2]"
0012809.png,0,"[0, 6, 9]"
0012816.png,0,"[0, 6, 8]"
0012818.png,0,"[0, 1, 6]"
0012820.png,0,"[0, 6, 2]"
0012825.png,0,"[0, 6, 8]"
0012827.png,0,"[0, 6, 1]"
0012831.png,0,"[0, 8, 7]"
0012836.png,0,"[0, 6, 1]"
0012843.png,0,"[0, 6, 8]"
0012847.png,0,"[0, 6, 8]"
0012857.png,0,"[0, 6, 2]"
0012859.png,0,"[0, 2, 6]"
0012873.png,0,"[0, 6, 5]"
0012888.png,0,"[0, 6, 8]"
0012893.png,0,"[0, 8, 6]"
0012900.png,0,"[0, 6, 2]"
0012905.png,0,"[0, 8, 6]"
0012912.png,0,"[0, 6, 2]"
0012915.png,0,"[0, 6, 9]"
0012926.png,0,"[0, 8, 6]"
0012932.png,0,"[0, 6, 8]"
0012940.png,0,"[0, 6, 5]"
0012942.png,0,"[0, 6, 8]"
0012952.png,0,"[0, 1, 6]"
0012955.png,0,"[0, 2, 6]"
0012957.png,0,"[0, 6, 9]"
0012971.png,0,"[0, 6, 9]"
0012978.png,0,"[0, 6, 1]"
0012983.png,0,"[0, 6, 8]"
0012986.png,0,"[0, 8, 7]"
0012988.png,0,"[0, 6, 9]"
0012989.png,0,"[0, 9, 2]"
0012990.png,0,"[0, 1, 9]"
0013002.png,0,"[0, 6, 1]"
0013003.png,0,"[0, 8, 6]"
0013007.png,0,"[0, 7, 2]"
0013008.png,0,"[0, 6, 9]"
0013021.png,0,"[0, 8, 2]"
0013023.png,0,"[0, 6, 2]"
0013026.png,0,"[0, 6, 8]"
0013029.png,0,"[0, 6, 2]"
0013030.png,0,"[0, 3, 2]"
0013032.png,0,"[0, 6, 2]"
0013033.png,0,"[0, 6, 9]"
0013042.png,0,"[0, 6, 2]"
0013048.png,0,"[0, 1, 7]"
0013049.png,0,"[0, 1, 7]"
0013052.png,0,"[0, 6, 2]"
0013063.png,0,"[0, 6, 3]"
0013064.png,0,"[0, 2, 6]"
0013067.png,0,"[0, 6, 2]"
0013069.png,0,"[0, 6, 9]"
0013079.png,0,"[0, 6, 8]"
0013089.png,0,"[0, 2, 8]"
0013091.png,0,"[0, 6, 3]"
0013096.png,0,"[0, 6, 1]"
0013104.png,0,"[0, 6, 2]"
0013106.png,6,"[6, 0, 3]"
0013107.png,0,"[0, 6, 2]"
0013111.png,0,"[0, 6, 2]"
0013120.png,0,"[0, 6, 9]"
0013121.png,0,"[0, 6, 2]"
0013131.png,0,"[0, 6, 4]"
0013135.png,0,"[0, 6, 2]"
0013136.png,0,"[0, 6, 2]"
0013138.png,0,"[0, 6, 4]"
0013146.png,8,"[8, 0, 2]"
0013148.png,0,"[0, 6, 2]"
0013150.png,6,"[6, 0, 9]"
0013152.png,0,"[0, 6, 2]"
0013156.png,0,"[0, 6, 2]"
0013158.png,0,"[0, 6, 2]"
0013161.png,0,"[0, 6, 8]"
0013168.png,0,"[0, 6, 2]"
0013173.png,0,"[0, 9, 2]"
0013180.png,0,"[0, 6, 1]"
0013183.png,0,"[0, 6, 9]"
0013186.png,0,"[0, 6, 1]"
0013187.png,0,"[0, 6, 2]"
0013193.png,0,"[0, 6, 8]"
0013196.png,0,"[0, 6, 8]"
0013199.png,0,"[0, 6, 9]"
0013201.png,0,"[0, 6, 5]"
0013209.png,0,"[0, 9, 8]"
0013211.png,0,"[0, 6, 2]"
0013216.png,0,"[0, 6, 2]"
0013217.png,0,"[0, 6, 2]"
0013224.png,0,"[0, 6, 2]"
0013231.png,0,"[0, 2, 9]"
0013240.png,0,"[0, 2, 9]"
0013243.png,0,"[0, 6, 2]"
0013254.png,0,"[0, 8, 2]"
0013262.png,0,"[0, 6, 2]"
0013266.png,0,"[0, 1, 6]"
0013267.png,0,"[0, 1, 6]"
0013269.png,0,"[0, 2, 6]"
0013273.png,0,"[0, 6, 9]"
0013274.png,0,"[0, 6, 2]"
0013275.png,0,"[0, 9, 6]"
0013279.png,0,"[0, 6, 2]"
0013285.png,0,"[0, 6, 9]"
0013293.png,0,"[0, 2, 6]"
0013294.png,0,"[0, 6, 2]"
0013295.png,0,"[0, 6, 7]"
0013298.png,0,"[0, 6, 8]"
0013299.png,0,"[0, 6, 9]"
0013300.png,0,"[0, 8, 6]"
0013307.png,0,"[0, 2, 3]"
0013313.png,0,"[0, 2, 3]"
0013319.png,0,"[0, 6, 3]"
0013321.png,0,"[0, 2, 3]"
0013323.png,0,"[0, 2, 6]"
0013329.png,0,"[0, 6, 2]"
0013331.png,0,"[0, 8, 6]"
0013332.png,0,"[0, 6, 2]"
0013337.png,0,"[0, 6, 5]"
0013345.png,0,"[0, 2, 6]"
0013346.png,0,"[0, 6, 8]"
0013347.png,0,"[0, 2, 6]"
0013350.png,0,"[0, 6, 2]"
0013352.png,0,"[0, 8, 6]"
0013353.png,0,"[0, 8, 3]"
0013358.png,0,"[0, 6, 9]"
0013366.png,0,"[0, 6, 2]"
0013367.png,0,"[0, 6, 2]"
0013368.png,0,"[0, 6, 5]"
0013370.png,0,"[0, 6, 2]"
0013378.png,0,"[0, 8, 6]"
0013379.png,0,"[0, 6, 2]"
0013381.png,0,"[0, 6, 1]"
0013385.png,0,"[0, 6, 9]"
0013386.png,0,"[0, 6, 3]"
0013387.png,0,"[0, 6, 2]"
0013398.png,0,"[0, 6, 2]"
0013400.png,0,"[0, 8, 6]"
0013405.png,0,"[0, 6, 2]"
0013406.png,0,"[0, 6, 3]"
0013408.png,0,"[0, 9, 6]"
0013424.png,0,"[0, 6, 9]"
0013430.png,0,"[0, 6, 2]"
0013432.png,0,"[0, 6, 8]"
0013434.png,0,"[0, 1, 8]"
0013440.png,0,"[0, 3, 6]"
0013441.png,0,"[0, 3, 5]"
0013455.png,0,"[0, 9, 6]"
0013456.png,0,"[0, 6, 2]"
0013464.png,0,"[0, 6, 2]"
0013469.png,0,"[0, 6, 8]"
0013471.png,0,"[0, 2, 6]"
0013475.png,0,"[0, 6, 8]"
0013489.png,0,"[0, 2, 9]"
0013497.png,0,"[0, 9, 6]"
0013498.png,0,"[0, 6, 8]"
0013503.png,0,"[0, 6, 1]"
0013508.png,0,"[0, 6, 8]"
0013509.png,0,"[0, 6, 2]"
0013510.png,0,"[0, 6, 1]"
0013514.png,0,"[0, 6, 8]"
0013515.png,0,"[0, 6, 9]"
0013517.png,0,"[0, 3, 8]"
0013519.png,0,"[0, 6, 5]"
0013523.png,0,"[0, 6, 8]"
0013527.png,0,"[0, 3, 9]"
0013529.png,0,"[0, 6, 8]"
0013534.png,0,"[0, 6, 9]"
0013537.png,0,"[0, 2, 6]"
0013538.png,0,"[0, 6, 9]"
0013540.png,0,"[0, 6, 8]"
0013549.png,0,"[0, 6, 3]"
0013561.png,0,"[0, 6, 2]"
0013563.png,0,"[0, 6, 9]"
0013566.png,0,"[0, 6, 2]"
0013571.png,0,"[0, 6, 2]"
0013580.png,0,"[0, 1, 6]"
0013584.png,0,"[0, 6, 8]"
0013592.png,1,"[1, 7, 4]"
0013594.png,1,"[1, 6, 7]"
0013595.png,1,"[1, 7, 4]"
0013612.png,1,"[1, 0, 6]"
0013615.png,1,"[1, 7, 4]"
0013617.png,1,"[1, 7, 5]"
0013621.png,1,"[1, 4, 6]"
0013624.png,1,"[1, 7, 4]"
0013638.png,1,"[1, 9, 7]"
0013639.png,4,"[4, 7, 1]"
0013650.png,1,"[1, 0, 6]"
0013653.png,1,"[1, 7, 4]"
0013654.png,1,"[1, 0, 6]"
0013656.png,1,"[1, 0, 6]"
0013662.png,1,"[1, 5, 7]"
0013664.png,1,"[1, 6, 7]"
0013666.png,1,"[1, 6, 4]"
0013671.png,1,"[1, 7, 0]"
0013672.png,1,"[1, 6, 0]"
0013687.png,1,"[1, 9, 8]"
0013688.png,1,"[1, 7, 3]"
0013695.png,1,"[1, 7, 9]"
0013699.png,1,"[1, 7, 0]"
0013703.png,1,"[1, 7, 4]"
0013709.png,1,"[1, 7, 0]"
0013719.png,1,"[1, 4, 6]"
0013720.png,1,"[1, 8, 0]"
0013726.png,1,"[1, 7, 6]"
0013728.png,1,"[1, 7, 4]"
0013735.png,1,"[1, 7, 0]"
0013738.png,1,"[1, 0, 7]"
0013739.png,1,"[1, 4, 7]"
0013744.png,1,"[1, 7, 4]"
0013753.png,1,"[1, 7, 0]"
0013759.png,1,"[1, 7, 0]"
0013762.png,1,"[1, 7, 6]"
0013767.png,1,"[1, 7, 4]"
0013771.png,1,"[1, 7, 4]"
0013774.png,1,"[1, 7, 4]"
0013776.png,1,"[1, 7, 6]"
0013780.png,1,"[1, 7, 6]"
0013783.png,1,"[1, 7, 9]"
0013785.png,1,"[1, 7, 0]"
0013792.png,1,"[1, 7, 6]"
0013795.png,1,"[1, 7, 4]"
0013802.png,1,"[1, 7, 4]"
0013805.png,1,"[1, 7, 4]"
0013812.png,1,"[1, 6, 3]"
0013815.png,1,"[1, 7, 4]"
0013858.png,1,"[1, 7, 4]"
0013861.png,1,"[1, 7, 4]"
0013862.png,1,"[1, 7, 6]"
0013870.png,1,"[1, 7, 6]"
0013874.png,1,"[1, 6, 7]"
0013876.png,1,"[1, 6, 7]"
0013882.png,1,"[1, 7, 6]"
0013887.png,1,"[1, 7, 0]"
0013889.png,1,"[1, 7, 4]"
0013904.png,1,"[1, 7, 4]"
0013905.png,1,"[1, 7, 4]"
0013906.png,1,"[1, 7, 9]"
0013909.png,1,"[1, 7, 4]"
0013920.png,1,"[1, 7, 6]"
0013930.png,1,"[1, 7, 6]"
0013932.png,1,"[1, 7, 6]"
0013954.png,1,"[1, 7, 0]"
0013962.png,1,"[1, 7, 0]"
0013971.png,1,"[1, 7, 0]"
0013974.png,1,"[1, 9, 0]"
0013977.png,1,"[1, 7, 0]"
0013981.png,1,"[1, 6, 4]"
0013984.png,1,"[1, 7, 6]"
0013987.png,1,"[1, 7, 4]"
0013994.png,1,"[1, 6, 7]"
0013996.png,1,"[1, 7, 4]"
0013997.png,1,"[1, 7, 6]"
0014001.png,1,"[1, 7, 0]"
0014004.png,1,"[1, 0, 6]"
0014005.png,1,"[1, 7, 4]"
0014009.png,1,"[1, 7, 4]"
0014014.png,1,"[1, 7, 4]"
0014018.png,1,"[1, 7, 6]"
0014022.png,1,"[1, 7, 6]"
0014024.png,1,"[1, 9, 6]"
0014027.png,1,"[1, 4, 7]"
0014033.png,1,"[1, 7, 8]"
0014045.png,1,"[1, 7, 4]"
0014055.png,1,"[1, 4, 6]"
0014070.png,1,"[1, 7, 4]"
0014078.png,1,"[1, 6, 4]"
0014082.png,1,"[1, 7, 0]"
0014093.png,1,"[1, 6, 7]"
0014102.png,1,"[1, 6, 7]"
0014103.png,1,"[1, 6, 7]"
0014104.png,1,"[1, 7, 6]"
0014105.png,1,"[1, 7, 4]"
0014108.png,1,"[1, 7, 6]"
0014110.png,1,"[1, 7, 9]"
0014127.png,1,"[1, 6, 4]"
0014137.png,1,"[1, 6, 4]"
0014141.png,1,"[1, 7, 6]"
0014146.png,1,"[1, 7, 6]"
0014164.png,1,"[1, 7, 6]"
0014165.png,1,"[1, 7, 4]"
0014168.png,1,"[1, 7, 6]"
0014170.png,1,"[1, 6, 7]"
0014171.png,1,"[1, 6, 5]"
0014173.png,1,"[1, 7, 6]"
0014177.png,1,"[1, 4, 7]"
0014179.png,1,"[1, 7, 4]"
0014191.png,1,"[1, 7, 9]"
0014196.png,1,"[1, 6, 7]"
0014197.png,1,"[1, 4, 7]"
0014206.png,1,"[1, 7, 0]"
0014209.png,1,"[1, 7, 0]"
0014215.png,1,"[1, 7, 4]"
0014218.png,1,"[1, 7, 6]"
0014220.png,1,"[1, 7, 4]"
0014226.png,1,"[1, 7, 0]"
0014227.png,1,"[1, 7, 4]"
0014242.png,1,"[1, 7, 6]"
0014246.png,1,"[1, 7, 9]"
0014254.png,1,"[1, 7, 0]"
0014255.png,1,"[1, 7, 4]"
0014264.png,1,"[1, 7, 4]"
0014266.png,1,"[1, 7, 0]"
0014274.png,1,"[1, 6, 7]"
0014278.png,1,"[1, 7, 6]"
0014285.png,1,"[1, 5, 7]"
0014302.png,1,"[1, 7, 6]"
0014305.png,4,"[4, 1, 7]"
0014313.png,1,"[1, 4, 7]"
0014320.png,1,"[1, 0, 6]"
0014330.png,1,"[1, 0, 6]"
0014335.png,1,"[1, 7, 9]"
0014338.png,1,"[1, 5, 6]"
0014339.png,1,"[1, 7, 4]"
0014340.png,1,"[1, 0, 8]"
0014344.png,1,"[1, 6, 9]"
0014358.png,1,"[1, 7, 0]"
0014366.png,1,"[1, 8, 9]"
0014371.png,1,"[1, 7, 6]"
0014385.png,1,"[1, 4, 7]"
0014386.png,1,"[1, 7, 0]"
0014388.png,1,"[1, 7, 0]"
0014390.png,1,"[1, 3, 7]"
0014391.png,1,"[1, 6, 7]"
0014392.png,1,"[1, 7, 4]"
0014396.png,1,"[1, 7, 0]"
0014403.png,1,"[1, 7, 0]"
0014406.png,1,"[1, 7, 6]"
0014407.png,1,"[1, 7, 0]"
0014416.png,1,"[1, 7, 4]"
0014422.png,1,"[1, 7, 0]"
0014443.png,1,"[1, 7, 6]"
0014444.png,1,"[1, 7, 4]"
0014446.png,1,"[1, 7, 0]"
0014459.png,1,"[1, 7, 9]"
0014462.png,1,"[1, 6, 7]"
0014467.png,1,"[1, 7, 4]"
0014472.png,1,"[1, 7, 6]"
0014474.png,1,"[1, 7, 6]"
0014480.png,1,"[1, 4, 2]"
0014481.png,8,"[8, 1, 4]"
0014482.png,1,"[1, 7, 6]"
0014509.png,1,"[1, 7, 4]"
0014514.png,1,"[1, 0, 6]"
0014527.png,1,"[1, 7, 6]"
0014530.png,1,"[1, 7, 6]"
0014536.png,1,"[1, 7, 4]"
0014542.png,1,"[1, 6, 7]"
0014543.png,1,"[1, 6, 5]"
0014552.png,1,"[1, 0, 6]"
0014558.png,1,"[1, 7, 6]"
0014563.png,1,"[1, 7, 4]"
0014565.png,1,"[1, 7, 9]"
0014569.png,1,"[1, 7, 0]"
0014572.png,1,"[1, 7, 0]"
0014574.png,1,"[1, 7, 6]"
0014586.png,1,"[1, 7, 4]"
0014595.png,1,"[1, 7, 0]"
0014596.png,1,"[1, 7, 4]"
0014603.png,1,"[1, 8, 4]"
0014609.png,1,"[1, 7, 4]"
0014618.png,1,"[1, 0, 7]"
0014620.png,1,"[1, 0, 6]"
0014627.png,1,"[1, 7, 9]"
0014631.png,1,"[1, 4, 7]"
0014635.png,1,"[1, 7, 4]"
0014639.png,1,"[1, 6, 0]"
0014647.png,1,"[1, 7, 0]"
0014664.png,1,"[1, 6, 0]"
0014669.png,1,"[1, 7, 0]"
0014674.png,1,"[1, 7, 6]"
0014680.png,1,"[1, 0, 7]"
0014682.png,1,"[1, 6, 7]"
0014701.png,1,"[1, 7, 4]"
0014705.png,1,"[1, 7, 9]"
0014712.png,1,"[1, 7, 6]"
0014715.png,1,"[1, 7, 4]"
0014720.png,1,"[1, 7, 4]"
0014722.png,1,"[1, 0, 6]"
0014731.png,1,"[1, 7, 0]"
0014732.png,1,"[1, 7, 4]"
0014736.png,1,"[1, 7, 6]"
0014740.png,1,"[1, 7, 6]"
0014746.png,1,"[1, 7, 0]"
0014760.png,1,"[1, 0, 6]"
0014765.png,1,"[1, 7, 0]"
0014767.png,1,"[1, 7, 6]"
0014772.png,1,"[1, 6, 7]"
0014792.png,1,"[1, 6, 0]"
0014800.png,1,"[1, 7, 6]"
0014805.png,1,"[1, 7, 3]"
0014809.png,1,"[1, 4, 7]"
0014812.png,1,"[1, 7, 9]"
0014822.png,1,"[1, 7, 0]"
0014824.png,1,"[1, 6, 9]"
0014825.png,1,"[1, 6, 4]"
0014829.png,1,"[1, 7, 0]"
0014836.png,1,"[1, 7, 9]"
0014837.png,1,"[1, 4, 7]"
0014841.png,1,"[1, 7, 4]"
0014842.png,1,"[1, 7, 0]"
0014844.png,1,"[1, 7, 6]"
0014846.png,1,"[1, 6, 0]"
0014849.png,1,"[1, 4, 7]"
0014856.png,1,"[1, 6, 0]"
0014875.png,1,"[1, 4, 7]"
0014883.png,1,"[1, 7, 4]"
0014889.png,1,"[1, 7, 4]"
0014890.png,2,"[2, 3, 7]"
0014897.png,1,"[1, 7, 6]"
0014898.png,1,"[1, 7, 4]"
0014899.png,1,"[1, 7, 4]"
0014900.png,1,"[1, 7, 6]"
0014901.png,1,"[1, 7, 4]"
0014918.png,1,"[1, 7, 0]"
0014921.png,1,"[1, 6, 9]"
0014934.png,1,"[1, 7, 5]"
0014938.png,1,"[1, 7, 0]"
0014939.png,1,"[1, 7, 2]"
0014945.png,1,"[1, 7, 4]"
0014954.png,1,"[1, 4, 7]"
0014959.png,1,"[1, 7, 0]"
0014960.png,1,"[1, 7, 9]"
0014968.png,1,"[1, 7, 4]"
0014970.png,1,"[1, 7, 6]"
0014971.png,1,"[1, 7, 4]"
0014980.png,1,"[1, 7, 0]"
0014983.png,1,"[1, 7, 4]"
0014986.png,1,"[1, 6, 0]"
0014988.png,1,"[1, 7, 6]"
0014989.png,1,"[1, 7, 0]"
0014992.png,1,"[1, 7, 6]"
0014994.png,1,"[1, 6, 7]"
0014995.png,1,"[1, 7, 0]"
0015002.png,1,"[1, 6, 0]"
0015006.png,1,"[1, 7, 4]"
0015026.png,1,"[1, 7, 4]"
0015029.png,1,"[1, 7, 4]"
0015031.png,1,"[1, 7, 6]"
0015045.png,1,"[1, 4, 7]"
0015053.png,1,"[1, 7, 4]"
0015061.png,1,"[1, 7, 0]"
0015064.png,4,"[4, 7, 2]"
0015068.png,1,"[1, 7, 4]"
0015073.png,1,"[1, 7, 0]"
0015081.png,1,"[1, 0, 6]"
0015092.png,1,"[1, 7, 0]"
0015100.png,1,"[1, 6, 7]"
0015103.png,1,"[1, 4, 8]"
0015104.png,1,"[1, 7, 0]"
0015105.png,1,"[1, 6, 7]"
0015119.png,1,"[1, 7, 0]"
0015123.png,1,"[1, 7, 6]"
0015124.png,1,"[1, 0, 6]"
0015140.png,1,"[1, 7, 6]"
0015142.png,1,"[1, 7, 4]"
0015143.png,1,"[1, 7, 4]"
0015147.png,1,"[1, 7, 0]"
0015148.png,1,"[1, 6, 0]"
0015159.png,1,"[1, 7, 4]"
0015161.png,1,"[1, 4, 7]"
0015169.png,1,"[1, 7, 4]"
0015176.png,1,"[1, 6, 7]"
0015182.png,1,"[1, 0, 9]"
0015186.png,1,"[1, 7, 9]"
0015188.png,1,"[1, 7, 4]"
0015189.png,1,"[1, 7, 4]"
0015193.png,1,"[1, 7, 4]"
0015197.png,1,"[1, 7, 4]"
0015198.png,1,"[1, 7, 6]"
0015200.png,1,"[1, 7, 6]"
0015202.png,1,"[1, 7, 6]"
0015208.png,1,"[1, 7, 6]"
0015215.png,1,"[1, 4, 7]"
0015219.png,1,"[1, 7, 4]"
0015224.png,1,"[1, 7, 6]"
0015241.png,1,"[1, 7, 6]"
0015245.png,1,"[1, 4, 7]"
0015255.png,1,"[1, 4, 7]"
0015260.png,1,"[1, 7, 4]"
0015266.png,1,"[1, 7, 4]"
0015270.png,1,"[1, 7, 4]"
0015277.png,1,"[1, 4, 7]"
0015281.png,1,"[1, 8, 6]"
0015290.png,1,"[1, 9, 6]"
0015293.png,1,"[1, 7, 4]"
0015294.png,1,"[1, 7, 6]"
0015295.png,1,"[1, 7, 0]"
0015299.png,1,"[1, 7, 4]"
0015300.png,1,"[1, 7, 6]"
0015309.png,1,"[1, 7, 4]"
0015314.png,1,"[1, 7, 4]"
0015319.png,1,"[1, 7, 4]"
0015324.png,1,"[1, 7, 9]"
0015329.png,1,"[1, 9, 7]"
0015333.png,1,"[1, 7, 4]"
0015334.png,1,"[1, 7, 6]"
0015352.png,1,"[1, 6, 4]"
0015353.png,1,"[1, 6, 9]"
0015359.png,1,"[1, 7, 4]"
0015365.png,1,"[1, 7, 6]"
0015366.png,1,"[1, 7, 0]"
0015367.png,1,"[1, 7, 0]"
0015375.png,1,"[1, 6, 7]"
0015382.png,1,"[1, 6, 7]"
0015384.png,1,"[1, 7, 6]"
0015385.png,1,"[1, 7, 4]"
0015391.png,1,"[1, 7, 9]"
0015393.png,1,"[1, 7, 9]"
0015394.png,1,"[1, 6, 5]"
0015395.png,1,"[1, 6, 2]"
0015397.png,1,"[1, 7, 0]"
0015414.png,1,"[1, 6, 0]"
0015418.png,1,"[1, 7, 4]"
0015420.png,1,"[1, 7, 0]"
0015424.png,1,"[1, 7, 6]"
0015437.png,1,"[1, 4, 6]"
0015443.png,1,"[1, 6, 4]"
0015445.png,1,"[1, 7, 0]"
0015452.png,1,"[1, 7, 6]"
0015464.png,1,"[1, 7, 4]"
0015466.png,1,"[1, 0, 7]"
0015470.png,1,"[1, 6, 7]"
0015474.png,1,"[1, 0, 6]"
0015476.png,1,"[1, 7, 0]"
0015479.png,1,"[1, 7, 6]"
0015483.png,1,"[1, 7, 2]"
0015487.png,1,"[1, 7, 6]"
0015488.png,1,"[1, 6, 0]"
0015491.png,1,"[1, 7, 4]"
0015510.png,1,"[1, 7, 6]"
0015516.png,1,"[1, 7, 4]"
0015517.png,1,"[1, 7, 4]"
0015520.png,1,"[1, 3, 7]"
0015524.png,1,"[1, 7, 6]"
0015526.png,1,"[1, 7, 4]"
0015528.png,1,"[1, 7, 0]"
0015532.png,1,"[1, 7, 8]"
0015535.png,1,"[1, 4, 7]"
0015557.png,1,"[1, 4, 6]"
0015559.png,1,"[1, 6, 8]"
0015560.png,1,"[1, 7, 4]"
0015564.png,1,"[1, 7, 6]"
0015567.png,1,"[1, 4, 7]"
0015571.png,1,"[1, 7, 4]"
0015575.png,1,"[1, 7, 9]"
0015582.png,1,"[1, 7, 4]"
0015584.png,1,"[1, 7, 0]"
0015588.png,1,"[1, 8, 4]"
0015590.png,1,"[1, 7, 4]"
0015597.png,1,"[1, 7, 6]"
0015599.png,1,"[1, 7, 6]"
0015601.png,1,"[1, 7, 4]"
0015603.png,1,"[1, 7, 0]"
0015605.png,1,"[1, 7, 4]"
0015608.png,1,"[1, 7, 6]"
0015609.png,1,"[1, 6, 7]"
0015625.png,1,"[1, 7, 4]"
0015627.png,1,"[1, 7, 6]"
0015632.png,1,"[1, 7, 6]"
0015634.png,1,"[1, 4, 9]"
0015640.png,1,"[1, 7, 6]"
0015641.png,1,"[1, 4, 7]"
0015642.png,1,"[1, 7, 4]"
0015656.png,1,"[1, 7, 9]"
0015657.png,1,"[1, 7, 4]"
0015658.png,1,"[1, 6, 0]"
0015661.png,1,"[1, 7, 6]"
0015666.png,1,"[1, 7, 4]"
0015681.png,1,"[1, 0, 7]"
0015684.png,1,"[1, 0, 6]"
0015689.png,1,"[1, 7, 4]"
0015691.png,1,"[1, 4, 7]"
0015695.png,1,"[1, 7, 4]"
0015697.png,1,"[1, 6, 7]"
0015698.png,1,"[1, 7, 0]"
0015700.png,1,"[1, 7, 0]"
0015701.png,1,"[1, 4, 7]"
0015704.png,1,"[1, 7, 0]"
0015709.png,1,"[1, 6, 3]"
0015718.png,1,"[1, 7, 3]"
0015719.png,1,"[1, 6, 7]"
0015740.png,1,"[1, 0, 3]"
0015741.png,1,"[1, 0, 7]"
0015747.png,1,"[1, 7, 9]"
0015749.png,1,"[1, 7, 6]"
0015750.png,1,"[1, 6, 0]"
0015752.png,1,"[1, 7, 0]"
0015759.png,1,"[1, 7, 0]"
0015760.png,1,"[1, 7, 6]"
0015774.png,1,"[1, 6, 3]"
0015781.png,1,"[1, 4, 6]"
0015793.png,1,"[1, 7, 9]"
0015795.png,1,"[1, 6, 4]"
0015803.png,1,"[1, 7, 2]"
0015807.png,1,"[1, 7, 4]"
0015809.png,1,"[1, 7, 2]"
0015825.png,1,"[1, 7, 9]"
0015827.png,1,"[1, 7, 4]"
0015838.png,1,"[1, 7, 4]"
0015857.png,1,"[1, 7, 6]"
0015861.png,1,"[1, 6, 4]"
0015864.png,1,"[1, 7, 4]"
0015865.png,1,"[1, 7, 4]"
0015867.png,1,"[1, 0, 6]"
0015870.png,1,"[1, 6, 4]"
0015872.png,1,"[1, 6, 0]"
0015876.png,1,"[1, 7, 6]"
0015881.png,1,"[1, 7, 4]"
0015883.png,1,"[1, 7, 0]"
0015886.png,1,"[1, 7, 4]"
0015893.png,1,"[1, 7, 6]"
0015902.png,1,"[1, 7, 0]"
0015905.png,1,"[1, 7, 6]"
0015918.png,1,"[1, 7, 0]"
0015920.png,7,"[7, 1, 4]"
0015922.png,1,"[1, 7, 0]"
0015927.png,1,"[1, 7, 8]"
0015944.png,1,"[1, 6, 7]"
0015951.png,2,"[2, 4, 6]"
0015952.png,1,"[1, 6, 8]"
0015953.png,1,"[1, 6, 4]"
0015954.png,1,"[1, 0, 4]"
0015955.png,1,"[1, 0, 6]"
0015958.png,1,"[1, 0, 6]"
0015959.png,1,"[1, 7, 0]"
0015972.png,1,"[1, 7, 0]"
0015977.png,1,"[1, 7, 4]"
0015983.png,1,"[1, 7, 9]"
0015987.png,1,"[1, 7, 0]"
0015989.png,1,"[1, 7, 6]"
0015990.png,1,"[1, 7, 9]"
0015991.png,1,"[1, 7, 0]"
0015994.png,1,"[1, 7, 0]"
0016001.png,1,"[1, 7, 4]"
0016003.png,1,"[1, 6, 3]"
0016005.png,1,"[1, 7, 4]"
0016008.png,1,"[1, 7, 4]"
0016011.png,1,"[1, 7, 4]"
0016014.png,1,"[1, 4, 7]"
0016029.png,1,"[1, 6, 0]"
0016041.png,1,"[1, 0, 6]"
0016043.png,1,"[1, 4, 7]"
0016052.png,1,"[1, 7, 4]"
0016065.png,1,"[1, 0, 7]"
0016083.png,1,"[1, 7, 9]"
0016100.png,1,"[1, 7, 4]"
0016101.png,1,"[1, 7, 6]"
0016103.png,1,"[1, 7, 4]"
0016109.png,1,"[1, 7, 6]"
0016112.png,1,"[1, 7, 6]"
0016121.png,1,"[1, 7, 0]"
0016122.png,1,"[1, 7, 5]"
0016126.png,1,"[1, 6, 7]"
0016135.png,1,"[1, 0, 4]"
0016137.png,4,"[4, 7, 2]"
0016142.png,1,"[1, 7, 0]"
0016148.png,1,"[1, 7, 4]"
0016150.png,1,"[1, 7, 6]"
0016156.png,1,"[1, 7, 0]"
0016157.png,1,"[1, 7, 4]"
0016161.png,1,"[1, 7, 8]"
0016168.png,1,"[1, 6, 4]"
0016176.png,1,"[1, 7, 6]"
0016192.png,1,"[1, 7, 6]"
0016194.png,1,"[1, 6, 3]"
0016201.png,1,"[1, 7, 6]"
0016205.png,1,"[1, 7, 4]"
0016214.png,1,"[1, 7, 4]"
0016215.png,1,"[1, 7, 9]"
0016225.png,1,"[1, 7, 4]"
0016227.png,1,"[1, 6, 4]"
0016229.png,1,"[1, 7, 0]"
0016240.png,1,"[1, 7, 4]"
0016246.png,1,"[1, 7, 0]"
0016249.png,1,"[1, 7, 0]"
0016256.png,1,"[1, 7, 0]"
0016262.png,1,"[1, 7, 4]"
0016267.png,1,"[1, 7, 0]"
0016268.png,1,"[1, 7, 0]"
0016276.png,1,"[1, 7, 0]"
0016278.png,1,"[1, 7, 4]"
0016280.png,1,"[1, 0, 7]"
0016283.png,1,"[1, 7, 6]"
0016284.png,1,"[1, 7, 6]"
0016285.png,1,"[1, 7, 6]"
0016286.png,1,"[1, 6, 7]"
0016293.png,1,"[1, 6, 7]"
0016301.png,1,"[1, 6, 4]"
0016320.png,7,"[7, 2, 1]"
0016331.png,1,"[1, 7, 9]"
0016336.png,1,"[1, 7, 4]"
0016338.png,1,"[1, 7, 4]"
0016348.png,1,"[1, 7, 9]"
0016357.png,1,"[1, 7, 6]"
0016369.png,1,"[1, 7, 0]"
0016381.png,1,"[1, 0, 7]"
0016388.png,1,"[1, 7, 6]"
0016391.png,1,"[1, 7, 4]"
0016400.png,1,"[1, 0, 6]"
0016402.png,1,"[1, 7, 0]"
0016407.png,1,"[1, 7, 4]"
0016410.png,1,"[1, 7, 6]"
0016417.png,1,"[1, 7, 4]"
0016418.png,1,"[1, 7, 6]"
0016420.png,1,"[1, 0, 6]"
0016422.png,1,"[1, 7, 4]"
0016429.png,1,"[1, 7, 6]"
0016431.png,1,"[1, 7, 4]"
0016440.png,1,"[1, 7, 6]"
0016445.png,1,"[1, 4, 8]"
0016446.png,1,"[1, 7, 6]"
0016451.png,1,"[1, 7, 6]"
0016462.png,1,"[1, 6, 7]"
0016463.png,1,"[1, 7, 6]"
0016466.png,1,"[1, 7, 4]"
0016475.png,1,"[1, 7, 4]"
0016480.png,1,"[1, 6, 0]"
0016481.png,1,"[1, 4, 6]"
0016482.png,1,"[1, 0, 6]"
0016483.png,1,"[1, 6, 4]"
0016494.png,1,"[1, 6, 7]"
0016502.png,1,"[1, 7, 6]"
0016521.png,1,"[1, 4, 7]"
0016524.png,1,"[1, 7, 6]"
0016537.png,1,"[1, 7, 4]"
0016539.png,1,"[1, 7, 4]"
0016542.png,1,"[1, 7, 0]"
0016543.png,1,"[1, 7, 4]"
0016556.png,1,"[1, 7, 4]"
0016557.png,1,"[1, 7, 4]"
0016558.png,1,"[1, 7, 6]"
0016560.png,1,"[1, 7, 0]"
0016561.png,1,"[1, 7, 4]"
0016563.png,1,"[1, 7, 4]"
0016565.png,1,"[1, 7, 6]"
0016570.png,1,"[1, 7, 0]"
0016571.png,1,"[1, 7, 6]"
0016573.png,1,"[1, 7, 4]"
0016577.png,1,"[1, 7, 4]"
0016578.png,1,"[1, 7, 6]"
0016583.png,1,"[1, 7, 9]"
0016585.png,1,"[1, 7, 6]"
0016591.png,1,"[1, 7, 2]"
0016593.png,1,"[1, 7, 6]"
0016595.png,1,"[1, 7, 6]"
0016596.png,1,"[1, 0, 7]"
0016597.png,1,"[1, 7, 9]"
0016602.png,1,"[1, 6, 0]"
0016605.png,1,"[1, 7, 6]"
0016607.png,1,"[1, 8, 9]"
0016610.png,1,"[1, 0, 6]"
0016611.png,1,"[1, 7, 6]"
0016628.png,1,"[1, 7, 6]"
0016645.png,1,"[1, 7, 4]"
0016647.png,1,"[1, 7, 0]"
0016655.png,1,"[1, 8, 0]"
0016664.png,1,"[1, 0, 7]"
0016666.png,1,"[1, 0, 6]"
0016679.png,1,"[1, 7, 6]"
0016687.png,1,"[1, 7, 9]"
0016690.png,1,"[1, 6, 0]"
0016691.png,1,"[1, 7, 0]"
0016702.png,1,"[1, 7, 4]"
0016707.png,1,"[1, 7, 4]"
0016713.png,1,"[1, 7, 4]"
0016716.png,4,"[4, 1, 7]"
0016717.png,4,"[4, 7, 9]"
0016719.png,1,"[1, 9, 7]"
0016722.png,1,"[1, 0, 7]"
0016725.png,1,"[1, 7, 4]"
0016728.png,1,"[1, 2, 9]"
0016730.png,1,"[1, 0, 6]"
0016732.png,2,"[2, 7, 5]"
0016748.png,1,"[1, 7, 4]"
0016755.png,1,"[1, 7, 4]"
0016757.png,1,"[1, 4, 7]"
0016759.png,1,"[1, 7, 0]"
0016770.png,1,"[1, 7, 6]"
0016773.png,1,"[1, 6, 0]"
0016774.png,1,"[1, 7, 6]"
0016789.png,1,"[1, 4, 7]"
0016795.png,1,"[1, 4, 2]"
0016796.png,1,"[1, 6, 7]"
0016813.png,1,"[1, 6, 0]"
0016833.png,1,"[1, 7, 4]"
0016837.png,1,"[1, 7, 0]"
0016840.png,1,"[1, 7, 4]"
0016845.png,1,"[1, 6, 8]"
0016851.png,1,"[1, 7, 6]"
0016865.png,1,"[1, 7, 9]"
0016868.png,1,"[1, 4, 7]"
0016875.png,1,"[1, 9, 7]"
0016876.png,1,"[1, 7, 6]"
0016881.png,1,"[1, 7, 6]"
0016885.png,1,"[1, 7, 6]"
0016887.png,1,"[1, 0, 7]"
0016888.png,1,"[1, 7, 6]"
0016900.png,1,"[1, 7, 0]"
0016906.png,1,"[1, 0, 6]"
0016908.png,1,"[1, 4, 6]"
0016909.png,1,"[1, 7, 4]"
0016919.png,1,"[1, 7, 4]"
0016924.png,1,"[1, 7, 6]"
0016945.png,1,"[1, 7, 4]"
0016946.png,1,"[1, 7, 6]"
0016954.png,1,"[1, 6, 7]"
0016956.png,1,"[1, 7, 3]"
0016957.png,1,"[1, 7, 9]"
0016962.png,1,"[1, 7, 0]"
0016964.png,1,"[1, 0, 6]"
0016972.png,1,"[1, 4, 9]"
0016974.png,1,"[1, 6, 7]"
0016978.png,1,"[1, 7, 6]"
0016980.png,1,"[1, 6, 3]"
0016991.png,1,"[1, 7, 4]"
0016996.png,1,"[1, 8, 6]"
0016998.png,1,"[1, 4, 7]"
0017001.png,1,"[1, 7, 6]"
0017005.png,1,"[1, 7, 9]"
0017017.png,1,"[1, 7, 0]"
0017028.png,1,"[1, 7, 4]"
0017049.png,1,"[1, 7, 6]"
0017058.png,1,"[1, 7, 4]"
0017059.png,1,"[1, 7, 4]"
0017072.png,1,"[1, 4, 7]"
0017073.png,1,"[1, 7, 4]"
0017077.png,1,"[1, 0, 7]"
0017087.png,1,"[1, 7, 4]"
0017102.png,1,"[1, 7, 9]"
0017104.png,1,"[1, 7, 6]"
0017109.png,1,"[1, 7, 4]"
0017114.png,1,"[1, 6, 0]"
0017117.png,1,"[1, 7, 4]"
0017118.png,1,"[1, 6, 7]"
0017129.png,1,"[1, 7, 4]"
0017154.png,1,"[1, 7, 6]"
0017157.png,1,"[1, 7, 0]"
0017160.png,7,"[7, 4, 2]"
0017161.png,7,"[7, 1, 9]"
0017166.png,1,"[1, 6, 7]"
0017169.png,1,"[1, 7, 6]"
0017171.png,1,"[1, 7, 4]"
0017175.png,1,"[1, 0, 7]"
0017182.png,1,"[1, 6, 0]"
0017192.png,1,"[1, 7, 6]"
0017193.png,1,"[1, 0, 7]"
0017196.png,1,"[1, 7, 0]"
0017198.png,1,"[1, 6, 0]"
0017204.png,7,"[7, 4, 9]"
0017205.png,7,"[7, 4, 1]"
0017208.png,1,"[1, 7, 4]"
0017217.png,1,"[1, 7, 0]"
0017220.png,1,"[1, 0, 7]"
0017225.png,1,"[1, 4, 8]"
0017227.png,1,"[1, 7, 6]"
0017232.png,1,"[1, 7, 4]"
0017244.png,1,"[1, 7, 3]"
0017246.png,1,"[1, 7, 6]"
0017250.png,2,"[2, 7, 3]"
0017261.png,1,"[1, 7, 9]"
0017266.png,1,"[1, 7, 0]"
0017272.png,1,"[1, 0, 6]"
0017273.png,1,"[1, 7, 4]"
0017278.png,1,"[1, 2, 7]"
0017279.png,1,"[1, 5, 4]"
0017281.png,1,"[1, 7, 4]"
0017282.png,1,"[1, 0, 6]"
0017288.png,1,"[1, 7, 6]"
0017296.png,1,"[1, 6, 7]"
0017298.png,7,"[7, 4, 5]"
0017301.png,1,"[1, 7, 8]"
0017305.png,1,"[1, 6, 7]"
0017312.png,1,"[1, 7, 0]"
0017314.png,1,"[1, 7, 4]"
0017316.png,2,"[2, 1, 4]"
0017323.png,1,"[1, 7, 4]"
0017329.png,1,"[1, 7, 0]"
0017341.png,1,"[1, 7, 4]"
0017347.png,1,"[1, 7, 9]"
0017350.png,1,"[1, 7, 6]"
0017351.png,1,"[1, 4, 6]"
0017352.png,1,"[1, 7, 4]"
0017356.png,1,"[1, 7, 6]"
0017364.png,1,"[1, 7, 6]"
0017366.png,1,"[1, 8, 3]"
0017368.png,1,"[1, 7, 6]"
0017375.png,1,"[1, 7, 6]"
0017377.png,1,"[1, 6, 4]"
0017379.png,1,"[1, 7, 6]"
0017395.png,1,"[1, 7, 6]"
0017400.png,1,"[1, 6, 0]"
0017401.png,1,"[1, 0, 6]"
0017403.png,1,"[1, 7, 9]"
0017406.png,1,"[1, 7, 9]"
0017408.png,1,"[1, 7, 2]"
0017415.png,1,"[1, 7, 4]"
0017416.png,1,"[1, 7, 6]"
0017419.png,1,"[1, 7, 4]"
0017420.png,1,"[1, 7, 6]"
0017427.png,1,"[1, 9, 8]"
0017436.png,1,"[1, 0, 7]"
0017438.png,1,"[1, 7, 4]"
0017451.png,1,"[1, 7, 4]"
0017465.png,1,"[1, 7, 4]"
0017472.png,1,"[1, 7, 6]"
0017480.png,1,"[1, 8, 0]"
0017486.png,1,"[1, 6, 7]"
0017490.png,1,"[1, 7, 6]"
0017491.png,1,"[1, 6, 9]"
0017498.png,1,"[1, 7, 6]"
0017499.png,1,"[1, 7, 0]"
0017505.png,1,"[1, 0, 7]"
0017510.png,1,"[1, 7, 6]"
0017517.png,1,"[1, 7, 0]"
0017518.png,1,"[1, 6, 7]"
0017520.png,1,"[1, 7, 3]"
0017522.png,1,"[1, 7, 4]"
0017533.png,1,"[1, 7, 4]"
0017541.png,1,"[1, 6, 0]"
0017544.png,1,"[1, 7, 0]"
0017557.png,2,"[2, 4, 9]"
0017564.png,1,"[1, 6, 0]"
0017567.png,1,"[1, 7, 4]"
0017577.png,1,"[1, 0, 7]"
0017591.png,1,"[1, 7, 4]"
0017596.png,1,"[1, 7, 4]"
0017598.png,1,"[1, 7, 6]"
0017600.png,1,"[1, 7, 6]"
0017609.png,1,"[1, 7, 4]"
0017613.png,1,"[1, 0, 7]"
0017615.png,1,"[1, 7, 6]"
0017616.png,7,"[7, 1, 4]"
0017617.png,7,"[7, 4, 2]"
0017619.png,1,"[1, 6, 7]"
0017624.png,1,"[1, 7, 9]"
0017635.png,1,"[1, 6, 7]"
0017636.png,1,"[1, 7, 6]"
0017639.png,1,"[1, 7, 9]"
0017644.png,1,"[1, 7, 4]"
0017649.png,2,"[2, 4, 7]"
0017652.png,1,"[1, 7, 4]"
0017658.png,1,"[1, 4, 7]"
0017660.png,6,"[6, 1, 0]"
0017666.png,1,"[1, 6, 7]"
0017667.png,1,"[1, 4, 9]"
0017673.png,1,"[1, 9, 7]"
0017702.png,1,"[1, 7, 4]"
0017710.png,1,"[1, 7, 4]"
0017717.png,1,"[1, 7, 4]"
0017719.png,1,"[1, 7, 9]"
0017721.png,1,"[1, 7, 9]"
0017725.png,1,"[1, 7, 4]"
0017726.png,1,"[1, 6, 0]"
0017730.png,1,"[1, 7, 6]"
0017740.png,1,"[1, 7, 4]"
0017745.png,1,"[1, 7, 6]"
0017756.png,1,"[1, 7, 9]"
0017762.png,1,"[1, 7, 6]"
0017765.png,1,"[1, 7, 4]"
0017766.png,1,"[1, 7, 6]"
0017775.png,1,"[1, 7, 4]"
0017783.png,1,"[1, 7, 4]"
0017787.png,1,"[1, 4, 7]"
0017796.png,1,"[1, 0, 7]"
0017798.png,1,"[1, 7, 4]"
0017801.png,1,"[1, 6, 7]"
0017803.png,1,"[1, 7, 4]"
0017805.png,1,"[1, 7, 6]"
0017806.png,1,"[1, 7, 4]"
0017809.png,1,"[1, 7, 6]"
0017818.png,1,"[1, 0, 3]"
0017819.png,1,"[1, 6, 0]"
0017820.png,1,"[1, 7, 4]"
0017822.png,1,"[1, 7, 6]"
0017829.png,1,"[1, 4, 7]"
0017830.png,1,"[1, 6, 7]"
0017840.png,1,"[1, 9, 6]"
0017846.png,1,"[1, 4, 7]"
0017849.png,1,"[1, 7, 4]"
0017863.png,1,"[1, 7, 4]"
0017890.png,1,"[1, 6, 7]"
0017892.png,1,"[1, 7, 6]"
0017896.png,1,"[1, 6, 7]"
0017897.png,1,"[1, 6, 7]"
0017902.png,1,"[1, 7, 0]"
0017903.png,1,"[1, 7, 6]"
0017917.png,1,"[1, 6, 7]"
0017918.png,1,"[1, 7, 9]"
0017921.png,1,"[1, 7, 4]"
0017922.png,1,"[1, 6, 7]"
0017929.png,1,"[1, 7, 4]"
0017930.png,1,"[1, 6, 0]"
0017941.png,1,"[1, 7, 3]"
0017946.png,1,"[1, 0, 4]"
0017950.png,1,"[1, 4, 7]"
0017952.png,1,"[1, 7, 5]"
0017957.png,1,"[1, 7, 9]"
0017958.png,1,"[1, 4, 7]"
0017962.png,1,"[1, 6, 7]"
0017966.png,1,"[1, 7, 4]"
0017971.png,1,"[1, 4, 6]"
0017976.png,1,"[1, 7, 6]"
0017989.png,1,"[1, 7, 6]"
0017991.png,1,"[1, 6, 7]"
0017996.png,1,"[1, 6, 7]"
0018003.png,1,"[1, 0, 7]"
0018004.png,1,"[1, 7, 6]"
0018006.png,1,"[1, 7, 4]"
0018010.png,1,"[1, 0, 6]"
0018017.png,1,"[1, 6, 7]"
0018018.png,1,"[1, 7, 6]"
0018019.png,1,"[1, 7, 4]"
0018024.png,1,"[1, 7, 4]"
0018035.png,1,"[1, 7, 4]"
0018043.png,1,"[1, 7, 6]"
0018049.png,1,"[1, 7, 0]"
0018050.png,1,"[1, 6, 4]"
0018056.png,1,"[1, 7, 9]"
0018059.png,1,"[1, 4, 7]"
0018066.png,1,"[1, 7, 4]"
0018073.png,1,"[1, 7, 4]"
0018074.png,1,"[1, 7, 4]"
0018083.png,1,"[1, 7, 5]"
0018094.png,1,"[1, 7, 6]"
0018103.png,1,"[1, 7, 4]"
0018107.png,1,"[1, 7, 4]"
0018121.png,1,"[1, 7, 4]"
0018122.png,1,"[1, 7, 4]"
0018130.png,1,"[1, 7, 6]"
0018136.png,1,"[1, 7, 6]"
0018137.png,1,"[1, 7, 2]"
0018141.png,1,"[1, 7, 0]"
0018143.png,1,"[1, 6, 7]"
0018158.png,1,"[1, 0, 6]"
0018161.png,1,"[1, 7, 4]"
0018170.png,1,"[1, 6, 0]"
0018177.png,1,"[1, 0, 7]"
0018184.png,1,"[1, 0, 7]"
0018187.png,1,"[1, 7, 4]"
0018189.png,1,"[1, 4, 7]"
0018190.png,1,"[1, 6, 7]"
0018193.png,1,"[1, 7, 0]"
0018195.png,1,"[1, 7, 6]"
0018204.png,1,"[1, 7, 6]"
0018206.png,1,"[1, 7, 6]"
0018213.png,1,"[1, 4, 7]"
0018226.png,1,"[1, 7, 6]"
0018232.png,1,"[1, 0, 7]"
0018233.png,1,"[1, 7, 0]"
0018235.png,1,"[1, 4, 7]"
0018246.png,1,"[1, 8, 7]"
0018247.png,1,"[1, 4, 7]"
0018253.png,1,"[1, 7, 4]"
0018255.png,1,"[1, 6, 7]"
0018256.png,1,"[1, 6, 7]"
0018261.png,1,"[1, 7, 6]"
0018262.png,1,"[1, 6, 0]"
0018265.png,1,"[1, 7, 9]"
0018268.png,1,"[1, 7, 4]"
0018272.png,1,"[1, 7, 6]"
0018285.png,1,"[1, 7, 0]"
0018290.png,1,"[1, 7, 0]"
0018299.png,1,"[1, 8, 4]"
0018300.png,1,"[1, 0, 7]"
0018301.png,1,"[1, 7, 0]"
0018303.png,1,"[1, 6, 0]"
0018310.png,1,"[1, 7, 6]"
0018313.png,1,"[1, 7, 4]"
0018317.png,1,"[1, 7, 4]"
0018319.png,1,"[1, 7, 0]"
0018322.png,1,"[1, 0, 6]"
0018329.png,1,"[1, 7, 4]"
0018341.png,1,"[1, 4, 2]"
0018349.png,4,"[4, 1, 7]"
0018350.png,1,"[1, 7, 3]"
0018353.png,1,"[1, 7, 0]"
0018354.png,1,"[1, 7, 0]"
0018360.png,1,"[1, 6, 7]"
0018361.png,1,"[1, 7, 6]"
0018362.png,1,"[1, 6, 7]"
0018370.png,1,"[1, 9, 6]"
0018374.png,1,"[1, 7, 4]"
0018384.png,1,"[1, 7, 6]"
0018399.png,1,"[1, 7, 4]"
0018409.png,1,"[1, 6, 7]"
0018410.png,1,"[1, 0, 6]"
0018412.png,1,"[1, 7, 4]"
0018422.png,1,"[1, 7, 4]"
0018433.png,1,"[1, 7, 4]"
0018441.png,1,"[1, 7, 0]"
0018446.png,1,"[1, 7, 0]"
0018453.png,1,"[1, 7, 4]"
0018457.png,1,"[1, 7, 9]"
0018460.png,1,"[1, 7, 4]"
0018462.png,1,"[1, 7, 0]"
0018469.png,1,"[1, 7, 4]"
0018474.png,1,"[1, 7, 4]"
0018476.png,1,"[1, 9, 6]"
0018479.png,1,"[1, 4, 7]"
0018481.png,1,"[1, 7, 4]"
0018486.png,1,"[1, 7, 0]"
0018491.png,1,"[1, 6, 7]"
0018495.png,1,"[1, 7, 4]"
0018497.png,1,"[1, 7, 0]"
0018503.png,1,"[1, 4, 6]"
0018506.png,1,"[1, 7, 6]"
0018511.png,1,"[1, 7, 8]"
0018512.png,1,"[1, 7, 6]"
0018514.png,1,"[1, 6, 7]"
0018518.png,1,"[1, 7, 6]"
0018532.png,1,"[1, 9, 4]"
0018537.png,1,"[1, 7, 0]"
0018545.png,1,"[1, 4, 7]"
0018552.png,1,"[1, 7, 6]"
0018564.png,1,"[1, 7, 6]"
0018566.png,1,"[1, 0, 7]"
0018568.png,1,"[1, 7, 6]"
0018570.png,1,"[1, 7, 6]"
0018574.png,1,"[1, 0, 7]"
0018595.png,1,"[1, 9, 7]"
0018596.png,1,"[1, 7, 6]"
0018598.png,1,"[1, 4, 7]"
0018599.png,1,"[1, 7, 4]"
0018600.png,1,"[1, 7, 6]"
0018603.png,1,"[1, 6, 4]"
0018609.png,1,"[1, 4, 7]"
0018611.png,1,"[1, 7, 4]"
0018613.png,1,"[1, 7, 4]"
0018614.png,1,"[1, 7, 6]"
0018618.png,1,"[1, 6, 7]"
0018619.png,1,"[1, 7, 4]"
0018623.png,1,"[1, 7, 6]"
0018640.png,1,"[1, 7, 6]"
0018642.png,1,"[1, 0, 6]"
0018644.png,1,"[1, 7, 4]"
0018646.png,1,"[1, 0, 7]"
0018653.png,1,"[1, 6, 4]"
0018656.png,1,"[1, 6, 7]"
0018663.png,1,"[1, 7, 0]"
0018672.png,1,"[1, 7, 4]"
0018673.png,1,"[1, 7, 4]"
0018679.png,1,"[1, 7, 6]"
0018681.png,1,"[1, 7, 6]"
0018684.png,1,"[1, 7, 4]"
0018685.png,1,"[1, 7, 5]"
0018688.png,1,"[1, 7, 0]"
0018693.png,1,"[1, 7, 4]"
0018696.png,1,"[1, 7, 4]"
0018698.png,1,"[1, 7, 6]"
0018704.png,1,"[1, 7, 0]"
0018706.png,1,"[1, 7, 4]"
0018708.png,1,"[1, 7, 4]"
0018718.png,1,"[1, 7, 4]"
0018725.png,1,"[1, 7, 4]"
0018737.png,1,"[1, 7, 6]"
0018742.png,1,"[1, 7, 4]"
0018745.png,1,"[1, 4, 7]"
0018748.png,1,"[1, 6, 7]"
0018762.png,1,"[1, 3, 0]"
0018766.png,1,"[1, 7, 0]"
0018773.png,1,"[1, 7, 4]"
0018779.png,1,"[1, 7, 9]"
0018783.png,1,"[1, 7, 4]"
0018787.png,1,"[1, 7, 4]"
0018788.png,1,"[1, 7, 0]"
0018795.png,1,"[1, 8, 3]"
0018796.png,1,"[1, 7, 9]"
0018797.png,1,"[1, 7, 4]"
0018811.png,1,"[1, 6, 2]"
0018812.png,1,"[1, 6, 9]"
0018815.png,1,"[1, 7, 4]"
0018818.png,6,"[6, 1, 0]"
0018850.png,1,"[1, 7, 6]"
0018853.png,1,"[1, 7, 6]"
0018855.png,1,"[1, 7, 4]"
0018858.png,1,"[1, 7, 6]"
0018860.png,1,"[1, 4, 6]"
0018861.png,1,"[1, 6, 4]"
0018865.png,1,"[1, 7, 4]"
0018869.png,1,"[1, 7, 4]"
0018873.png,1,"[1, 7, 4]"
0018883.png,1,"[1, 4, 7]"
0018888.png,1,"[1, 7, 0]"
0018889.png,1,"[1, 7, 4]"
0018897.png,1,"[1, 7, 0]"
0018898.png,1,"[1, 6, 7]"
0018903.png,1,"[1, 7, 6]"
0018906.png,1,"[1, 7, 6]"
0018908.png,1,"[1, 7, 4]"
0018909.png,1,"[1, 7, 4]"
0018920.png,1,"[1, 7, 6]"
0018922.png,1,"[1, 7, 0]"
0018924.png,1,"[1, 7, 0]"
0018926.png,1,"[1, 7, 9]"
0018929.png,1,"[1, 7, 9]"
0018931.png,1,"[1, 7, 4]"
0018932.png,1,"[1, 6, 7]"
0018940.png,1,"[1, 7, 6]"
0018941.png,1,"[1, 7, 4]"
0018944.png,1,"[1, 7, 9]"
0018949.png,1,"[1, 7, 4]"
0018953.png,1,"[1, 7, 6]"
0018955.png,1,"[1, 7, 4]"
0018958.png,1,"[1, 7, 4]"
0018974.png,1,"[1, 7, 0]"
0018983.png,1,"[1, 4, 6]"
0018984.png,1,"[1, 6, 9]"
0018997.png,1,"[1, 6, 0]"
0019000.png,1,"[1, 7, 0]"
0019003.png,2,"[2, 4, 7]"
0019005.png,1,"[1, 7, 6]"
0019008.png,1,"[1, 7, 9]"
0019011.png,1,"[1, 4, 7]"
0019012.png,1,"[1, 0, 6]"
0019014.png,1,"[1, 7, 4]"
0019015.png,1,"[1, 7, 4]"
0019016.png,1,"[1, 7, 6]"
0019019.png,1,"[1, 6, 7]"
0019022.png,1,"[1, 6, 9]"
0019024.png,1,"[1, 6, 7]"
0019025.png,1,"[1, 7, 9]"
0019030.png,1,"[1, 6, 7]"
0019040.png,1,"[1, 7, 6]"
0019042.png,1,"[1, 7, 9]"
0019043.png,1,"[1, 7, 4]"
0019046.png,1,"[1, 6, 5]"
0019055.png,1,"[1, 7, 4]"
0019056.png,1,"[1, 7, 6]"
0019059.png,1,"[1, 7, 6]"
0019067.png,1,"[1, 7, 6]"
0019068.png,1,"[1, 6, 0]"
0019070.png,1,"[1, 7, 4]"
0019072.png,1,"[1, 7, 0]"
0019079.png,1,"[1, 7, 9]"
0019080.png,1,"[1, 7, 9]"
0019082.png,1,"[1, 3, 7]"
0019084.png,1,"[1, 6, 0]"
0019091.png,1,"[1, 7, 4]"
0019100.png,1,"[1, 0, 6]"
0019109.png,1,"[1, 4, 7]"
0019110.png,1,"[1, 7, 4]"
0019113.png,1,"[1, 7, 6]"
0019114.png,1,"[1, 7, 0]"
0019125.png,1,"[1, 7, 4]"
0019152.png,1,"[1, 7, 4]"
0019153.png,1,"[1, 7, 4]"
0019154.png,1,"[1, 7, 4]"
0019171.png,1,"[1, 9, 7]"
0019173.png,1,"[1, 7, 0]"
0019179.png,1,"[1, 4, 6]"
0019181.png,1,"[1, 6, 7]"
0019184.png,1,"[1, 7, 9]"
0019194.png,1,"[1, 7, 4]"
0019205.png,1,"[1, 7, 4]"
0019215.png,1,"[1, 8, 7]"
0019216.png,1,"[1, 7, 4]"
0019218.png,1,"[1, 0, 7]"
0019228.png,1,"[1, 7, 9]"
0019233.png,1,"[1, 7, 4]"
0019260.png,1,"[1, 7, 9]"
0019264.png,1,"[1, 0, 6]"
0019267.png,1,"[1, 7, 9]"
0019270.png,1,"[1, 4, 7]"
0019295.png,1,"[1, 7, 4]"
0019299.png,1,"[1, 7, 9]"
0019304.png,1,"[1, 0, 6]"
0019310.png,1,"[1, 7, 4]"
0019312.png,1,"[1, 7, 4]"
0019313.png,1,"[1, 0, 7]"
0019315.png,1,"[1, 0, 7]"
0019318.png,1,"[1, 0, 6]"
0019322.png,1,"[1, 7, 6]"
0019353.png,1,"[1, 7, 6]"
0019355.png,1,"[1, 7, 4]"
0019363.png,1,"[1, 7, 0]"
0019365.png,1,"[1, 7, 4]"
0019372.png,1,"[1, 7, 0]"
0019382.png,1,"[1, 7, 0]"
0019393.png,1,"[1, 6, 0]"
0019395.png,2,"[2, 4, 9]"
0019396.png,1,"[1, 7, 6]"
0019399.png,1,"[1, 7, 6]"
0019403.png,1,"[1, 4, 7]"
0019405.png,1,"[1, 7, 9]"
0019411.png,1,"[1, 7, 4]"
0019417.png,1,"[1, 7, 4]"
0019418.png,1,"[1, 4, 2]"
0019422.png,1,"[1, 0, 6]"
0019423.png,1,"[1, 4, 7]"
0019427.png,1,"[1, 7, 4]"
0019430.png,1,"[1, 7, 4]"
0019435.png,1,"[1, 7, 4]"
0019439.png,1,"[1, 7, 4]"
0019448.png,1,"[1, 0, 6]"
0019453.png,1,"[1, 7, 0]"
0019458.png,1,"[1, 7, 9]"
0019462.png,1,"[1, 7, 0]"
0019465.png,1,"[1, 7, 4]"
0019472.png,1,"[1, 7, 9]"
0019473.png,1,"[1, 7, 9]"
0019474.png,1,"[1, 7, 4]"
0019475.png,1,"[1, 6, 7]"
0019478.png,1,"[1, 7, 4]"
0019482.png,1,"[1, 7, 4]"
0019483.png,1,"[1, 7, 6]"
0019487.png,1,"[1, 7, 4]"
0019488.png,1,"[1, 7, 6]"
0019490.png,1,"[1, 7, 0]"
0019491.png,1,"[1, 7, 0]"
0019493.png,1,"[1, 7, 4]"
0019494.png,2,"[2, 9, 8]"
0019513.png,1,"[1, 7, 0]"
0019514.png,1,"[1, 7, 6]"
0019520.png,1,"[1, 6, 7]"
0019523.png,1,"[1, 7, 6]"
0019525.png,1,"[1, 7, 0]"
0019537.png,1,"[1, 7, 9]"
0019538.png,1,"[1, 6, 0]"
0019541.png,1,"[1, 7, 9]"
0019544.png,1,"[1, 7, 0]"
0019548.png,1,"[1, 7, 4]"
0019549.png,1,"[1, 7, 4]"
0019555.png,1,"[1, 0, 7]"
0019556.png,1,"[1, 7, 6]"
0019560.png,1,"[1, 9, 7]"
0019561.png,1,"[1, 8, 9]"
0019570.png,1,"[1, 7, 0]"
0019572.png,1,"[1, 0, 7]"
0019577.png,1,"[1, 7, 4]"
0019586.png,1,"[1, 7, 4]"
0019594.png,1,"[1, 7, 9]"
0019597.png,1,"[1, 7, 9]"
0019601.png,1,"[1, 7, 5]"
0019610.png,1,"[1, 7, 9]"
0019611.png,1,"[1, 7, 6]"
0019622.png,1,"[1, 0, 6]"
0019624.png,1,"[1, 7, 0]"
0019625.png,1,"[1, 7, 0]"
0019628.png,1,"[1, 6, 4]"
0019632.png,1,"[1, 7, 0]"
0019640.png,1,"[1, 7, 4]"
0019643.png,1,"[1, 7, 6]"
0019645.png,1,"[1, 7, 8]"
0019648.png,1,"[1, 7, 4]"
0019649.png,1,"[1, 7, 4]"
0019653.png,1,"[1, 4, 7]"
0019670.png,1,"[1, 7, 6]"
0019671.png,1,"[1, 7, 4]"
0019672.png,1,"[1, 8, 9]"
0019675.png,1,"[1, 4, 2]"
0019688.png,1,"[1, 7, 4]"
0019693.png,1,"[1, 7, 4]"
0019697.png,1,"[1, 7, 4]"
0019700.png,1,"[1, 7, 4]"
0019706.png,1,"[1, 7, 4]"
0019711.png,1,"[1, 7, 4]"
0019712.png,1,"[1, 7, 6]"
0019715.png,1,"[1, 7, 4]"
0019719.png,7,"[7, 2, 1]"
0019725.png,4,"[4, 1, 7]"
0019728.png,1,"[1, 6, 7]"
0019731.png,1,"[1, 4, 7]"
0019737.png,1,"[1, 7, 6]"
0019741.png,1,"[1, 6, 7]"
0019742.png,1,"[1, 7, 6]"
0019744.png,1,"[1, 6, 3]"
0019749.png,1,"[1, 7, 4]"
0019761.png,1,"[1, 7, 4]"
0019762.png,1,"[1, 7, 4]"
0019766.png,1,"[1, 0, 6]"
0019774.png,1,"[1, 7, 6]"
0019777.png,1,"[1, 7, 9]"
0019780.png,1,"[1, 7, 0]"
0019790.png,1,"[1, 7, 6]"
0019796.png,1,"[1, 7, 4]"
0019805.png,1,"[1, 7, 4]"
0019807.png,1,"[1, 4, 7]"
0019811.png,1,"[1, 7, 4]"
0019814.png,1,"[1, 7, 4]"
0019820.png,1,"[1, 7, 6]"
0019822.png,1,"[1, 7, 0]"
0019827.png,1,"[1, 7, 4]"
0019829.png,1,"[1, 7, 4]"
0019832.png,1,"[1, 0, 6]"
0019833.png,1,"[1, 7, 4]"
0019835.png,1,"[1, 7, 4]"
0019837.png,1,"[1, 7, 0]"
0019841.png,1,"[1, 4, 7]"
0019847.png,1,"[1, 7, 4]"
0019850.png,1,"[1, 7, 5]"
0019851.png,1,"[1, 7, 9]"
0019852.png,1,"[1, 7, 6]"
0019857.png,1,"[1, 7, 4]"
0019858.png,1,"[1, 7, 0]"
0019876.png,1,"[1, 0, 7]"
0019880.png,1,"[1, 0, 7]"
0019885.png,1,"[1, 7, 4]"
0019889.png,1,"[1, 7, 6]"
0019898.png,1,"[1, 7, 9]"
0019904.png,1,"[1, 6, 4]"
0019907.png,1,"[1, 4, 9]"
0019915.png,1,"[1, 7, 4]"
0019921.png,1,"[1, 6, 7]"
0019922.png,1,"[1, 7, 9]"
0019924.png,1,"[1, 7, 6]"
0019934.png,1,"[1, 7, 5]"
0019935.png,1,"[1, 7, 4]"
0019943.png,1,"[1, 7, 6]"
0019944.png,1,"[1, 7, 4]"
0019946.png,1,"[1, 7, 4]"
0019948.png,1,"[1, 6, 7]"
0019951.png,1,"[1, 7, 9]"
0019953.png,1,"[1, 7, 0]"
0019964.png,1,"[1, 7, 6]"
0019972.png,1,"[1, 7, 0]"
0019976.png,1,"[1, 7, 4]"
0019981.png,1,"[1, 7, 0]"
0019983.png,1,"[1, 7, 9]"
0019986.png,1,"[1, 7, 6]"
0019996.png,1,"[1, 6, 7]"
0019998.png,1,"[1, 7, 6]"
0019999.png,1,"[1, 7, 6]"
0020010.png,1,"[1, 7, 9]"
0020015.png,1,"[1, 7, 4]"
0020016.png,1,"[1, 7, 4]"
0020020.png,1,"[1, 7, 4]"
0020024.png,1,"[1, 7, 6]"
0020027.png,1,"[1, 7, 4]"
0020030.png,1,"[1, 7, 6]"
0020032.png,1,"[1, 7, 9]"
0020037.png,1,"[1, 6, 7]"
0020038.png,1,"[1, 7, 4]"
0020039.png,1,"[1, 7, 6]"
0020043.png,1,"[1, 8, 2]"
0020045.png,1,"[1, 7, 6]"
0020047.png,1,"[1, 7, 9]"
0020051.png,1,"[1, 7, 0]"
0020053.png,1,"[1, 7, 0]"
0020062.png,1,"[1, 6, 0]"
0020065.png,1,"[1, 7, 4]"
0020076.png,1,"[1, 7, 4]"
0020084.png,1,"[1, 7, 6]"
0020093.png,1,"[1, 7, 6]"
0020104.png,1,"[1, 7, 6]"
0020110.png,1,"[1, 6, 0]"
0020116.png,1,"[1, 6, 0]"
0020121.png,1,"[1, 7, 0]"
0020126.png,1,"[1, 0, 3]"
0020129.png,1,"[1, 7, 9]"
0020133.png,1,"[1, 7, 0]"
0020153.png,1,"[1, 6, 7]"
0020158.png,1,"[1, 7, 4]"
0020164.png,1,"[1, 6, 0]"
0020168.png,1,"[1, 6, 0]"
0020169.png,1,"[1, 7, 4]"
0020173.png,1,"[1, 4, 7]"
0020180.png,1,"[1, 7, 4]"
0020185.png,1,"[1, 7, 4]"
0020186.png,1,"[1, 6, 7]"
0020201.png,1,"[1, 7, 4]"
0020206.png,1,"[1, 7, 6]"
0020214.png,1,"[1, 7, 6]"
0020225.png,1,"[1, 7, 6]"
0020226.png,1,"[1, 7, 4]"
0020229.png,1,"[1, 7, 0]"
0020233.png,1,"[1, 7, 4]"
0020250.png,1,"[1, 7, 4]"
0020251.png,1,"[1, 7, 3]"
0020252.png,1,"[1, 6, 7]"
0020253.png,1,"[1, 7, 0]"
0020254.png,1,"[1, 7, 6]"
0020257.png,1,"[1, 0, 6]"
0020264.png,1,"[1, 4, 7]"
0020268.png,1,"[1, 7, 4]"
0020274.png,1,"[1, 0, 7]"
0020275.png,1,"[1, 7, 4]"
0020278.png,1,"[1, 3, 6]"
0020285.png,1,"[1, 0, 6]"
0020288.png,1,"[1, 0, 6]"
0020289.png,1,"[1, 7, 6]"
0020290.png,1,"[1, 7, 0]"
0020291.png,1,"[1, 7, 4]"
0020307.png,1,"[1, 7, 4]"
0020308.png,1,"[1, 7, 6]"
0020312.png,1,"[1, 7, 4]"
0020314.png,1,"[1, 7, 4]"
0020323.png,1,"[1, 7, 4]"
0020326.png,1,"[1, 7, 4]"
0020327.png,1,"[1, 7, 4]"
0020339.png,1,"[1, 6, 7]"
0020344.png,1,"[1, 0, 8]"
0020348.png,1,"[1, 0, 6]"
0020349.png,1,"[1, 7, 4]"
0020350.png,1,"[1, 0, 6]"
0020351.png,1,"[1, 0, 7]"
0020352.png,1,"[1, 7, 4]"
0020359.png,1,"[1, 7, 8]"
0020360.png,1,"[1, 0, 6]"
0020362.png,1,"[1, 0, 6]"
0020365.png,1,"[1, 8, 7]"
0020368.png,1,"[1, 0, 6]"
0020369.png,1,"[1, 7, 4]"
0020375.png,1,"[1, 4, 7]"
0020378.png,1,"[1, 0, 6]"
0020379.png,1,"[1, 6, 7]"
0020382.png,1,"[1, 0, 7]"
0020385.png,1,"[1, 7, 4]"
0020397.png,1,"[1, 7, 4]"
0020408.png,7,"[7, 1, 9]"
0020413.png,2,"[2, 4, 9]"
0020415.png,1,"[1, 7, 4]"
0020418.png,1,"[1, 7, 0]"
0020420.png,1,"[1, 7, 4]"
0020429.png,7,"[7, 3, 1]"
0020433.png,1,"[1, 7, 0]"
0020444.png,1,"[1, 6, 4]"
0020453.png,1,"[1, 7, 4]"
0020457.png,1,"[1, 4, 7]"
0020460.png,1,"[1, 7, 0]"
0020461.png,1,"[1, 7, 0]"
0020468.png,1,"[1, 7, 6]"
0020469.png,1,"[1, 9, 7]"
0020475.png,1,"[1, 7, 0]"
0020479.png,1,"[1, 7, 4]"
0020485.png,1,"[1, 6, 4]"
0020493.png,1,"[1, 6, 4]"
0020496.png,1,"[1, 7, 0]"
0020501.png,1,"[1, 7, 0]"
0020515.png,1,"[1, 7, 2]"
0020516.png,1,"[1, 7, 4]"
0020518.png,1,"[1, 6, 7]"
0020519.png,1,"[1, 6, 7]"
0020522.png,1,"[1, 7, 9]"
0020523.png,1,"[1, 7, 6]"
0020525.png,1,"[1, 4, 7]"
0020541.png,1,"[1, 7, 4]"
0020549.png,1,"[1, 7, 0]"
0020550.png,1,"[1, 7, 9]"
0020553.png,1,"[1, 7, 4]"
0020555.png,1,"[1, 7, 4]"
0020556.png,1,"[1, 7, 4]"
0020566.png,1,"[1, 7, 6]"
0020568.png,1,"[1, 7, 0]"
0020576.png,1,"[1, 7, 4]"
0020583.png,1,"[1, 4, 7]"
0020587.png,1,"[1, 7, 9]"
0020596.png,1,"[1, 7, 6]"
0020608.png,1,"[1, 9, 6]"
0020616.png,1,"[1, 7, 0]"
0020620.png,1,"[1, 7, 4]"
0020622.png,1,"[1, 7, 0]"
0020634.png,1,"[1, 6, 7]"
0020637.png,1,"[1, 7, 9]"
0020640.png,1,"[1, 7, 6]"
0020641.png,1,"[1, 0, 7]"
0020649.png,1,"[1, 7, 6]"
0020658.png,1,"[1, 0, 3]"
0020665.png,1,"[1, 6, 7]"
0020676.png,1,"[1, 7, 6]"
0020687.png,1,"[1, 7, 4]"
0020694.png,1,"[1, 7, 9]"
0020698.png,1,"[1, 7, 0]"
0020699.png,1,"[1, 7, 4]"
0020700.png,1,"[1, 6, 9]"
0020703.png,9,"[9, 7, 1]"
0020713.png,1,"[1, 6, 0]"
0020720.png,1,"[1, 7, 0]"
0020728.png,1,"[1, 8, 7]"
0020731.png,1,"[1, 7, 6]"
0020732.png,1,"[1, 7, 9]"
0020751.png,1,"[1, 7, 6]"
0020753.png,1,"[1, 0, 7]"
0020762.png,1,"[1, 7, 6]"
0020767.png,1,"[1, 7, 4]"
0020770.png,1,"[1, 7, 4]"
0020773.png,1,"[1, 7, 4]"
0020774.png,1,"[1, 9, 7]"
0020777.png,1,"[1, 7, 4]"
0020783.png,1,"[1, 7, 6]"
0020789.png,1,"[1, 6, 4]"
0020791.png,1,"[1, 7, 9]"
0020804.png,1,"[1, 0, 6]"
0020805.png,1,"[1, 4, 7]"
0020813.png,1,"[1, 7, 9]"
0020815.png,9,"[9, 7, 1]"
0020818.png,1,"[1, 9, 6]"
0020820.png,1,"[1, 7, 0]"
0020821.png,1,"[1, 7, 9]"
0020822.png,1,"[1, 7, 6]"
0020835.png,1,"[1, 8, 4]"
0020838.png,1,"[1, 7, 6]"
0020841.png,1,"[1, 7, 0]"
0020847.png,1,"[1, 7, 4]"
0020850.png,1,"[1, 7, 4]"
0020858.png,7,"[7, 1, 9]"
0020863.png,1,"[1, 7, 6]"
0020864.png,1,"[1, 7, 0]"
0020867.png,1,"[1, 0, 4]"
0020878.png,1,"[1, 0, 6]"
0020880.png,1,"[1, 7, 4]"
0020881.png,1,"[1, 7, 4]"
0020882.png,1,"[1, 7, 4]"
0020889.png,1,"[1, 7, 4]"
0020897.png,1,"[1, 7, 9]"
0020901.png,1,"[1, 7, 4]"
0020905.png,1,"[1, 7, 0]"
0020934.png,1,"[1, 4, 7]"
0020941.png,1,"[1, 4, 2]"
0020942.png,1,"[1, 7, 6]"
0020944.png,1,"[1, 6, 4]"
0020954.png,1,"[1, 7, 6]"
0020955.png,1,"[1, 7, 4]"
0020969.png,1,"[1, 7, 4]"
0020973.png,1,"[1, 9, 7]"
0020976.png,1,"[1, 4, 7]"
0020979.png,1,"[1, 7, 4]"
0020986.png,1,"[1, 7, 4]"
0020990.png,1,"[1, 6, 7]"
0020992.png,1,"[1, 6, 7]"
0020998.png,1,"[1, 7, 6]"
0021001.png,1,"[1, 7, 0]"
0021004.png,1,"[1, 7, 0]"
0021009.png,1,"[1, 7, 4]"
0021018.png,1,"[1, 7, 9]"
0021020.png,1,"[1, 7, 6]"
0021025.png,1,"[1, 7, 4]"
0021027.png,1,"[1, 7, 4]"
0021028.png,1,"[1, 7, 0]"
0021029.png,1,"[1, 7, 9]"
0021033.png,1,"[1, 7, 3]"
0021035.png,1,"[1, 0, 6]"
0021038.png,1,"[1, 7, 6]"
0021042.png,1,"[1, 3, 6]"
0021043.png,1,"[1, 6, 4]"
0021049.png,1,"[1, 7, 6]"
0021053.png,1,"[1, 0, 7]"
0021060.png,1,"[1, 7, 4]"
0021064.png,1,"[1, 7, 4]"
0021066.png,1,"[1, 6, 0]"
0021068.png,1,"[1, 0, 6]"
0021070.png,1,"[1, 7, 9]"
0021073.png,1,"[1, 7, 6]"
0021078.png,1,"[1, 7, 6]"
0021080.png,2,"[2, 4, 7]"
0021085.png,1,"[1, 0, 7]"
0021086.png,1,"[1, 6, 7]"
0021095.png,1,"[1, 6, 7]"
0021100.png,1,"[1, 7, 0]"
0021107.png,1,"[1, 7, 9]"
0021110.png,1,"[1, 7, 4]"
0021122.png,1,"[1, 6, 7]"
0021124.png,1,"[1, 7, 6]"
0021125.png,1,"[1, 7, 0]"
0021137.png,1,"[1, 7, 4]"
0021139.png,1,"[1, 7, 6]"
0021150.png,1,"[1, 7, 3]"
0021151.png,1,"[1, 8, 7]"
0021158.png,1,"[1, 7, 0]"
0021159.png,1,"[1, 7, 4]"
0021177.png,1,"[1, 2, 3]"
0021188.png,1,"[1, 0, 6]"
0021196.png,1,"[1, 7, 4]"
0021197.png,1,"[1, 7, 4]"
0021198.png,1,"[1, 7, 4]"
0021199.png,1,"[1, 7, 4]"
0021200.png,1,"[1, 7, 6]"
0021203.png,1,"[1, 7, 4]"
0021206.png,1,"[1, 4, 6]"
0021219.png,1,"[1, 7, 4]"
0021226.png,1,"[1, 7, 6]"
0021227.png,1,"[1, 7, 4]"
0021230.png,1,"[1, 7, 4]"
0021232.png,1,"[1, 7, 6]"
0021235.png,1,"[1, 7, 9]"
0021239.png,1,"[1, 7, 0]"
0021240.png,1,"[1, 7, 0]"
0021241.png,1,"[1, 7, 0]"
0021242.png,1,"[1, 7, 9]"
0021247.png,7,"[7, 1, 4]"
0021250.png,1,"[1, 7, 3]"
0021251.png,1,"[1, 7, 2]"
0021252.png,1,"[1, 0, 7]"
0021260.png,1,"[1, 7, 9]"
0021288.png,1,"[1, 7, 4]"
0021308.png,1,"[1, 7, 4]"
0021310.png,1,"[1, 6, 7]"
0021312.png,1,"[1, 7, 6]"
0021316.png,1,"[1, 0, 7]"
0021318.png,1,"[1, 7, 0]"
0021321.png,1,"[1, 7, 0]"
0021323.png,1,"[1, 7, 6]"
0021326.png,1,"[1, 7, 6]"
0021348.png,1,"[1, 6, 5]"
0021351.png,1,"[1, 7, 4]"
0021362.png,7,"[7, 2, 4]"
0021366.png,1,"[1, 7, 4]"
0021369.png,2,"[2, 4, 8]"
0021371.png,4,"[4, 6, 2]"
0021379.png,1,"[1, 7, 4]"
0021388.png,1,"[1, 7, 4]"
0021409.png,1,"[1, 6, 7]"
0021411.png,1,"[1, 7, 4]"
0021415.png,1,"[1, 7, 4]"
0021416.png,1,"[1, 6, 3]"
0021423.png,1,"[1, 4, 6]"
0021431.png,1,"[1, 4, 7]"
0021432.png,1,"[1, 6, 7]"
0021439.png,1,"[1, 7, 4]"
0021441.png,1,"[1, 4, 0]"
0021446.png,1,"[1, 7, 9]"
0021448.png,1,"[1, 7, 4]"
0021458.png,1,"[1, 7, 0]"
0021463.png,2,"[2, 7, 4]"
0021468.png,1,"[1, 4, 7]"
0021469.png,1,"[1, 7, 3]"
0021472.png,1,"[1, 7, 0]"
0021476.png,1,"[1, 7, 4]"
0021477.png,1,"[1, 7, 0]"
0021487.png,1,"[1, 7, 4]"
0021488.png,1,"[1, 7, 0]"
0021508.png,1,"[1, 6, 7]"
0021521.png,1,"[1, 0, 7]"
0021522.png,1,"[1, 7, 0]"
0021525.png,1,"[1, 7, 4]"
0021531.png,2,"[2, 6, 4]"
0021540.png,7,"[7, 1, 9]"
0021543.png,1,"[1, 7, 6]"
0021556.png,1,"[1, 0, 6]"
0021558.png,1,"[1, 7, 6]"
0021564.png,1,"[1, 5, 3]"
0021565.png,1,"[1, 5, 3]"
0021570.png,1,"[1, 7, 0]"
0021572.png,1,"[1, 7, 6]"
0021574.png,1,"[1, 7, 4]"
0021580.png,1,"[1, 7, 9]"
0021584.png,1,"[1, 3, 4]"
0021587.png,1,"[1, 7, 9]"
0021607.png,1,"[1, 7, 0]"
0021614.png,1,"[1, 4, 7]"
0021615.png,1,"[1, 4, 7]"
0021618.png,1,"[1, 7, 4]"
0021619.png,1,"[1, 7, 4]"
0021625.png,1,"[1, 7, 4]"
0021638.png,1,"[1, 7, 9]"
0021644.png,1,"[1, 6, 7]"
0021645.png,1,"[1, 6, 7]"
0021648.png,1,"[1, 6, 7]"
0021649.png,1,"[1, 7, 6]"
0021650.png,1,"[1, 6, 7]"
0021657.png,1,"[1, 7, 6]"
0021665.png,1,"[1, 7, 6]"
0021681.png,1,"[1, 7, 4]"
0021682.png,1,"[1, 7, 6]"
0021687.png,1,"[1, 4, 6]"
0021693.png,1,"[1, 6, 7]"
0021705.png,1,"[1, 7, 6]"
0021714.png,1,"[1, 7, 4]"
0021717.png,1,"[1, 4, 7]"
0021723.png,1,"[1, 7, 0]"
0021724.png,7,"[7, 1, 4]"
0021726.png,1,"[1, 7, 0]"
0021734.png,1,"[1, 0, 6]"
0021754.png,1,"[1, 7, 4]"
0021764.png,1,"[1, 7, 6]"
0021768.png,1,"[1, 7, 0]"
0021774.png,1,"[1, 7, 4]"
0021775.png,1,"[1, 7, 4]"
0021777.png,1,"[1, 7, 6]"
0021780.png,1,"[1, 7, 4]"
0021782.png,1,"[1, 7, 6]"
0021784.png,1,"[1, 7, 6]"
0021785.png,1,"[1, 7, 6]"
0021789.png,1,"[1, 7, 0]"
0021799.png,1,"[1, 7, 0]"
0021801.png,1,"[1, 7, 0]"
0021818.png,1,"[1, 7, 0]"
0021823.png,1,"[1, 7, 4]"
0021829.png,1,"[1, 7, 0]"
0021834.png,1,"[1, 8, 7]"
0021837.png,1,"[1, 7, 9]"
0021840.png,1,"[1, 7, 4]"
0021844.png,1,"[1, 0, 6]"
0021845.png,1,"[1, 7, 0]"
0021849.png,1,"[1, 4, 7]"
0021854.png,1,"[1, 0, 7]"
0021862.png,1,"[1, 7, 0]"
0021871.png,1,"[1, 6, 4]"
0021873.png,1,"[1, 7, 4]"
0021886.png,1,"[1, 6, 0]"
0021887.png,1,"[1, 7, 0]"
0021891.png,1,"[1, 7, 4]"
0021893.png,1,"[1, 7, 4]"
0021894.png,1,"[1, 6, 5]"
0021901.png,1,"[1, 7, 4]"
0021908.png,1,"[1, 7, 6]"
0021910.png,6,"[6, 3, 1]"
0021912.png,1,"[1, 6, 0]"
0021914.png,1,"[1, 7, 6]"
0021918.png,1,"[1, 7, 0]"
0021919.png,1,"[1, 7, 2]"
0021925.png,1,"[1, 7, 4]"
0021926.png,1,"[1, 7, 6]"
0021928.png,1,"[1, 0, 7]"
0021929.png,1,"[1, 7, 4]"
0021932.png,1,"[1, 7, 6]"
0021941.png,1,"[1, 7, 6]"
0021944.png,1,"[1, 4, 6]"
0021946.png,1,"[1, 7, 4]"
0021953.png,1,"[1, 7, 9]"
0021956.png,1,"[1, 7, 4]"
0021981.png,1,"[1, 7, 6]"
0021983.png,1,"[1, 7, 4]"
0021985.png,6,"[6, 4, 1]"
0021989.png,1,"[1, 2, 7]"
0021994.png,1,"[1, 7, 6]"
0021997.png,1,"[1, 6, 5]"
0022002.png,1,"[1, 7, 4]"
0022010.png,1,"[1, 7, 6]"
0022014.png,1,"[1, 7, 6]"
0022019.png,1,"[1, 7, 4]"
0022027.png,1,"[1, 7, 4]"
0022029.png,1,"[1, 7, 6]"
0022032.png,1,"[1, 7, 0]"
0022035.png,1,"[1, 7, 6]"
0022046.png,1,"[1, 7, 4]"
0022051.png,1,"[1, 7, 0]"
0022054.png,1,"[1, 6, 0]"
0022057.png,1,"[1, 7, 4]"
0022065.png,1,"[1, 7, 4]"
0022066.png,1,"[1, 7, 6]"
0022070.png,1,"[1, 7, 9]"
0022088.png,1,"[1, 6, 7]"
0022090.png,1,"[1, 7, 4]"
0022104.png,1,"[1, 7, 4]"
0022112.png,1,"[1, 7, 4]"
0022113.png,1,"[1, 7, 0]"
0022115.png,1,"[1, 7, 4]"
0022119.png,1,"[1, 6, 7]"
0022127.png,1,"[1, 0, 7]"
0022130.png,1,"[1, 0, 7]"
0022132.png,1,"[1, 7, 0]"
0022134.png,1,"[1, 7, 0]"
0022153.png,1,"[1, 7, 0]"
0022154.png,1,"[1, 0, 6]"
0022158.png,1,"[1, 6, 7]"
0022159.png,1,"[1, 6, 8]"
0022160.png,1,"[1, 7, 3]"
0022161.png,1,"[1, 9, 7]"
0022166.png,1,"[1, 6, 0]"
0022171.png,1,"[1, 6, 0]"
0022174.png,1,"[1, 7, 4]"
0022175.png,1,"[1, 7, 4]"
0022187.png,1,"[1, 0, 6]"
0022191.png,1,"[1, 7, 4]"
0022207.png,1,"[1, 6, 0]"
0022212.png,1,"[1, 6, 7]"
0022222.png,1,"[1, 7, 9]"
0022236.png,1,"[1, 7, 0]"
0022239.png,1,"[1, 7, 6]"
0022245.png,1,"[1, 0, 7]"
0022249.png,1,"[1, 7, 4]"
0022251.png,1,"[1, 7, 4]"
0022253.png,1,"[1, 7, 4]"
0022256.png,1,"[1, 7, 0]"
0022257.png,1,"[1, 7, 0]"
0022264.png,1,"[1, 7, 4]"
0022272.png,1,"[1, 7, 4]"
0022275.png,1,"[1, 7, 4]"
0022278.png,1,"[1, 7, 4]"
0022294.png,1,"[1, 7, 4]"
0022295.png,1,"[1, 7, 6]"
0022304.png,1,"[1, 0, 7]"
0022310.png,1,"[1, 7, 4]"
0022312.png,1,"[1, 7, 4]"
0022316.png,1,"[1, 7, 6]"
0022327.png,1,"[1, 7, 4]"
0022333.png,1,"[1, 7, 9]"
0022335.png,1,"[1, 7, 4]"
0022363.png,1,"[1, 7, 0]"
0022365.png,1,"[1, 7, 4]"
0022369.png,1,"[1, 7, 4]"
0022371.png,1,"[1, 7, 4]"
0022374.png,1,"[1, 6, 9]"
0022376.png,1,"[1, 7, 4]"
0022380.png,1,"[1, 7, 9]"
0022384.png,1,"[1, 8, 4]"
0022388.png,1,"[1, 7, 6]"
0022389.png,1,"[1, 7, 4]"
0022390.png,4,"[4, 9, 7]"
0022391.png,4,"[4, 7, 1]"
0022395.png,1,"[1, 7, 4]"
0022397.png,1,"[1, 4, 7]"
0022401.png,1,"[1, 7, 4]"
0022411.png,1,"[1, 7, 4]"
0022415.png,1,"[1, 4, 7]"
0022429.png,1,"[1, 7, 0]"
0022430.png,1,"[1, 6, 5]"
0022435.png,1,"[1, 7, 4]"
0022437.png,1,"[1, 7, 4]"
0022438.png,1,"[1, 7, 4]"
0022440.png,1,"[1, 7, 6]"
0022442.png,1,"[1, 7, 4]"
0022444.png,1,"[1, 7, 4]"
0022453.png,1,"[1, 7, 0]"
0022456.png,1,"[1, 7, 0]"
0022458.png,1,"[1, 6, 9]"
0022460.png,1,"[1, 0, 6]"
0022461.png,1,"[1, 7, 4]"
0022474.png,1,"[1, 6, 7]"
0022481.png,1,"[1, 7, 4]"
0022482.png,1,"[1, 7, 4]"
0022487.png,1,"[1, 6, 0]"
0022495.png,1,"[1, 7, 3]"
0022497.png,1,"[1, 2, 4]"
0022499.png,1,"[1, 7, 4]"
0022505.png,1,"[1, 6, 7]"
0022508.png,1,"[1, 6, 7]"
0022511.png,1,"[1, 7, 6]"
0022515.png,1,"[1, 7, 4]"
0022519.png,1,"[1, 7, 4]"
0022520.png,1,"[1, 7, 6]"
0022524.png,1,"[1, 7, 0]"
0022525.png,1,"[1, 7, 4]"
0022527.png,1,"[1, 7, 4]"
0022531.png,1,"[1, 0, 6]"
0022533.png,1,"[1, 7, 4]"
0022544.png,1,"[1, 6, 7]"
0022545.png,1,"[1, 7, 4]"
0022549.png,1,"[1, 0, 7]"
0022555.png,1,"[1, 4, 7]"
0022556.png,1,"[1, 6, 7]"
0022569.png,1,"[1, 6, 7]"
0022571.png,1,"[1, 7, 4]"
0022572.png,1,"[1, 7, 6]"
0022575.png,1,"[1, 7, 6]"
0022579.png,4,"[4, 7, 1]"
0022580.png,1,"[1, 7, 6]"
0022582.png,2,"[2, 3, 4]"
0022585.png,1,"[1, 7, 4]"
0022588.png,1,"[1, 7, 4]"
0022592.png,1,"[1, 7, 6]"
0022600.png,1,"[1, 7, 6]"
0022609.png,1,"[1, 7, 4]"
0022614.png,1,"[1, 7, 4]"
0022616.png,1,"[1, 7, 6]"
0022623.png,1,"[1, 7, 4]"
0022625.png,1,"[1, 7, 4]"
0022632.png,1,"[1, 6, 7]"
0022636.png,1,"[1, 0, 7]"
0022642.png,1,"[1, 7, 4]"
0022644.png,1,"[1, 6, 7]"
0022653.png,1,"[1, 7, 4]"
0022654.png,1,"[1, 7, 6]"
0022656.png,1,"[1, 7, 4]"
0022657.png,1,"[1, 4, 7]"
0022659.png,1,"[1, 7, 4]"
0022672.png,1,"[1, 7, 0]"
0022676.png,1,"[1, 7, 4]"
0022678.png,1,"[1, 0, 6]"
0022679.png,1,"[1, 8, 7]"
0022681.png,1,"[1, 4, 7]"
0022692.png,1,"[1, 7, 9]"
0022694.png,1,"[1, 6, 0]"
0022697.png,1,"[1, 7, 9]"
0022698.png,1,"[1, 6, 0]"
0022700.png,1,"[1, 7, 4]"
0022705.png,1,"[1, 8, 7]"
0022716.png,1,"[1, 4, 7]"
0022718.png,1,"[1, 7, 4]"
0022719.png,1,"[1, 7, 9]"
0022720.png,1,"[1, 7, 3]"
0022725.png,1,"[1, 7, 4]"
0022728.png,1,"[1, 7, 4]"
0022739.png,1,"[1, 7, 4]"
0022746.png,1,"[1, 7, 4]"
0022752.png,1,"[1, 7, 4]"
0022754.png,1,"[1, 7, 6]"
0022755.png,1,"[1, 7, 4]"
0022757.png,1,"[1, 4, 7]"
0022762.png,1,"[1, 0, 7]"
0022764.png,1,"[1, 7, 0]"
0022771.png,1,"[1, 6, 7]"
0022772.png,1,"[1, 7, 4]"
0022775.png,1,"[1, 7, 4]"
0022782.png,1,"[1, 7, 9]"
0022785.png,1,"[1, 7, 0]"
0022790.png,1,"[1, 7, 4]"
0022792.png,1,"[1, 7, 4]"
0022793.png,1,"[1, 7, 9]"
0022796.png,1,"[1, 7, 4]"
0022803.png,1,"[1, 7, 4]"
0022804.png,1,"[1, 4, 8]"
0022808.png,1,"[1, 6, 7]"
0022814.png,1,"[1, 6, 7]"
0022828.png,1,"[1, 0, 8]"
0022831.png,1,"[1, 7, 9]"
0022834.png,1,"[1, 7, 6]"
0022835.png,1,"[1, 7, 6]"
0022843.png,1,"[1, 7, 4]"
0022846.png,1,"[1, 7, 6]"
0022851.png,1,"[1, 4, 7]"
0022855.png,1,"[1, 7, 6]"
0022857.png,1,"[1, 8, 7]"
0022859.png,1,"[1, 7, 4]"
0022862.png,1,"[1, 0, 6]"
0022863.png,1,"[1, 0, 7]"
0022883.png,1,"[1, 0, 8]"
0022887.png,1,"[1, 7, 4]"
0022888.png,1,"[1, 6, 0]"
0022891.png,1,"[1, 7, 0]"
0022904.png,1,"[1, 7, 6]"
0022906.png,1,"[1, 7, 6]"
0022908.png,1,"[1, 6, 5]"
0022910.png,1,"[1, 0, 6]"
0022918.png,1,"[1, 7, 6]"
0022935.png,1,"[1, 7, 4]"
0022936.png,1,"[1, 7, 8]"
0022944.png,1,"[1, 7, 4]"
0022951.png,1,"[1, 7, 0]"
0022953.png,1,"[1, 6, 5]"
0022958.png,1,"[1, 0, 7]"
0022963.png,1,"[1, 7, 0]"
0022970.png,1,"[1, 7, 6]"
0022974.png,1,"[1, 7, 6]"
0022980.png,1,"[1, 7, 0]"
0022981.png,1,"[1, 7, 4]"
0022985.png,1,"[1, 8, 4]"
0022986.png,1,"[1, 4, 7]"
0022987.png,1,"[1, 8, 4]"
0022988.png,1,"[1, 0, 6]"
0022989.png,1,"[1, 0, 6]"
0022993.png,1,"[1, 4, 7]"
0022994.png,1,"[1, 7, 4]"
0023001.png,1,"[1, 7, 4]"
0023002.png,1,"[1, 7, 0]"
0023006.png,1,"[1, 7, 9]"
0023007.png,1,"[1, 7, 4]"
0023008.png,1,"[1, 9, 7]"
0023009.png,1,"[1, 8, 4]"
0023015.png,1,"[1, 7, 4]"
0023018.png,1,"[1, 0, 6]"
0023029.png,1,"[1, 7, 9]"
0023035.png,1,"[1, 7, 4]"
0023039.png,1,"[1, 7, 9]"
0023047.png,1,"[1, 7, 4]"
0023053.png,1,"[1, 7, 4]"
0023059.png,1,"[1, 7, 0]"
0023064.png,1,"[1, 7, 4]"
0023065.png,1,"[1, 7, 4]"
0023071.png,1,"[1, 7, 0]"
0023074.png,1,"[1, 7, 4]"
0023078.png,1,"[1, 0, 6]"
0023079.png,1,"[1, 7, 0]"
0023080.png,1,"[1, 8, 9]"
0023088.png,1,"[1, 0, 6]"
0023090.png,1,"[1, 6, 0]"
0023093.png,1,"[1, 7, 4]"
0023096.png,1,"[1, 6, 7]"
0023102.png,1,"[1, 0, 6]"
0023105.png,1,"[1, 0, 6]"
0023107.png,1,"[1, 7, 0]"
0023110.png,1,"[1, 7, 4]"
0023121.png,1,"[1, 6, 7]"
0023123.png,1,"[1, 7, 4]"
0023131.png,1,"[1, 4, 7]"
0023132.png,1,"[1, 7, 4]"
0023135.png,1,"[1, 7, 4]"
0023148.png,1,"[1, 7, 6]"
0023159.png,1,"[1, 7, 0]"
0023171.png,1,"[1, 4, 7]"
0023175.png,1,"[1, 7, 0]"
0023180.png,1,"[1, 7, 6]"
0023181.png,1,"[1, 7, 4]"
0023191.png,1,"[1, 7, 0]"
0023198.png,1,"[1, 7, 4]"
0023206.png,1,"[1, 6, 7]"
0023208.png,1,"[1, 0, 6]"
0023213.png,1,"[1, 6, 0]"
0023216.png,1,"[1, 7, 4]"
0023221.png,1,"[1, 7, 9]"
0023222.png,1,"[1, 7, 4]"
0023225.png,1,"[1, 7, 4]"
0023226.png,1,"[1, 6, 0]"
0023231.png,1,"[1, 7, 4]"
0023237.png,1,"[1, 7, 8]"
0023239.png,1,"[1, 7, 6]"
0023244.png,1,"[1, 6, 0]"
0023251.png,1,"[1, 7, 0]"
0023258.png,1,"[1, 7, 4]"
0023259.png,1,"[1, 7, 4]"
0023264.png,1,"[1, 7, 0]"
0023267.png,1,"[1, 7, 4]"
0023272.png,1,"[1, 0, 3]"
0023282.png,1,"[1, 7, 9]"
0023294.png,1,"[1, 0, 7]"
0023295.png,1,"[1, 7, 8]"
0023299.png,1,"[1, 0, 6]"
0023305.png,1,"[1, 7, 8]"
0023306.png,1,"[1, 0, 7]"
0023307.png,1,"[1, 4, 0]"
0023315.png,1,"[1, 7, 9]"
0023326.png,1,"[1, 8, 9]"
0023331.png,1,"[1, 7, 4]"
0023338.png,1,"[1, 0, 6]"
0023343.png,1,"[1, 7, 6]"
0023347.png,1,"[1, 7, 4]"
0023352.png,1,"[1, 4, 7]"
0023359.png,1,"[1, 7, 4]"
0023373.png,1,"[1, 7, 4]"
0023376.png,1,"[1, 0, 7]"
0023377.png,1,"[1, 4, 7]"
0023378.png,1,"[1, 7, 9]"
0023384.png,1,"[1, 7, 5]"
0023389.png,1,"[1, 7, 4]"
0023397.png,1,"[1, 7, 0]"
0023402.png,1,"[1, 7, 0]"
0023409.png,1,"[1, 7, 6]"
0023411.png,1,"[1, 8, 0]"
0023412.png,1,"[1, 7, 4]"
0023414.png,1,"[1, 7, 9]"
0023421.png,1,"[1, 7, 6]"
0023425.png,1,"[1, 7, 4]"
0023432.png,1,"[1, 7, 4]"
0023434.png,1,"[1, 7, 0]"
0023455.png,1,"[1, 7, 0]"
0023467.png,1,"[1, 0, 8]"
0023473.png,1,"[1, 4, 7]"
0023474.png,1,"[1, 7, 0]"
0023484.png,1,"[1, 6, 7]"
0023487.png,1,"[1, 7, 0]"
0023492.png,1,"[1, 7, 4]"
0023493.png,1,"[1, 4, 7]"
0023497.png,1,"[1, 0, 7]"
0023506.png,1,"[1, 4, 7]"
0023518.png,1,"[1, 7, 4]"
0023526.png,1,"[1, 4, 7]"
0023538.png,1,"[1, 7, 4]"
0023543.png,1,"[1, 7, 6]"
0023550.png,1,"[1, 7, 6]"
0023552.png,1,"[1, 7, 4]"
0023553.png,1,"[1, 7, 4]"
0023555.png,1,"[1, 7, 4]"
0023561.png,1,"[1, 7, 0]"
0023564.png,2,"[2, 7, 3]"
0023565.png,7,"[7, 1, 2]"
0023568.png,1,"[1, 7, 9]"
0023577.png,1,"[1, 7, 0]"
0023585.png,1,"[1, 0, 8]"
0023588.png,1,"[1, 7, 6]"
0023598.png,1,"[1, 6, 0]"
0023602.png,1,"[1, 4, 7]"
0023609.png,1,"[1, 7, 9]"
0023611.png,1,"[1, 7, 0]"
0023624.png,1,"[1, 6, 7]"
0023631.png,1,"[1, 7, 4]"
0023637.png,1,"[1, 7, 4]"
0023646.png,1,"[1, 7, 9]"
0023652.png,1,"[1, 7, 4]"
0023654.png,1,"[1, 7, 4]"
0023661.png,1,"[1, 7, 0]"
0023663.png,1,"[1, 6, 7]"
0023670.png,1,"[1, 7, 0]"
0023677.png,1,"[1, 7, 4]"
0023690.png,1,"[1, 7, 4]"
0023692.png,1,"[1, 7, 8]"
0023693.png,1,"[1, 7, 4]"
0023699.png,1,"[1, 7, 6]"
0023707.png,1,"[1, 6, 7]"
0023710.png,1,"[1, 6, 7]"
0023715.png,1,"[1, 7, 4]"
0023721.png,1,"[1, 4, 7]"
0023724.png,1,"[1, 6, 7]"
0023728.png,1,"[1, 6, 0]"
0023729.png,1,"[1, 6, 0]"
0023730.png,1,"[1, 7, 6]"
0023733.png,1,"[1, 7, 4]"
0023743.png,1,"[1, 7, 4]"
0023753.png,1,"[1, 7, 4]"
0023757.png,1,"[1, 7, 6]"
0023762.png,1,"[1, 7, 6]"
0023766.png,1,"[1, 7, 4]"
0023767.png,1,"[1, 7, 4]"
0023771.png,1,"[1, 7, 6]"
0023776.png,1,"[1, 7, 6]"
0023784.png,1,"[1, 7, 9]"
0023785.png,1,"[1, 7, 9]"
0023786.png,1,"[1, 7, 6]"
0023796.png,1,"[1, 6, 0]"
0023804.png,1,"[1, 7, 0]"
0023817.png,1,"[1, 7, 4]"
0023818.png,1,"[1, 7, 6]"
0023819.png,1,"[1, 7, 6]"
0023820.png,1,"[1, 7, 6]"
0023831.png,1,"[1, 7, 6]"
0023837.png,1,"[1, 6, 4]"
0023838.png,1,"[1, 7, 4]"
0023839.png,1,"[1, 7, 4]"
0023840.png,1,"[1, 7, 0]"
0023850.png,1,"[1, 7, 3]"
0023854.png,2,"[2, 7, 4]"
0023859.png,1,"[1, 7, 4]"
0023862.png,1,"[1, 7, 6]"
0023863.png,1,"[1, 7, 4]"
0023871.png,1,"[1, 7, 9]"
0023890.png,1,"[1, 4, 7]"
0023899.png,7,"[7, 2, 1]"
0023904.png,1,"[1, 7, 6]"
0023908.png,1,"[1, 7, 3]"
0023910.png,1,"[1, 7, 6]"
0023912.png,1,"[1, 9, 7]"
0023914.png,1,"[1, 7, 9]"
0023916.png,1,"[1, 7, 6]"
0023917.png,1,"[1, 7, 9]"
0023921.png,1,"[1, 7, 4]"
0023923.png,1,"[1, 7, 4]"
0023925.png,1,"[1, 7, 9]"
0023933.png,1,"[1, 7, 0]"
0023939.png,1,"[1, 7, 4]"
0023941.png,1,"[1, 7, 4]"
0023946.png,1,"[1, 7, 4]"
0023965.png,1,"[1, 7, 0]"
0023969.png,1,"[1, 6, 4]"
0023973.png,1,"[1, 7, 3]"
0023977.png,1,"[1, 4, 7]"
0023988.png,1,"[1, 7, 3]"
0023990.png,1,"[1, 0, 7]"
0023993.png,1,"[1, 0, 6]"
0024001.png,1,"[1, 7, 0]"
0024006.png,1,"[1, 7, 4]"
0024013.png,1,"[1, 6, 7]"
0024027.png,1,"[1, 7, 6]"
0024030.png,1,"[1, 7, 6]"
0024031.png,1,"[1, 7, 0]"
0024037.png,1,"[1, 7, 4]"
0024047.png,1,"[1, 7, 6]"
0024048.png,4,"[4, 1, 7]"
0024050.png,1,"[1, 7, 0]"
0024055.png,1,"[1, 7, 4]"
0024067.png,1,"[1, 7, 4]"
0024071.png,1,"[1, 7, 9]"
0024072.png,1,"[1, 7, 4]"
0024076.png,1,"[1, 7, 4]"
0024081.png,1,"[1, 7, 4]"
0024082.png,1,"[1, 4, 6]"
0024089.png,1,"[1, 7, 6]"
0024106.png,1,"[1, 7, 9]"
0024107.png,1,"[1, 7, 4]"
0024115.png,1,"[1, 7, 6]"
0024125.png,1,"[1, 7, 4]"
0024126.png,1,"[1, 7, 9]"
0024127.png,1,"[1, 7, 4]"
0024137.png,1,"[1, 7, 0]"
0024138.png,1,"[1, 6, 7]"
0024139.png,1,"[1, 7, 9]"
0024147.png,1,"[1, 7, 4]"
0024149.png,1,"[1, 7, 4]"
0024151.png,1,"[1, 7, 0]"
0024152.png,1,"[1, 7, 4]"
0024161.png,1,"[1, 7, 4]"
0024163.png,1,"[1, 9, 7]"
0024167.png,1,"[1, 7, 4]"
0024168.png,1,"[1, 7, 8]"
0024170.png,1,"[1, 7, 6]"
0024175.png,1,"[1, 6, 7]"
0024184.png,1,"[1, 7, 6]"
0024194.png,1,"[1, 7, 6]"
0024209.png,1,"[1, 7, 4]"
0024213.png,1,"[1, 7, 0]"
0024221.png,1,"[1, 7, 0]"
0024236.png,1,"[1, 7, 4]"
0024254.png,1,"[1, 7, 6]"
0024256.png,1,"[1, 7, 4]"
0024262.png,1,"[1, 7, 6]"
0024271.png,1,"[1, 4, 7]"
0024272.png,1,"[1, 7, 6]"
0024274.png,1,"[1, 7, 4]"
0024276.png,1,"[1, 7, 9]"
0024277.png,1,"[1, 7, 9]"
0024285.png,1,"[1, 7, 4]"
0024291.png,1,"[1, 8, 4]"
0024295.png,1,"[1, 7, 4]"
0024303.png,1,"[1, 7, 4]"
0024307.png,1,"[1, 7, 6]"
0024308.png,1,"[1, 6, 4]"
0024320.png,1,"[1, 6, 4]"
0024323.png,1,"[1, 7, 8]"
0024331.png,1,"[1, 7, 4]"
0024333.png,1,"[1, 7, 4]"
0024334.png,1,"[1, 7, 9]"
0024335.png,1,"[1, 7, 4]"
0024340.png,1,"[1, 7, 0]"
0024343.png,1,"[1, 7, 0]"
0024350.png,1,"[1, 7, 6]"
0024360.png,1,"[1, 7, 0]"
0024363.png,1,"[1, 7, 4]"
0024366.png,2,"[2, 3, 7]"
0024373.png,1,"[1, 7, 4]"
0024377.png,1,"[1, 7, 5]"
0024382.png,1,"[1, 7, 4]"
0024395.png,1,"[1, 6, 0]"
0024411.png,1,"[1, 8, 6]"
0024418.png,1,"[1, 6, 9]"
0024422.png,1,"[1, 7, 9]"
0024424.png,1,"[1, 0, 6]"
0024425.png,1,"[1, 8, 7]"
0024433.png,1,"[1, 4, 6]"
0024436.png,1,"[1, 0, 6]"
0024438.png,1,"[1, 7, 6]"
0024440.png,1,"[1, 7, 6]"
0024442.png,1,"[1, 0, 7]"
0024454.png,1,"[1, 7, 6]"
0024461.png,1,"[1, 4, 0]"
0024469.png,1,"[1, 7, 6]"
0024475.png,1,"[1, 7, 6]"
0024484.png,1,"[1, 7, 0]"
0024488.png,1,"[1, 7, 0]"
0024498.png,1,"[1, 7, 6]"
0024499.png,1,"[1, 7, 6]"
0024508.png,1,"[1, 3, 4]"
0024513.png,1,"[1, 7, 9]"
0024516.png,1,"[1, 7, 4]"
0024518.png,1,"[1, 4, 6]"
0024519.png,1,"[1, 7, 4]"
0024520.png,1,"[1, 7, 4]"
0024522.png,1,"[1, 7, 6]"
0024524.png,1,"[1, 7, 4]"
0024529.png,1,"[1, 7, 0]"
0024531.png,1,"[1, 7, 4]"
0024537.png,1,"[1, 6, 4]"
0024539.png,1,"[1, 7, 4]"
0024541.png,1,"[1, 7, 4]"
0024543.png,1,"[1, 7, 6]"
0024544.png,1,"[1, 7, 4]"
0024550.png,1,"[1, 7, 4]"
0024551.png,1,"[1, 7, 6]"
0024558.png,1,"[1, 7, 9]"
0024559.png,1,"[1, 7, 4]"
0024564.png,1,"[1, 7, 0]"
0024565.png,1,"[1, 7, 6]"
0024567.png,1,"[1, 7, 0]"
0024573.png,1,"[1, 7, 4]"
0024578.png,1,"[1, 7, 9]"
0024583.png,1,"[1, 7, 6]"
0024598.png,1,"[1, 7, 6]"
0024602.png,1,"[1, 7, 4]"
0024603.png,1,"[1, 7, 4]"
0024610.png,1,"[1, 7, 0]"
0024615.png,1,"[1, 7, 4]"
0024620.png,1,"[1, 6, 0]"
0024623.png,1,"[1, 7, 4]"
0024631.png,1,"[1, 7, 6]"
0024634.png,1,"[1, 7, 6]"
0024646.png,1,"[1, 6, 7]"
0024658.png,1,"[1, 7, 0]"
0024664.png,1,"[1, 7, 4]"
0024666.png,1,"[1, 7, 5]"
0024668.png,1,"[1, 7, 6]"
0024683.png,1,"[1, 7, 9]"
0024701.png,1,"[1, 0, 6]"
0024702.png,1,"[1, 7, 4]"
0024708.png,1,"[1, 6, 4]"
0024713.png,1,"[1, 7, 0]"
0024714.png,1,"[1, 7, 9]"
0024730.png,1,"[1, 7, 0]"
0024732.png,1,"[1, 5, 8]"
0024739.png,1,"[1, 6, 9]"
0024742.png,1,"[1, 7, 6]"
0024744.png,1,"[1, 7, 0]"
0024764.png,1,"[1, 7, 9]"
0024767.png,1,"[1, 7, 6]"
0024772.png,1,"[1, 7, 6]"
0024780.png,1,"[1, 7, 6]"
0024788.png,1,"[1, 0, 7]"
0024797.png,1,"[1, 7, 4]"
0024803.png,1,"[1, 4, 6]"
0024811.png,1,"[1, 7, 4]"
0024819.png,1,"[1, 4, 7]"
0024825.png,1,"[1, 7, 8]"
0024827.png,1,"[1, 6, 0]"
0024838.png,1,"[1, 7, 6]"
0024839.png,1,"[1, 7, 4]"
0024841.png,1,"[1, 7, 4]"
0024847.png,1,"[1, 7, 4]"
0024849.png,1,"[1, 7, 0]"
0024850.png,1,"[1, 6, 7]"
0024854.png,1,"[1, 7, 4]"
0024860.png,1,"[1, 4, 5]"
0024866.png,1,"[1, 7, 4]"
0024871.png,1,"[1, 6, 8]"
0024879.png,1,"[1, 7, 6]"
0024884.png,1,"[1, 7, 4]"
0024890.png,1,"[1, 7, 4]"
0024895.png,1,"[1, 7, 4]"
0024906.png,1,"[1, 7, 4]"
0024911.png,1,"[1, 7, 4]"
0024914.png,1,"[1, 7, 4]"
0024917.png,1,"[1, 7, 6]"
0024919.png,1,"[1, 4, 7]"
0024921.png,1,"[1, 7, 4]"
0024932.png,1,"[1, 7, 6]"
0024933.png,1,"[1, 7, 6]"
0024935.png,1,"[1, 7, 6]"
0024939.png,1,"[1, 7, 6]"
0024945.png,1,"[1, 6, 7]"
0024959.png,1,"[1, 7, 9]"
0024960.png,4,"[4, 3, 7]"
0024966.png,1,"[1, 7, 6]"
0024967.png,1,"[1, 7, 4]"
0024973.png,1,"[1, 7, 9]"
0024979.png,1,"[1, 7, 6]"
0024988.png,1,"[1, 7, 0]"
0024997.png,1,"[1, 7, 4]"
0024998.png,1,"[1, 6, 7]"
0025004.png,1,"[1, 7, 9]"
0025005.png,1,"[1, 7, 9]"
0025009.png,1,"[1, 6, 4]"
0025023.png,1,"[1, 7, 9]"
0025033.png,1,"[1, 4, 7]"
0025037.png,1,"[1, 7, 4]"
0025040.png,1,"[1, 7, 4]"
0025048.png,1,"[1, 0, 6]"
0025054.png,1,"[1, 0, 7]"
0025055.png,1,"[1, 0, 7]"
0025059.png,1,"[1, 7, 4]"
0025060.png,1,"[1, 0, 7]"
0025067.png,1,"[1, 6, 7]"
0025071.png,1,"[1, 7, 4]"
0025073.png,1,"[1, 7, 6]"
0025077.png,1,"[1, 7, 4]"
0025081.png,1,"[1, 4, 7]"
0025086.png,1,"[1, 7, 6]"
0025087.png,1,"[1, 4, 7]"
0025089.png,1,"[1, 7, 4]"
0025091.png,1,"[1, 7, 4]"
0025093.png,1,"[1, 7, 4]"
0025095.png,1,"[1, 7, 4]"
0025099.png,1,"[1, 6, 0]"
0025109.png,1,"[1, 7, 0]"
0025114.png,1,"[1, 7, 6]"
0025117.png,1,"[1, 7, 6]"
0025119.png,1,"[1, 6, 7]"
0025122.png,1,"[1, 7, 9]"
0025123.png,1,"[1, 7, 4]"
0025125.png,1,"[1, 7, 4]"
0025130.png,1,"[1, 7, 9]"
0025134.png,1,"[1, 6, 7]"
0025135.png,1,"[1, 7, 3]"
0025136.png,1,"[1, 7, 4]"
0025138.png,1,"[1, 7, 4]"
0025154.png,1,"[1, 7, 6]"
0025159.png,1,"[1, 7, 4]"
0025165.png,1,"[1, 7, 3]"
0025172.png,1,"[1, 0, 6]"
0025173.png,1,"[1, 0, 7]"
0025180.png,1,"[1, 6, 7]"
0025183.png,1,"[1, 7, 0]"
0025199.png,1,"[1, 7, 9]"
0025200.png,1,"[1, 7, 4]"
0025205.png,1,"[1, 7, 4]"
0025210.png,1,"[1, 0, 3]"
0025214.png,1,"[1, 7, 4]"
0025228.png,1,"[1, 6, 0]"
0025237.png,1,"[1, 7, 4]"
0025238.png,7,"[7, 1, 4]"
0025249.png,1,"[1, 7, 4]"
0025250.png,1,"[1, 0, 7]"
0025257.png,1,"[1, 6, 7]"
0025260.png,1,"[1, 7, 6]"
0025261.png,1,"[1, 7, 9]"
0025262.png,1,"[1, 7, 5]"
0025269.png,1,"[1, 7, 4]"
0025277.png,1,"[1, 7, 4]"
0025288.png,1,"[1, 7, 9]"
0025290.png,1,"[1, 7, 0]"
0025293.png,1,"[1, 7, 4]"
0025300.png,1,"[1, 7, 0]"
0025308.png,4,"[4, 1, 7]"
0025309.png,4,"[4, 7, 1]"
0025320.png,1,"[1, 7, 4]"
0025322.png,1,"[1, 6, 0]"
0025323.png,1,"[1, 7, 9]"
0025331.png,1,"[1, 7, 4]"
0025333.png,1,"[1, 7, 0]"
0025334.png,1,"[1, 7, 9]"
0025335.png,1,"[1, 7, 9]"
0025356.png,1,"[1, 7, 4]"
0025363.png,1,"[1, 7, 4]"
0025365.png,1,"[1, 7, 6]"
0025368.png,1,"[1, 7, 6]"
0025370.png,1,"[1, 7, 6]"
0025373.png,1,"[1, 7, 4]"
0025383.png,1,"[1, 7, 4]"
0025384.png,1,"[1, 7, 0]"
0025385.png,1,"[1, 7, 0]"
0025386.png,1,"[1, 0, 6]"
0025388.png,1,"[1, 7, 4]"
0025391.png,1,"[1, 7, 6]"
0025392.png,1,"[1, 3, 8]"
0025406.png,1,"[1, 7, 0]"
0025407.png,1,"[1, 7, 4]"
0025410.png,1,"[1, 7, 4]"
0025411.png,1,"[1, 7, 9]"
0025412.png,1,"[1, 7, 4]"
0025423.png,1,"[1, 7, 4]"
0025429.png,1,"[1, 7, 4]"
0025434.png,1,"[1, 7, 4]"
0025442.png,1,"[1, 7, 0]"
0025456.png,1,"[1, 6, 7]"
0025462.png,1,"[1, 6, 8]"
0025464.png,1,"[1, 7, 4]"
0025465.png,1,"[1, 7, 0]"
0025474.png,1,"[1, 6, 7]"
0025481.png,1,"[1, 7, 9]"
0025483.png,1,"[1, 7, 4]"
0025486.png,1,"[1, 4, 7]"
0025488.png,1,"[1, 7, 0]"
0025493.png,1,"[1, 7, 6]"
0025499.png,1,"[1, 7, 4]"
0025522.png,1,"[1, 7, 6]"
0025524.png,1,"[1, 7, 6]"
0025528.png,1,"[1, 7, 4]"
0025531.png,1,"[1, 7, 9]"
0025535.png,1,"[1, 7, 6]"
0025536.png,1,"[1, 7, 6]"
0025544.png,1,"[1, 7, 9]"
0025548.png,1,"[1, 7, 6]"
0025553.png,1,"[1, 6, 0]"
0025555.png,1,"[1, 7, 4]"
0025558.png,1,"[1, 7, 6]"
0025562.png,1,"[1, 4, 6]"
0025574.png,1,"[1, 0, 7]"
0025578.png,1,"[1, 6, 0]"
0025581.png,1,"[1, 7, 5]"
0025587.png,1,"[1, 7, 6]"
0025589.png,1,"[1, 4, 7]"
0025600.png,1,"[1, 7, 4]"
0025606.png,1,"[1, 7, 4]"
0025614.png,1,"[1, 7, 4]"
0025632.png,1,"[1, 7, 6]"
0025636.png,1,"[1, 6, 0]"
0025640.png,1,"[1, 4, 9]"
0025662.png,1,"[1, 7, 6]"
0025663.png,1,"[1, 7, 0]"
0025664.png,1,"[1, 7, 0]"
0025668.png,1,"[1, 7, 0]"
0025671.png,1,"[1, 7, 0]"
0025673.png,1,"[1, 7, 6]"
0025680.png,1,"[1, 7, 0]"
0025683.png,1,"[1, 7, 4]"
0025685.png,1,"[1, 7, 0]"
0025699.png,1,"[1, 4, 9]"
0025705.png,1,"[1, 7, 4]"
0025709.png,1,"[1, 0, 7]"
0025714.png,1,"[1, 7, 4]"
0025717.png,1,"[1, 4, 7]"
0025729.png,1,"[1, 7, 4]"
0025734.png,1,"[1, 7, 6]"
0025739.png,1,"[1, 7, 4]"
0025761.png,1,"[1, 4, 7]"
0025775.png,1,"[1, 7, 4]"
0025776.png,1,"[1, 7, 4]"
0025779.png,1,"[1, 7, 6]"
0025783.png,1,"[1, 7, 4]"
0025785.png,1,"[1, 7, 4]"
0025786.png,2,"[2, 1, 7]"
0025792.png,1,"[1, 7, 6]"
0025796.png,1,"[1, 7, 6]"
0025800.png,1,"[1, 7, 6]"
0025807.png,1,"[1, 6, 7]"
0025821.png,1,"[1, 6, 7]"
0025826.png,1,"[1, 6, 0]"
0025832.png,1,"[1, 7, 0]"
0025835.png,1,"[1, 7, 6]"
0025840.png,1,"[1, 7, 6]"
0025846.png,1,"[1, 0, 7]"
0025851.png,1,"[1, 7, 4]"
0025855.png,1,"[1, 7, 0]"
0025856.png,1,"[1, 7, 4]"
0025860.png,1,"[1, 7, 4]"
0025861.png,1,"[1, 7, 6]"
0025865.png,1,"[1, 7, 4]"
0025875.png,1,"[1, 7, 4]"
0025887.png,1,"[1, 7, 4]"
0025889.png,1,"[1, 7, 4]"
0025897.png,1,"[1, 7, 6]"
0025898.png,1,"[1, 7, 6]"
0025899.png,1,"[1, 7, 4]"
0025900.png,1,"[1, 0, 7]"
0025903.png,1,"[1, 7, 4]"
0025905.png,1,"[1, 7, 4]"
0025907.png,1,"[1, 7, 6]"
0025909.png,1,"[1, 7, 4]"
0025914.png,1,"[1, 7, 4]"
0025919.png,1,"[1, 7, 4]"
0025921.png,7,"[7, 2, 4]"
0025922.png,1,"[1, 8, 4]"
0025927.png,1,"[1, 7, 0]"
0025929.png,1,"[1, 7, 8]"
0025949.png,1,"[1, 7, 4]"
0025953.png,1,"[1, 6, 4]"
0025954.png,1,"[1, 7, 6]"
0025966.png,1,"[1, 7, 4]"
0025974.png,1,"[1, 7, 4]"
0025980.png,1,"[1, 7, 6]"
0025981.png,1,"[1, 7, 9]"
0025982.png,1,"[1, 7, 4]"
0025989.png,1,"[1, 7, 0]"
0025993.png,1,"[1, 7, 4]"
0026002.png,1,"[1, 6, 7]"
0026008.png,1,"[1, 7, 4]"
0026012.png,1,"[1, 7, 6]"
0026023.png,1,"[1, 7, 4]"
0026024.png,1,"[1, 6, 7]"
0026026.png,1,"[1, 9, 6]"
0026032.png,1,"[1, 7, 0]"
0026034.png,1,"[1, 6, 9]"
0026035.png,1,"[1, 7, 4]"
0026036.png,1,"[1, 9, 8]"
0026039.png,1,"[1, 4, 7]"
0026042.png,1,"[1, 6, 7]"
0026043.png,1,"[1, 7, 4]"
0026046.png,1,"[1, 7, 6]"
0026047.png,1,"[1, 7, 0]"
0026054.png,1,"[1, 7, 6]"
0026055.png,1,"[1, 7, 6]"
0026058.png,1,"[1, 7, 6]"
0026059.png,1,"[1, 7, 4]"
0026061.png,1,"[1, 6, 0]"
0026066.png,1,"[1, 7, 0]"
0026068.png,1,"[1, 7, 4]"
0026072.png,1,"[1, 6, 7]"
0026080.png,1,"[1, 7, 0]"
0026081.png,1,"[1, 7, 4]"
0026093.png,1,"[1, 7, 6]"
0026097.png,1,"[1, 7, 6]"
0026098.png,1,"[1, 7, 0]"
0026103.png,1,"[1, 6, 7]"
0026120.png,1,"[1, 6, 0]"
0026122.png,1,"[1, 6, 7]"
0026129.png,1,"[1, 4, 6]"
0026130.png,1,"[1, 7, 0]"
0026134.png,1,"[1, 7, 6]"
0026138.png,1,"[1, 7, 4]"
0026141.png,1,"[1, 7, 6]"
0026143.png,1,"[1, 7, 9]"
0026150.png,1,"[1, 7, 0]"
0026163.png,1,"[1, 7, 0]"
0026165.png,1,"[1, 7, 6]"
0026173.png,1,"[1, 7, 6]"
0026177.png,1,"[1, 7, 4]"
0026178.png,1,"[1, 7, 0]"
0026183.png,1,"[1, 7, 0]"
0026224.png,1,"[1, 6, 0]"
0026227.png,1,"[1, 0, 7]"
0026235.png,1,"[1, 7, 4]"
0026236.png,1,"[1, 7, 6]"
0026239.png,1,"[1, 7, 3]"
0026242.png,1,"[1, 7, 4]"
0026246.png,1,"[1, 7, 6]"
0026247.png,1,"[1, 7, 6]"
0026250.png,7,"[7, 1, 4]"
0026251.png,7,"[7, 4, 1]"
0026257.png,1,"[1, 7, 4]"
0026272.png,1,"[1, 7, 0]"
0026276.png,1,"[1, 7, 6]"
0026277.png,1,"[1, 7, 6]"
0026278.png,1,"[1, 7, 6]"
0026280.png,1,"[1, 7, 4]"
0026283.png,1,"[1, 7, 6]"
0026286.png,1,"[1, 7, 6]"
0026297.png,1,"[1, 7, 4]"
0026299.png,1,"[1, 7, 8]"
0026303.png,1,"[1, 7, 4]"
0026306.png,1,"[1, 7, 3]"
0026307.png,1,"[1, 7, 6]"
0026308.png,1,"[1, 7, 9]"
0026312.png,1,"[1, 7, 6]"
0026314.png,1,"[1, 6, 7]"
0026317.png,1,"[1, 7, 4]"
0026319.png,1,"[1, 7, 0]"
0026323.png,1,"[1, 7, 4]"
0026326.png,4,"[4, 2, 7]"
0026327.png,1,"[1, 2, 6]"
0026329.png,1,"[1, 4, 7]"
0026330.png,1,"[1, 7, 0]"
0026334.png,1,"[1, 7, 4]"
0026337.png,1,"[1, 7, 4]"
0026339.png,1,"[1, 7, 4]"
0026348.png,1,"[1, 0, 6]"
0026354.png,1,"[1, 6, 0]"
0026355.png,1,"[1, 4, 7]"
0026358.png,1,"[1, 7, 6]"
0026359.png,1,"[1, 7, 4]"
0026360.png,1,"[1, 7, 0]"
0026368.png,1,"[1, 7, 4]"
0026370.png,3,"[3, 9, 7]"
0026372.png,1,"[1, 7, 4]"
0026382.png,1,"[1, 7, 3]"
0026384.png,1,"[1, 7, 6]"
0026390.png,1,"[1, 6, 0]"
0026391.png,1,"[1, 6, 7]"
0026394.png,1,"[1, 6, 4]"
0026400.png,1,"[1, 7, 6]"
0026404.png,1,"[1, 7, 4]"
0026412.png,1,"[1, 7, 6]"
0026419.png,1,"[1, 7, 4]"
0026425.png,7,"[7, 1, 3]"
0026427.png,1,"[1, 7, 4]"
0026428.png,1,"[1, 7, 6]"
0026446.png,1,"[1, 7, 0]"
0026448.png,1,"[1, 7, 9]"
0026451.png,1,"[1, 7, 4]"
0026481.png,1,"[1, 7, 4]"
0026486.png,1,"[1, 0, 6]"
0026487.png,1,"[1, 6, 0]"
0026496.png,1,"[1, 7, 6]"
0026499.png,1,"[1, 7, 6]"
0026504.png,1,"[1, 0, 6]"
0026506.png,1,"[1, 7, 0]"
0026508.png,1,"[1, 7, 6]"
0026509.png,1,"[1, 7, 0]"
0026521.png,1,"[1, 7, 4]"
0026540.png,1,"[1, 7, 6]"
0026544.png,1,"[1, 7, 6]"
0026548.png,1,"[1, 0, 6]"
0026553.png,1,"[1, 7, 4]"
0026555.png,1,"[1, 7, 0]"
0026562.png,1,"[1, 0, 6]"
0026565.png,4,"[4, 2, 7]"
0026566.png,1,"[1, 7, 4]"
0026576.png,1,"[1, 7, 4]"
0026585.png,1,"[1, 7, 0]"
0026589.png,1,"[1, 7, 4]"
0026590.png,1,"[1, 7, 6]"
0026600.png,1,"[1, 7, 0]"
0026603.png,1,"[1, 6, 0]"
0026606.png,1,"[1, 0, 6]"
0026613.png,1,"[1, 7, 0]"
0026616.png,1,"[1, 6, 0]"
0026619.png,1,"[1, 7, 4]"
0026623.png,1,"[1, 7, 4]"
0026634.png,1,"[1, 6, 0]"
0026638.png,1,"[1, 7, 4]"
0026646.png,1,"[1, 7, 0]"
0026659.png,1,"[1, 9, 6]"
0026665.png,1,"[1, 7, 0]"
0026679.png,1,"[1, 7, 4]"
0026682.png,1,"[1, 7, 6]"
0026684.png,1,"[1, 7, 4]"
0026685.png,1,"[1, 7, 4]"
0026689.png,1,"[1, 7, 4]"
0026691.png,1,"[1, 6, 7]"
0026692.png,1,"[1, 7, 4]"
0026694.png,1,"[1, 7, 0]"
0026696.png,1,"[1, 0, 7]"
0026698.png,1,"[1, 7, 4]"
0026701.png,1,"[1, 7, 4]"
0026705.png,1,"[1, 7, 9]"
0026713.png,1,"[1, 0, 6]"
0026718.png,1,"[1, 7, 9]"
0026720.png,1,"[1, 4, 7]"
0026728.png,1,"[1, 6, 0]"
0026745.png,1,"[1, 7, 9]"
0026747.png,1,"[1, 7, 4]"
0026760.png,1,"[1, 7, 4]"
0026763.png,1,"[1, 7, 4]"
0026770.png,1,"[1, 0, 6]"
0026773.png,1,"[1, 7, 4]"
0026779.png,1,"[1, 2, 4]"
0026780.png,1,"[1, 7, 0]"
0026781.png,1,"[1, 7, 4]"
0026784.png,1,"[1, 7, 4]"
0026788.png,1,"[1, 7, 6]"
0026792.png,1,"[1, 7, 6]"
0026810.png,1,"[1, 7, 0]"
0026814.png,1,"[1, 7, 0]"
0026818.png,1,"[1, 7, 6]"
0026829.png,1,"[1, 7, 4]"
0026832.png,1,"[1, 7, 4]"
0026836.png,1,"[1, 7, 9]"
0026850.png,1,"[1, 7, 4]"
0026855.png,1,"[1, 4, 7]"
0026857.png,1,"[1, 4, 7]"
0026858.png,1,"[1, 7, 9]"
0026859.png,1,"[1, 7, 4]"
0026862.png,1,"[1, 7, 9]"
0026867.png,1,"[1, 7, 4]"
0026870.png,1,"[1, 7, 4]"
0026880.png,1,"[1, 7, 6]"
0026884.png,1,"[1, 7, 0]"
0026886.png,1,"[1, 7, 4]"
0026887.png,1,"[1, 4, 7]"
0026895.png,1,"[1, 8, 7]"
0026900.png,1,"[1, 7, 6]"
0026902.png,1,"[1, 6, 7]"
0026905.png,1,"[1, 8, 0]"
0026906.png,1,"[1, 6, 0]"
0026908.png,1,"[1, 4, 7]"
0026910.png,1,"[1, 7, 4]"
0026912.png,1,"[1, 7, 4]"
0026919.png,1,"[1, 7, 4]"
0026933.png,1,"[1, 7, 4]"
0026940.png,1,"[1, 6, 7]"
0026941.png,1,"[1, 7, 4]"
0026943.png,1,"[1, 7, 4]"
0026960.png,1,"[1, 7, 4]"
0026966.png,1,"[1, 7, 9]"
0026967.png,1,"[1, 6, 9]"
0026968.png,1,"[1, 6, 4]"
0026974.png,1,"[1, 6, 0]"
0026975.png,1,"[1, 7, 4]"
0026986.png,1,"[1, 7, 6]"
0026987.png,1,"[1, 7, 4]"
0026996.png,1,"[1, 7, 4]"
0027009.png,1,"[1, 7, 4]"
0027017.png,1,"[1, 7, 6]"
0027018.png,1,"[1, 7, 4]"
0027019.png,1,"[1, 7, 4]"
0027024.png,1,"[1, 7, 5]"
0027025.png,1,"[1, 7, 4]"
0027040.png,1,"[1, 9, 7]"
0027044.png,1,"[1, 3, 7]"
0027047.png,1,"[1, 7, 4]"
0027051.png,1,"[1, 7, 9]"
0027067.png,1,"[1, 7, 4]"
0027076.png,2,"[2, 3, 7]"
0027083.png,2,"[2, 7, 8]"
0027085.png,2,"[2, 8, 9]"
0027098.png,2,"[2, 9, 5]"
0027101.png,2,"[2, 6, 9]"
0027102.png,2,"[2, 3, 5]"
0027111.png,2,"[2, 9, 6]"
0027113.png,2,"[2, 7, 5]"
0027114.png,2,"[2, 7, 8]"
0027115.png,2,"[2, 8, 9]"
0027117.png,2,"[2, 5, 8]"
0027126.png,2,"[2, 3, 7]"
0027129.png,0,"[0, 8, 6]"
0027137.png,6,"[6, 9, 3]"
0027151.png,2,"[2, 3, 6]"
0027156.png,2,"[2, 3, 8]"
0027160.png,2,"[2, 3, 9]"
0027161.png,2,"[2, 9, 5]"
0027163.png,2,"[2, 7, 3]"
0027175.png,2,"[2, 7, 3]"
0027220.png,2,"[2, 8, 9]"
0027222.png,2,"[2, 9, 8]"
0027232.png,2,"[2, 3, 7]"
0027233.png,2,"[2, 7, 3]"
0027236.png,2,"[2, 5, 8]"
0027244.png,2,"[2, 3, 7]"
0027257.png,2,"[2, 6, 9]"
0027259.png,2,"[2, 8, 3]"
0027263.png,2,"[2, 8, 3]"
0027264.png,2,"[2, 3, 5]"
0027272.png,2,"[2, 4, 6]"
0027273.png,2,"[2, 3, 9]"
0027281.png,2,"[2, 3, 5]"
0027285.png,2,"[2, 7, 4]"
0027301.png,2,"[2, 7, 3]"
0027307.png,2,"[2, 9, 3]"
0027312.png,2,"[2, 7, 3]"
0027316.png,2,"[2, 3, 5]"
0027319.png,2,"[2, 9, 6]"
0027321.png,2,"[2, 3, 7]"
0027323.png,2,"[2, 8, 9]"
0027334.png,2,"[2, 5, 6]"
0027343.png,2,"[2, 3, 8]"
0027348.png,2,"[2, 9, 8]"
0027349.png,2,"[2, 7, 9]"
0027350.png,2,"[2, 7, 3]"
0027353.png,2,"[2, 7, 9]"
0027356.png,2,"[2, 6, 8]"
0027359.png,2,"[2, 3, 7]"
0027361.png,2,"[2, 9, 8]"
0027362.png,2,"[2, 3, 7]"
0027368.png,2,"[2, 9, 3]"
0027371.png,2,"[2, 3, 1]"
0027381.png,2,"[2, 8, 6]"
0027386.png,2,"[2, 7, 3]"
0027387.png,2,"[2, 7, 3]"
0027389.png,2,"[2, 7, 9]"
0027396.png,2,"[2, 3, 7]"
0027400.png,2,"[2, 3, 8]"
0027403.png,2,"[2, 7, 3]"
0027404.png,2,"[2, 5, 8]"
0027405.png,2,"[2, 8, 4]"
0027406.png,2,"[2, 8, 9]"
0027408.png,9,"[9, 2, 8]"
0027420.png,2,"[2, 4, 5]"
0027423.png,8,"[8, 6, 2]"
0027425.png,8,"[8, 2, 0]"
0027431.png,2,"[2, 6, 5]"
0027442.png,2,"[2, 4, 6]"
0027454.png,2,"[2, 4, 3]"
0027456.png,2,"[2, 4, 3]"
0027459.png,2,"[2, 7, 3]"
0027467.png,2,"[2, 7, 3]"
0027471.png,2,"[2, 8, 6]"
0027472.png,2,"[2, 3, 9]"
0027480.png,2,"[2, 7, 3]"
0027491.png,2,"[2, 7, 3]"
0027497.png,2,"[2, 3, 7]"
0027506.png,2,"[2, 3, 7]"
0027507.png,2,"[2, 3, 5]"
0027509.png,2,"[2, 9, 3]"
0027516.png,2,"[2, 9, 7]"
0027518.png,2,"[2, 7, 3]"
0027520.png,2,"[2, 7, 3]"
0027523.png,2,"[2, 9, 6]"
0027527.png,2,"[2, 3, 7]"
0027530.png,2,"[2, 3, 7]"
0027531.png,2,"[2, 7, 3]"
0027537.png,2,"[2, 9, 7]"
0027546.png,2,"[2, 3, 7]"
0027549.png,2,"[2, 3, 7]"
0027550.png,2,"[2, 7, 3]"
0027553.png,2,"[2, 7, 9]"
0027554.png,2,"[2, 9, 8]"
0027558.png,2,"[2, 9, 3]"
0027565.png,2,"[2, 3, 7]"
0027567.png,2,"[2, 3, 7]"
0027571.png,2,"[2, 3, 7]"
0027572.png,2,"[2, 8, 7]"
0027577.png,2,"[2, 3, 9]"
0027581.png,2,"[2, 7, 3]"
0027588.png,2,"[2, 3, 6]"
0027589.png,2,"[2, 3, 7]"
0027590.png,2,"[2, 7, 9]"
0027597.png,2,"[2, 9, 6]"
0027602.png,2,"[2, 5, 8]"
0027603.png,2,"[2, 8, 5]"
0027614.png,2,"[2, 6, 8]"
0027623.png,2,"[2, 3, 4]"
0027631.png,2,"[2, 3, 7]"
0027633.png,2,"[2, 9, 5]"
0027634.png,3,"[3, 2, 5]"
0027636.png,2,"[2, 9, 8]"
0027639.png,2,"[2, 3, 7]"
0027641.png,2,"[2, 7, 0]"
0027644.png,2,"[2, 0, 4]"
0027646.png,2,"[2, 7, 3]"
0027657.png,2,"[2, 6, 3]"
0027658.png,2,"[2, 3, 7]"
0027666.png,2,"[2, 3, 9]"
0027670.png,2,"[2, 9, 4]"
0027673.png,2,"[2, 3, 8]"
0027680.png,2,"[2, 7, 3]"
0027684.png,2,"[2, 3, 8]"
0027710.png,2,"[2, 3, 7]"
0027712.png,2,"[2, 3, 4]"
0027717.png,2,"[2, 7, 3]"
0027719.png,2,"[2, 3, 5]"
0027721.png,2,"[2, 3, 6]"
0027727.png,2,"[2, 3, 8]"
0027731.png,2,"[2, 9, 7]"
0027737.png,2,"[2, 3, 7]"
0027743.png,2,"[2, 7, 3]"
0027756.png,8,"[8, 2, 6]"
0027759.png,2,"[2, 7, 5]"
0027766.png,2,"[2, 9, 8]"
0027784.png,2,"[2, 7, 9]"
0027794.png,2,"[2, 9, 3]"
0027796.png,2,"[2, 3, 7]"
0027805.png,2,"[2, 3, 6]"
0027810.png,2,"[2, 8, 5]"
0027814.png,2,"[2, 7, 3]"
0027815.png,2,"[2, 7, 3]"
0027835.png,2,"[2, 7, 3]"
0027846.png,2,"[2, 3, 5]"
0027848.png,2,"[2, 3, 7]"
0027854.png,2,"[2, 8, 5]"
0027855.png,2,"[2, 8, 5]"
0027856.png,2,"[2, 9, 8]"
0027864.png,3,"[3, 2, 5]"
0027865.png,2,"[2, 3, 7]"
0027866.png,2,"[2, 3, 7]"
0027869.png,2,"[2, 7, 3]"
0027876.png,2,"[2, 3, 7]"
0027877.png,2,"[2, 7, 3]"
0027881.png,2,"[2, 3, 8]"
0027882.png,2,"[2, 3, 9]"
0027885.png,2,"[2, 7, 3]"
0027887.png,2,"[2, 4, 7]"
0027890.png,2,"[2, 3, 7]"
0027893.png,0,"[0, 2, 8]"
0027899.png,2,"[2, 8, 3]"
0027901.png,2,"[2, 3, 7]"
0027908.png,2,"[2, 7, 4]"
0027909.png,2,"[2, 3, 7]"
0027911.png,2,"[2, 9, 8]"
0027912.png,2,"[2, 3, 7]"
0027920.png,2,"[2, 3, 4]"
0027934.png,2,"[2, 7, 5]"
0027941.png,2,"[2, 7, 3]"
0027952.png,2,"[2, 7, 3]"
0027955.png,2,"[2, 5, 3]"
0027958.png,2,"[2, 5, 6]"
0027967.png,2,"[2, 7, 3]"
0027977.png,2,"[2, 7, 3]"
0027978.png,2,"[2, 3, 7]"
0027979.png,2,"[2, 7, 3]"
0027984.png,2,"[2, 3, 8]"
0027988.png,8,"[8, 2, 4]"
0027997.png,2,"[2, 9, 8]"
0027999.png,2,"[2, 3, 7]"
0028000.png,2,"[2, 6, 8]"
0028005.png,2,"[2, 3, 9]"
0028007.png,2,"[2, 7, 3]"
0028009.png,8,"[8, 2, 3]"
0028023.png,2,"[2, 3, 7]"
0028033.png,2,"[2, 7, 3]"
0028034.png,2,"[2, 9, 5]"
0028039.png,2,"[2, 7, 3]"
0028043.png,2,"[2, 8, 9]"
0028048.png,2,"[2, 6, 5]"
0028049.png,2,"[2, 5, 6]"
0028052.png,2,"[2, 8, 3]"
0028067.png,5,"[5, 2, 6]"
0028076.png,2,"[2, 7, 9]"
0028086.png,2,"[2, 7, 0]"
0028088.png,2,"[2, 7, 3]"
0028092.png,2,"[2, 7, 3]"
0028112.png,2,"[2, 7, 4]"
0028113.png,2,"[2, 7, 5]"
0028115.png,2,"[2, 7, 3]"
0028116.png,2,"[2, 7, 3]"
0028122.png,2,"[2, 3, 8]"
0028132.png,2,"[2, 9, 3]"
0028142.png,2,"[2, 9, 8]"
0028148.png,3,"[3, 7, 2]"
0028156.png,2,"[2, 3, 5]"
0028157.png,2,"[2, 8, 3]"
0028161.png,2,"[2, 3, 9]"
0028163.png,2,"[2, 3, 9]"
0028166.png,2,"[2, 7, 5]"
0028171.png,2,"[2, 3, 9]"
0028173.png,2,"[2, 3, 7]"
0028174.png,2,"[2, 3, 7]"
0028175.png,3,"[3, 2, 7]"
0028193.png,2,"[2, 3, 9]"
0028194.png,2,"[2, 9, 7]"
0028199.png,2,"[2, 6, 8]"
0028201.png,7,"[7, 4, 2]"
0028211.png,2,"[2, 3, 8]"
0028231.png,2,"[2, 3, 5]"
0028237.png,2,"[2, 3, 5]"
0028240.png,2,"[2, 7, 3]"
0028248.png,2,"[2, 3, 7]"
0028250.png,2,"[2, 8, 5]"
0028255.png,2,"[2, 3, 7]"
0028262.png,2,"[2, 7, 6]"
0028271.png,2,"[2, 8, 9]"
0028276.png,2,"[2, 8, 4]"
0028287.png,2,"[2, 3, 8]"
0028289.png,2,"[2, 3, 7]"
0028293.png,2,"[2, 8, 5]"
0028298.png,2,"[2, 8, 3]"
0028303.png,2,"[2, 8, 3]"
0028307.png,2,"[2, 7, 1]"
0028311.png,2,"[2, 7, 3]"
0028312.png,2,"[2, 3, 7]"
0028316.png,2,"[2, 3, 7]"
0028319.png,2,"[2, 6, 1]"
0028330.png,2,"[2, 3, 4]"
0028339.png,2,"[2, 3, 7]"
0028344.png,2,"[2, 5, 3]"
0028354.png,2,"[2, 7, 3]"
0028355.png,2,"[2, 3, 7]"
0028356.png,2,"[2, 7, 3]"
0028384.png,2,"[2, 7, 4]"
0028386.png,2,"[2, 3, 7]"
0028391.png,0,"[0, 2, 9]"
0028392.png,2,"[2, 3, 7]"
0028402.png,2,"[2, 3, 6]"
0028409.png,2,"[2, 3, 9]"
0028413.png,2,"[2, 5, 3]"
0028415.png,2,"[2, 9, 8]"
0028418.png,2,"[2, 9, 3]"
0028421.png,2,"[2, 3, 7]"
0028433.png,2,"[2, 7, 9]"
0028450.png,2,"[2, 3, 7]"
0028452.png,2,"[2, 8, 3]"
0028455.png,2,"[2, 3, 7]"
0028456.png,2,"[2, 3, 7]"
0028457.png,2,"[2, 7, 8]"
0028463.png,2,"[2, 7, 3]"
0028474.png,2,"[2, 8, 3]"
0028482.png,2,"[2, 8, 9]"
0028491.png,2,"[2, 7, 9]"
0028498.png,2,"[2, 3, 7]"
0028500.png,2,"[2, 3, 7]"
0028501.png,2,"[2, 7, 3]"
0028503.png,8,"[8, 2, 0]"
0028504.png,2,"[2, 3, 7]"
0028505.png,2,"[2, 7, 3]"
0028509.png,2,"[2, 3, 8]"
0028520.png,2,"[2, 8, 3]"
0028523.png,2,"[2, 7, 3]"
0028530.png,2,"[2, 8, 3]"
0028535.png,2,"[2, 6, 8]"
0028538.png,2,"[2, 5, 6]"
0028540.png,2,"[2, 4, 7]"
0028552.png,5,"[5, 2, 3]"
0028553.png,2,"[2, 7, 4]"
0028557.png,2,"[2, 7, 1]"
0028558.png,2,"[2, 7, 3]"
0028560.png,2,"[2, 3, 7]"
0028566.png,2,"[2, 5, 3]"
0028568.png,3,"[3, 2, 5]"
0028570.png,5,"[5, 2, 3]"
0028571.png,2,"[2, 3, 6]"
0028573.png,2,"[2, 3, 7]"
0028577.png,2,"[2, 7, 3]"
0028578.png,2,"[2, 7, 3]"
0028583.png,2,"[2, 8, 9]"
0028585.png,2,"[2, 3, 7]"
0028587.png,2,"[2, 8, 9]"
0028590.png,8,"[8, 2, 3]"
0028591.png,2,"[2, 8, 0]"
0028598.png,7,"[7, 2, 9]"
0028609.png,2,"[2, 0, 8]"
0028621.png,2,"[2, 3, 7]"
0028637.png,9,"[9, 2, 3]"
0028638.png,2,"[2, 7, 9]"
0028644.png,2,"[2, 7, 3]"
0028645.png,2,"[2, 9, 3]"
0028652.png,2,"[2, 3, 7]"
0028654.png,2,"[2, 5, 8]"
0028656.png,2,"[2, 8, 9]"
0028658.png,2,"[2, 5, 3]"
0028659.png,2,"[2, 7, 5]"
0028663.png,2,"[2, 7, 9]"
0028667.png,2,"[2, 3, 5]"
0028668.png,2,"[2, 3, 7]"
0028673.png,2,"[2, 3, 5]"
0028681.png,2,"[2, 3, 7]"
0028683.png,2,"[2, 8, 5]"
0028687.png,2,"[2, 3, 9]"
0028689.png,2,"[2, 6, 3]"
0028690.png,5,"[5, 2, 3]"
0028691.png,2,"[2, 3, 5]"
0028699.png,7,"[7, 2, 3]"
0028707.png,2,"[2, 3, 7]"
0028716.png,2,"[2, 3, 7]"
0028718.png,2,"[2, 7, 3]"
0028726.png,2,"[2, 3, 7]"
0028730.png,2,"[2, 6, 8]"
0028734.png,2,"[2, 7, 3]"
0028738.png,2,"[2, 3, 7]"
0028741.png,2,"[2, 3, 7]"
0028743.png,2,"[2, 9, 6]"
0028744.png,2,"[2, 3, 4]"
0028745.png,2,"[2, 3, 9]"
0028762.png,2,"[2, 9, 7]"
0028771.png,2,"[2, 8, 0]"
0028772.png,2,"[2, 3, 7]"
0028774.png,3,"[3, 2, 5]"
0028775.png,2,"[2, 3, 1]"
0028776.png,2,"[2, 7, 3]"
0028778.png,2,"[2, 3, 7]"
0028782.png,2,"[2, 7, 3]"
0028783.png,2,"[2, 7, 3]"
0028785.png,8,"[8, 2, 9]"
0028790.png,2,"[2, 8, 9]"
0028792.png,2,"[2, 3, 7]"
0028794.png,2,"[2, 3, 7]"
0028795.png,2,"[2, 7, 3]"
0028800.png,2,"[2, 3, 7]"
0028801.png,2,"[2, 3, 7]"
0028806.png,2,"[2, 7, 0]"
0028821.png,2,"[2, 6, 5]"
0028822.png,2,"[2, 9, 3]"
0028826.png,2,"[2, 3, 9]"
0028829.png,2,"[2, 8, 3]"
0028833.png,2,"[2, 9, 8]"
0028838.png,2,"[2, 3, 7]"
0028851.png,2,"[2, 7, 9]"
0028856.png,2,"[2, 8, 6]"
0028859.png,2,"[2, 3, 9]"
0028864.png,2,"[2, 3, 5]"
0028880.png,2,"[2, 8, 3]"
0028881.png,2,"[2, 8, 3]"
0028899.png,2,"[2, 3, 8]"
0028901.png,2,"[2, 5, 3]"
0028902.png,1,"[1, 8, 2]"
0028913.png,2,"[2, 7, 3]"
0028917.png,2,"[2, 8, 9]"
0028921.png,2,"[2, 9, 8]"
0028936.png,2,"[2, 3, 7]"
0028938.png,2,"[2, 5, 3]"
0028942.png,2,"[2, 3, 7]"
0028945.png,2,"[2, 8, 9]"
0028947.png,2,"[2, 7, 3]"
0028954.png,2,"[2, 0, 8]"
0028958.png,2,"[2, 3, 4]"
0028979.png,6,"[6, 2, 3]"
0028980.png,2,"[2, 7, 3]"
0028991.png,2,"[2, 3, 9]"
0028993.png,2,"[2, 9, 6]"
0028995.png,2,"[2, 3, 8]"
0028996.png,2,"[2, 6, 9]"
0029000.png,2,"[2, 8, 3]"
0029004.png,2,"[2, 9, 8]"
0029010.png,2,"[2, 9, 8]"
0029018.png,8,"[8, 2, 9]"
0029024.png,2,"[2, 9, 8]"
0029027.png,2,"[2, 7, 3]"
0029033.png,2,"[2, 7, 3]"
0029038.png,2,"[2, 7, 9]"
0029049.png,2,"[2, 8, 0]"
0029050.png,2,"[2, 8, 9]"
0029055.png,2,"[2, 3, 9]"
0029066.png,2,"[2, 5, 8]"
0029079.png,2,"[2, 3, 8]"
0029080.png,2,"[2, 5, 8]"
0029084.png,2,"[2, 3, 9]"
0029087.png,2,"[2, 6, 4]"
0029088.png,2,"[2, 8, 3]"
0029093.png,2,"[2, 7, 0]"
0029094.png,2,"[2, 5, 8]"
0029097.png,2,"[2, 3, 7]"
0029108.png,2,"[2, 3, 7]"
0029112.png,2,"[2, 3, 7]"
0029113.png,2,"[2, 8, 3]"
0029117.png,2,"[2, 8, 3]"
0029125.png,2,"[2, 9, 6]"
0029126.png,2,"[2, 3, 8]"
0029129.png,2,"[2, 7, 3]"
0029132.png,2,"[2, 8, 9]"
0029143.png,2,"[2, 8, 6]"
0029147.png,2,"[2, 3, 7]"
0029148.png,2,"[2, 9, 3]"
0029151.png,2,"[2, 3, 7]"
0029152.png,2,"[2, 9, 8]"
0029155.png,2,"[2, 7, 3]"
0029160.png,2,"[2, 5, 3]"
0029168.png,2,"[2, 3, 7]"
0029173.png,2,"[2, 3, 7]"
0029175.png,8,"[8, 9, 2]"
0029185.png,2,"[2, 9, 8]"
0029191.png,2,"[2, 8, 7]"
0029194.png,2,"[2, 3, 7]"
0029204.png,2,"[2, 7, 3]"
0029214.png,2,"[2, 3, 8]"
0029229.png,2,"[2, 7, 3]"
0029239.png,2,"[2, 7, 3]"
0029243.png,2,"[2, 8, 3]"
0029245.png,2,"[2, 5, 4]"
0029249.png,2,"[2, 3, 8]"
0029254.png,2,"[2, 3, 7]"
0029255.png,2,"[2, 7, 3]"
0029258.png,2,"[2, 7, 3]"
0029260.png,2,"[2, 9, 8]"
0029261.png,2,"[2, 5, 9]"
0029270.png,2,"[2, 8, 9]"
0029271.png,2,"[2, 8, 3]"
0029276.png,2,"[2, 3, 7]"
0029278.png,2,"[2, 8, 3]"
0029279.png,2,"[2, 8, 3]"
0029290.png,2,"[2, 3, 7]"
0029294.png,2,"[2, 9, 6]"
0029301.png,2,"[2, 8, 9]"
0029303.png,2,"[2, 3, 6]"
0029311.png,2,"[2, 3, 8]"
0029314.png,2,"[2, 9, 0]"
0029318.png,2,"[2, 3, 7]"
0029319.png,2,"[2, 3, 7]"
0029337.png,2,"[2, 3, 9]"
0029356.png,2,"[2, 7, 3]"
0029360.png,2,"[2, 3, 7]"
0029365.png,2,"[2, 7, 3]"
0029371.png,2,"[2, 3, 7]"
0029373.png,2,"[2, 8, 3]"
0029377.png,2,"[2, 5, 6]"
0029378.png,2,"[2, 7, 5]"
0029386.png,2,"[2, 7, 4]"
0029387.png,2,"[2, 7, 8]"
0029390.png,5,"[5, 2, 6]"
0029398.png,2,"[2, 8, 0]"
0029410.png,2,"[2, 3, 7]"
0029417.png,8,"[8, 2, 0]"
0029424.png,2,"[2, 7, 3]"
0029427.png,2,"[2, 3, 7]"
0029431.png,2,"[2, 3, 7]"
0029435.png,2,"[2, 7, 3]"
0029446.png,2,"[2, 3, 7]"
0029449.png,2,"[2, 3, 7]"
0029452.png,2,"[2, 7, 3]"
0029454.png,2,"[2, 0, 8]"
0029458.png,2,"[2, 8, 9]"
0029459.png,2,"[2, 9, 8]"
0029461.png,2,"[2, 7, 3]"
0029467.png,2,"[2, 7, 3]"
0029469.png,2,"[2, 3, 8]"
0029473.png,2,"[2, 7, 9]"
0029474.png,2,"[2, 0, 3]"
0029479.png,2,"[2, 3, 7]"
0029485.png,2,"[2, 8, 9]"
0029489.png,2,"[2, 3, 7]"
0029493.png,2,"[2, 3, 7]"
0029506.png,2,"[2, 7, 3]"
0029510.png,9,"[9, 2, 7]"
0029517.png,2,"[2, 9, 3]"
0029521.png,2,"[2, 7, 3]"
0029529.png,2,"[2, 8, 9]"
0029533.png,2,"[2, 3, 8]"
0029534.png,2,"[2, 9, 8]"
0029537.png,2,"[2, 7, 3]"
0029544.png,2,"[2, 7, 3]"
0029550.png,2,"[2, 3, 7]"
0029557.png,2,"[2, 3, 9]"
0029565.png,2,"[2, 7, 3]"
0029566.png,2,"[2, 9, 6]"
0029570.png,2,"[2, 3, 7]"
0029577.png,2,"[2, 7, 3]"
0029579.png,2,"[2, 3, 9]"
0029590.png,2,"[2, 9, 8]"
0029591.png,2,"[2, 9, 8]"
0029592.png,3,"[3, 2, 7]"
0029599.png,2,"[2, 9, 8]"
0029610.png,2,"[2, 9, 3]"
0029611.png,2,"[2, 3, 9]"
0029615.png,2,"[2, 9, 8]"
0029617.png,2,"[2, 7, 6]"
0029618.png,2,"[2, 3, 6]"
0029619.png,2,"[2, 3, 8]"
0029628.png,2,"[2, 3, 6]"
0029630.png,2,"[2, 3, 9]"
0029636.png,2,"[2, 7, 3]"
0029637.png,2,"[2, 7, 3]"
0029638.png,2,"[2, 7, 5]"
0029649.png,2,"[2, 3, 7]"
0029650.png,2,"[2, 8, 9]"
0029654.png,2,"[2, 3, 7]"
0029657.png,2,"[2, 7, 3]"
0029662.png,2,"[2, 7, 3]"
0029664.png,2,"[2, 9, 3]"
0029668.png,0,"[0, 6, 9]"
0029669.png,0,"[0, 2, 8]"
0029671.png,2,"[2, 9, 8]"
0029674.png,2,"[2, 9, 8]"
0029676.png,2,"[2, 5, 3]"
0029680.png,2,"[2, 8, 9]"
0029683.png,2,"[2, 3, 7]"
0029688.png,9,"[9, 2, 0]"
0029693.png,2,"[2, 9, 8]"
0029695.png,7,"[7, 2, 9]"
0029696.png,2,"[2, 7, 4]"
0029700.png,2,"[2, 7, 3]"
0029702.png,2,"[2, 5, 3]"
0029706.png,7,"[7, 9, 2]"
0029708.png,2,"[2, 3, 7]"
0029715.png,2,"[2, 8, 5]"
0029720.png,2,"[2, 8, 9]"
0029722.png,2,"[2, 3, 7]"
0029729.png,2,"[2, 3, 7]"
0029734.png,2,"[2, 7, 3]"
0029735.png,2,"[2, 7, 9]"
0029736.png,2,"[2, 3, 7]"
0029750.png,2,"[2, 3, 7]"
0029753.png,2,"[2, 3, 8]"
0029774.png,2,"[2, 3, 8]"
0029775.png,2,"[2, 6, 4]"
0029776.png,2,"[2, 3, 7]"
0029788.png,2,"[2, 3, 7]"
0029791.png,2,"[2, 3, 7]"
0029810.png,2,"[2, 8, 3]"
0029813.png,2,"[2, 3, 5]"
0029815.png,2,"[2, 6, 5]"
0029822.png,2,"[2, 8, 9]"
0029836.png,2,"[2, 7, 3]"
0029838.png,2,"[2, 3, 7]"
0029840.png,2,"[2, 3, 7]"
0029841.png,2,"[2, 3, 7]"
0029858.png,9,"[9, 2, 6]"
0029868.png,2,"[2, 8, 3]"
0029869.png,2,"[2, 8, 3]"
0029899.png,2,"[2, 9, 6]"
0029905.png,8,"[8, 2, 0]"
0029911.png,2,"[2, 7, 9]"
0029915.png,2,"[2, 3, 7]"
0029918.png,2,"[2, 3, 6]"
0029919.png,2,"[2, 3, 9]"
0029926.png,2,"[2, 3, 4]"
0029928.png,3,"[3, 2, 5]"
0029930.png,2,"[2, 9, 0]"
0029932.png,2,"[2, 7, 3]"
0029935.png,2,"[2, 7, 9]"
0029937.png,2,"[2, 3, 7]"
0029942.png,2,"[2, 8, 9]"
0029949.png,2,"[2, 7, 3]"
0029950.png,2,"[2, 7, 9]"
0029959.png,2,"[2, 3, 8]"
0029965.png,2,"[2, 0, 3]"
0029966.png,9,"[9, 2, 8]"
0029986.png,2,"[2, 3, 5]"
0029989.png,2,"[2, 5, 3]"
0029994.png,2,"[2, 7, 3]"
0030000.png,2,"[2, 8, 3]"
0030003.png,2,"[2, 8, 9]"
0030005.png,2,"[2, 7, 9]"
0030006.png,2,"[2, 9, 8]"
0030007.png,2,"[2, 9, 6]"
0030009.png,2,"[2, 7, 3]"
0030010.png,2,"[2, 8, 9]"
0030017.png,2,"[2, 3, 7]"
0030023.png,2,"[2, 3, 7]"
0030024.png,2,"[2, 8, 6]"
0030025.png,2,"[2, 8, 9]"
0030027.png,2,"[2, 9, 8]"
0030030.png,2,"[2, 6, 9]"
0030035.png,2,"[2, 8, 9]"
0030038.png,7,"[7, 2, 9]"
0030044.png,2,"[2, 7, 3]"
0030059.png,2,"[2, 8, 7]"
0030062.png,9,"[9, 8, 6]"
0030073.png,2,"[2, 9, 3]"
0030075.png,2,"[2, 8, 9]"
0030083.png,2,"[2, 3, 8]"
0030088.png,2,"[2, 3, 5]"
0030094.png,2,"[2, 3, 7]"
0030106.png,2,"[2, 7, 3]"
0030112.png,2,"[2, 3, 7]"
0030114.png,3,"[3, 2, 1]"
0030123.png,2,"[2, 9, 3]"
0030127.png,2,"[2, 3, 9]"
0030130.png,2,"[2, 3, 7]"
0030135.png,2,"[2, 7, 3]"
0030140.png,2,"[2, 3, 8]"
0030150.png,2,"[2, 3, 7]"
0030157.png,2,"[2, 3, 7]"
0030158.png,2,"[2, 3, 7]"
0030164.png,2,"[2, 3, 9]"
0030168.png,2,"[2, 9, 6]"
0030169.png,2,"[2, 9, 3]"
0030171.png,2,"[2, 3, 8]"
0030185.png,2,"[2, 3, 7]"
0030200.png,2,"[2, 0, 6]"
0030202.png,2,"[2, 3, 7]"
0030203.png,2,"[2, 7, 3]"
0030204.png,2,"[2, 9, 8]"
0030208.png,2,"[2, 7, 5]"
0030211.png,2,"[2, 7, 3]"
0030213.png,7,"[7, 4, 2]"
0030217.png,2,"[2, 8, 9]"
0030227.png,2,"[2, 7, 3]"
0030253.png,2,"[2, 7, 9]"
0030256.png,2,"[2, 3, 7]"
0030260.png,2,"[2, 3, 7]"
0030266.png,2,"[2, 8, 5]"
0030272.png,2,"[2, 6, 8]"
0030278.png,2,"[2, 7, 4]"
0030279.png,2,"[2, 7, 4]"
0030280.png,2,"[2, 8, 9]"
0030281.png,2,"[2, 8, 9]"
0030283.png,2,"[2, 5, 8]"
0030287.png,7,"[7, 2, 3]"
0030288.png,2,"[2, 7, 3]"
0030289.png,2,"[2, 7, 3]"
0030290.png,2,"[2, 3, 7]"
0030292.png,2,"[2, 3, 7]"
0030293.png,2,"[2, 7, 3]"
0030294.png,2,"[2, 7, 3]"
0030296.png,2,"[2, 4, 8]"
0030314.png,2,"[2, 7, 3]"
0030317.png,2,"[2, 5, 6]"
0030343.png,2,"[2, 7, 3]"
0030346.png,2,"[2, 9, 8]"
0030354.png,2,"[2, 9, 8]"
0030356.png,2,"[2, 3, 7]"
0030360.png,2,"[2, 9, 8]"
0030364.png,2,"[2, 5, 7]"
0030365.png,2,"[2, 5, 8]"
0030371.png,2,"[2, 0, 3]"
0030373.png,2,"[2, 0, 3]"
0030374.png,2,"[2, 9, 8]"
0030376.png,2,"[2, 3, 4]"
0030377.png,2,"[2, 3, 9]"
0030381.png,2,"[2, 3, 8]"
0030386.png,2,"[2, 3, 7]"
0030393.png,2,"[2, 9, 8]"
0030395.png,2,"[2, 9, 8]"
0030400.png,2,"[2, 7, 3]"
0030401.png,2,"[2, 7, 3]"
0030405.png,2,"[2, 3, 9]"
0030413.png,2,"[2, 3, 5]"
0030416.png,2,"[2, 6, 3]"
0030418.png,2,"[2, 3, 9]"
0030419.png,2,"[2, 8, 9]"
0030422.png,2,"[2, 9, 3]"
0030425.png,2,"[2, 8, 0]"
0030426.png,8,"[8, 2, 5]"
0030433.png,2,"[2, 8, 3]"
0030435.png,2,"[2, 7, 3]"
0030437.png,2,"[2, 3, 9]"
0030438.png,2,"[2, 9, 3]"
0030441.png,2,"[2, 8, 9]"
0030445.png,2,"[2, 7, 3]"
0030451.png,2,"[2, 9, 8]"
0030452.png,2,"[2, 3, 7]"
0030468.png,2,"[2, 7, 5]"
0030472.png,2,"[2, 3, 5]"
0030474.png,2,"[2, 7, 3]"
0030478.png,2,"[2, 3, 8]"
0030491.png,2,"[2, 7, 3]"
0030493.png,2,"[2, 1, 7]"
0030500.png,2,"[2, 3, 7]"
0030507.png,2,"[2, 8, 3]"
0030509.png,2,"[2, 5, 9]"
0030510.png,2,"[2, 9, 6]"
0030511.png,2,"[2, 6, 9]"
0030512.png,2,"[2, 7, 3]"
0030520.png,2,"[2, 3, 9]"
0030521.png,2,"[2, 3, 9]"
0030522.png,2,"[2, 6, 8]"
0030530.png,2,"[2, 3, 5]"
0030543.png,2,"[2, 8, 3]"
0030551.png,2,"[2, 7, 9]"
0030553.png,2,"[2, 9, 8]"
0030555.png,2,"[2, 9, 3]"
0030558.png,2,"[2, 3, 7]"
0030560.png,2,"[2, 7, 9]"
0030567.png,2,"[2, 7, 3]"
0030569.png,2,"[2, 7, 9]"
0030572.png,2,"[2, 3, 7]"
0030574.png,8,"[8, 2, 9]"
0030575.png,2,"[2, 8, 3]"
0030576.png,2,"[2, 8, 3]"
0030577.png,2,"[2, 7, 3]"
0030593.png,2,"[2, 8, 3]"
0030596.png,2,"[2, 3, 7]"
0030597.png,2,"[2, 3, 7]"
0030599.png,2,"[2, 3, 6]"
0030606.png,2,"[2, 7, 3]"
0030607.png,2,"[2, 7, 9]"
0030608.png,2,"[2, 3, 7]"
0030625.png,2,"[2, 3, 7]"
0030628.png,2,"[2, 8, 5]"
0030636.png,2,"[2, 8, 3]"
0030644.png,2,"[2, 3, 5]"
0030646.png,2,"[2, 3, 5]"
0030648.png,2,"[2, 7, 9]"
0030649.png,2,"[2, 9, 7]"
0030655.png,2,"[2, 9, 3]"
0030666.png,2,"[2, 7, 9]"
0030675.png,2,"[2, 3, 9]"
0030683.png,2,"[2, 3, 5]"
0030684.png,2,"[2, 6, 3]"
0030686.png,2,"[2, 3, 7]"
0030690.png,2,"[2, 9, 6]"
0030691.png,2,"[2, 9, 8]"
0030694.png,2,"[2, 9, 7]"
0030695.png,2,"[2, 7, 9]"
0030697.png,9,"[9, 2, 4]"
0030700.png,2,"[2, 8, 3]"
0030701.png,2,"[2, 3, 8]"
0030704.png,2,"[2, 7, 3]"
0030705.png,2,"[2, 3, 7]"
0030718.png,2,"[2, 7, 4]"
0030720.png,2,"[2, 5, 3]"
0030725.png,2,"[2, 8, 3]"
0030726.png,2,"[2, 8, 9]"
0030728.png,2,"[2, 8, 3]"
0030729.png,2,"[2, 3, 9]"
0030735.png,2,"[2, 7, 3]"
0030741.png,2,"[2, 7, 3]"
0030745.png,2,"[2, 8, 3]"
0030747.png,2,"[2, 8, 9]"
0030750.png,2,"[2, 3, 7]"
0030756.png,2,"[2, 5, 3]"
0030760.png,2,"[2, 3, 6]"
0030764.png,2,"[2, 3, 7]"
0030766.png,2,"[2, 3, 4]"
0030791.png,2,"[2, 6, 9]"
0030795.png,2,"[2, 5, 7]"
0030797.png,2,"[2, 5, 7]"
0030807.png,2,"[2, 3, 7]"
0030808.png,2,"[2, 3, 7]"
0030816.png,2,"[2, 7, 3]"
0030818.png,2,"[2, 5, 7]"
0030820.png,2,"[2, 7, 4]"
0030821.png,2,"[2, 5, 7]"
0030827.png,2,"[2, 7, 3]"
0030828.png,2,"[2, 3, 7]"
0030840.png,2,"[2, 3, 7]"
0030841.png,2,"[2, 7, 3]"
0030843.png,2,"[2, 3, 7]"
0030845.png,2,"[2, 7, 3]"
0030851.png,2,"[2, 9, 3]"
0030856.png,2,"[2, 7, 3]"
0030860.png,2,"[2, 8, 9]"
0030863.png,2,"[2, 3, 7]"
0030864.png,2,"[2, 3, 5]"
0030869.png,2,"[2, 7, 3]"
0030873.png,2,"[2, 9, 3]"
0030882.png,2,"[2, 3, 7]"
0030883.png,2,"[2, 3, 7]"
0030884.png,2,"[2, 3, 7]"
0030889.png,2,"[2, 7, 3]"
0030891.png,2,"[2, 9, 3]"
0030908.png,2,"[2, 7, 3]"
0030909.png,2,"[2, 7, 3]"
0030916.png,2,"[2, 3, 5]"
0030920.png,8,"[8, 2, 4]"
0030921.png,2,"[2, 3, 8]"
0030929.png,2,"[2, 9, 7]"
0030930.png,2,"[2, 3, 7]"
0030939.png,2,"[2, 9, 8]"
0030940.png,2,"[2, 3, 7]"
0030945.png,2,"[2, 3, 7]"
0030946.png,2,"[2, 3, 7]"
0030950.png,2,"[2, 3, 7]"
0030952.png,2,"[2, 3, 5]"
0030957.png,2,"[2, 3, 5]"
0030984.png,2,"[2, 7, 3]"
0030992.png,2,"[2, 8, 6]"
0030993.png,2,"[2, 3, 9]"
0030995.png,2,"[2, 3, 7]"
0030998.png,3,"[3, 2, 7]"
0031004.png,2,"[2, 7, 3]"
0031013.png,2,"[2, 3, 7]"
0031019.png,2,"[2, 8, 3]"
0031025.png,2,"[2, 3, 7]"
0031031.png,2,"[2, 8, 3]"
0031036.png,2,"[2, 8, 3]"
0031037.png,2,"[2, 9, 3]"
0031039.png,2,"[2, 8, 9]"
0031041.png,2,"[2, 8, 6]"
0031043.png,2,"[2, 9, 3]"
0031046.png,2,"[2, 3, 9]"
0031049.png,2,"[2, 3, 8]"
0031055.png,2,"[2, 7, 6]"
0031056.png,9,"[9, 2, 8]"
0031061.png,2,"[2, 9, 8]"
0031064.png,5,"[5, 2, 6]"
0031065.png,2,"[2, 9, 6]"
0031066.png,3,"[3, 5, 2]"
0031074.png,2,"[2, 9, 3]"
0031078.png,3,"[3, 2, 7]"
0031080.png,2,"[2, 3, 7]"
0031084.png,2,"[2, 9, 8]"
0031088.png,2,"[2, 3, 9]"
0031093.png,2,"[2, 9, 8]"
0031096.png,9,"[9, 2, 6]"
0031105.png,2,"[2, 8, 5]"
0031111.png,2,"[2, 3, 8]"
0031115.png,2,"[2, 7, 3]"
0031117.png,2,"[2, 8, 3]"
0031118.png,2,"[2, 7, 3]"
0031122.png,2,"[2, 6, 9]"
0031136.png,2,"[2, 3, 7]"
0031141.png,2,"[2, 3, 7]"
0031150.png,2,"[2, 3, 7]"
0031154.png,3,"[3, 2, 5]"
0031159.png,2,"[2, 8, 3]"
0031163.png,2,"[2, 9, 8]"
0031168.png,2,"[2, 7, 3]"
0031169.png,2,"[2, 3, 7]"
0031173.png,2,"[2, 3, 8]"
0031175.png,2,"[2, 8, 7]"
0031176.png,3,"[3, 5, 2]"
0031180.png,2,"[2, 8, 4]"
0031181.png,2,"[2, 8, 7]"
0031182.png,2,"[2, 9, 3]"
0031195.png,2,"[2, 3, 6]"
0031197.png,2,"[2, 8, 9]"
0031199.png,2,"[2, 8, 9]"
0031207.png,2,"[2, 3, 7]"
0031208.png,6,"[6, 2, 5]"
0031214.png,2,"[2, 3, 6]"
0031215.png,2,"[2, 3, 5]"
0031216.png,2,"[2, 9, 8]"
0031224.png,2,"[2, 7, 9]"
0031232.png,2,"[2, 3, 7]"
0031249.png,2,"[2, 3, 7]"
0031250.png,2,"[2, 7, 3]"
0031254.png,2,"[2, 3, 7]"
0031258.png,2,"[2, 3, 7]"
0031259.png,2,"[2, 3, 5]"
0031262.png,2,"[2, 3, 4]"
0031263.png,2,"[2, 3, 9]"
0031267.png,2,"[2, 7, 9]"
0031273.png,2,"[2, 8, 4]"
0031279.png,2,"[2, 7, 3]"
0031283.png,2,"[2, 8, 7]"
0031286.png,2,"[2, 7, 3]"
0031311.png,2,"[2, 3, 7]"
0031312.png,2,"[2, 7, 3]"
0031315.png,2,"[2, 8, 3]"
0031317.png,8,"[8, 2, 3]"
0031318.png,2,"[2, 3, 7]"
0031340.png,2,"[2, 3, 7]"
0031345.png,2,"[2, 7, 3]"
0031349.png,2,"[2, 3, 7]"
0031351.png,2,"[2, 3, 7]"
0031356.png,2,"[2, 3, 7]"
0031358.png,2,"[2, 3, 7]"
0031363.png,2,"[2, 8, 9]"
0031364.png,2,"[2, 8, 9]"
0031377.png,2,"[2, 7, 3]"
0031382.png,2,"[2, 3, 7]"
0031384.png,2,"[2, 5, 3]"
0031390.png,2,"[2, 7, 9]"
0031398.png,2,"[2, 8, 9]"
0031399.png,2,"[2, 8, 9]"
0031400.png,2,"[2, 3, 9]"
0031403.png,2,"[2, 7, 4]"
0031406.png,2,"[2, 3, 5]"
0031410.png,2,"[2, 8, 5]"
0031412.png,2,"[2, 6, 8]"
0031418.png,2,"[2, 3, 7]"
0031419.png,2,"[2, 7, 3]"
0031422.png,2,"[2, 3, 7]"
0031426.png,2,"[2, 3, 8]"
0031427.png,2,"[2, 3, 8]"
0031430.png,2,"[2, 5, 6]"
0031432.png,8,"[8, 2, 5]"
0031437.png,2,"[2, 7, 3]"
0031443.png,2,"[2, 6, 5]"
0031446.png,9,"[9, 2, 8]"
0031450.png,2,"[2, 7, 5]"
0031452.png,2,"[2, 9, 3]"
0031457.png,2,"[2, 3, 8]"
0031460.png,2,"[2, 3, 7]"
0031461.png,2,"[2, 7, 3]"
0031469.png,2,"[2, 9, 3]"
0031475.png,2,"[2, 3, 8]"
0031479.png,2,"[2, 7, 3]"
0031485.png,2,"[2, 8, 5]"
0031488.png,2,"[2, 8, 3]"
0031491.png,2,"[2, 9, 8]"
0031496.png,2,"[2, 3, 8]"
0031497.png,2,"[2, 9, 8]"
0031510.png,2,"[2, 3, 7]"
0031512.png,2,"[2, 8, 9]"
0031515.png,2,"[2, 3, 7]"
0031516.png,2,"[2, 8, 3]"
0031521.png,2,"[2, 3, 7]"
0031525.png,2,"[2, 7, 3]"
0031526.png,2,"[2, 3, 7]"
0031527.png,2,"[2, 7, 3]"
0031528.png,2,"[2, 3, 7]"
0031532.png,2,"[2, 7, 3]"
0031533.png,2,"[2, 7, 3]"
0031534.png,2,"[2, 3, 7]"
0031535.png,2,"[2, 3, 7]"
0031539.png,2,"[2, 7, 4]"
0031541.png,2,"[2, 7, 3]"
0031545.png,2,"[2, 3, 5]"
0031547.png,2,"[2, 3, 7]"
0031552.png,2,"[2, 3, 7]"
0031563.png,2,"[2, 3, 5]"
0031564.png,2,"[2, 3, 5]"
0031565.png,2,"[2, 8, 6]"
0031566.png,2,"[2, 3, 8]"
0031597.png,2,"[2, 8, 3]"
0031598.png,2,"[2, 8, 4]"
0031602.png,2,"[2, 8, 5]"
0031607.png,2,"[2, 3, 7]"
0031609.png,2,"[2, 6, 5]"
0031618.png,2,"[2, 3, 7]"
0031628.png,2,"[2, 7, 3]"
0031649.png,2,"[2, 4, 6]"
0031658.png,2,"[2, 3, 7]"
0031664.png,3,"[3, 2, 7]"
0031665.png,2,"[2, 3, 7]"
0031669.png,2,"[2, 3, 8]"
0031684.png,2,"[2, 3, 7]"
0031685.png,2,"[2, 7, 3]"
0031688.png,2,"[2, 8, 9]"
0031699.png,4,"[4, 2, 7]"
0031705.png,2,"[2, 6, 5]"
0031712.png,2,"[2, 5, 0]"
0031714.png,2,"[2, 8, 6]"
0031715.png,2,"[2, 8, 0]"
0031731.png,2,"[2, 7, 3]"
0031734.png,2,"[2, 3, 7]"
0031736.png,2,"[2, 7, 3]"
0031740.png,2,"[2, 0, 3]"
0031741.png,2,"[2, 7, 9]"
0031742.png,2,"[2, 5, 3]"
0031745.png,2,"[2, 3, 7]"
0031746.png,2,"[2, 8, 9]"
0031748.png,2,"[2, 3, 7]"
0031762.png,2,"[2, 8, 3]"
0031772.png,2,"[2, 3, 5]"
0031773.png,2,"[2, 6, 4]"
0031779.png,2,"[2, 3, 7]"
0031786.png,2,"[2, 3, 7]"
0031790.png,2,"[2, 3, 5]"
0031791.png,2,"[2, 3, 5]"
0031794.png,2,"[2, 8, 9]"
0031798.png,2,"[2, 3, 7]"
0031815.png,2,"[2, 9, 4]"
0031825.png,2,"[2, 7, 3]"
0031841.png,7,"[7, 2, 9]"
0031845.png,2,"[2, 3, 7]"
0031859.png,2,"[2, 6, 8]"
0031869.png,2,"[2, 7, 3]"
0031872.png,2,"[2, 7, 9]"
0031874.png,2,"[2, 7, 3]"
0031887.png,2,"[2, 3, 7]"
0031893.png,2,"[2, 3, 8]"
0031899.png,2,"[2, 8, 3]"
0031900.png,7,"[7, 2, 3]"
0031904.png,2,"[2, 8, 9]"
0031910.png,2,"[2, 9, 3]"
0031911.png,2,"[2, 7, 6]"
0031925.png,3,"[3, 2, 5]"
0031927.png,2,"[2, 3, 7]"
0031939.png,2,"[2, 8, 6]"
0031943.png,2,"[2, 8, 9]"
0031950.png,2,"[2, 3, 6]"
0031951.png,2,"[2, 3, 7]"
0031953.png,2,"[2, 3, 7]"
0031958.png,2,"[2, 7, 3]"
0031959.png,9,"[9, 2, 6]"
0031961.png,2,"[2, 3, 7]"
0031962.png,2,"[2, 9, 3]"
0031974.png,2,"[2, 3, 7]"
0031975.png,2,"[2, 7, 3]"
0031976.png,2,"[2, 7, 3]"
0031980.png,2,"[2, 3, 7]"
0031986.png,2,"[2, 3, 7]"
0032017.png,2,"[2, 3, 7]"
0032026.png,2,"[2, 8, 3]"
0032032.png,2,"[2, 3, 7]"
0032034.png,2,"[2, 7, 3]"
0032038.png,2,"[2, 9, 3]"
0032039.png,2,"[2, 8, 9]"
0032045.png,2,"[2, 3, 7]"
0032046.png,2,"[2, 3, 7]"
0032047.png,2,"[2, 3, 7]"
0032063.png,2,"[2, 0, 5]"
0032066.png,2,"[2, 8, 3]"
0032068.png,2,"[2, 9, 7]"
0032070.png,2,"[2, 7, 3]"
0032071.png,2,"[2, 7, 3]"
0032073.png,2,"[2, 3, 7]"
0032079.png,2,"[2, 7, 3]"
0032082.png,2,"[2, 3, 7]"
0032085.png,2,"[2, 3, 7]"
0032090.png,2,"[2, 3, 7]"
0032091.png,2,"[2, 3, 7]"
0032096.png,2,"[2, 3, 9]"
0032100.png,2,"[2, 7, 9]"
0032106.png,2,"[2, 3, 7]"
0032108.png,2,"[2, 3, 7]"
0032113.png,2,"[2, 7, 3]"
0032116.png,2,"[2, 7, 3]"
0032118.png,2,"[2, 3, 8]"
0032119.png,2,"[2, 9, 3]"
0032123.png,9,"[9, 2, 8]"
0032125.png,2,"[2, 7, 3]"
0032128.png,2,"[2, 7, 3]"
0032130.png,2,"[2, 8, 9]"
0032134.png,2,"[2, 3, 7]"
0032137.png,2,"[2, 9, 7]"
0032138.png,2,"[2, 3, 7]"
0032143.png,2,"[2, 7, 3]"
0032147.png,2,"[2, 3, 7]"
0032150.png,2,"[2, 8, 3]"
0032154.png,2,"[2, 7, 4]"
0032167.png,2,"[2, 8, 3]"
0032174.png,2,"[2, 3, 5]"
0032182.png,2,"[2, 3, 5]"
0032187.png,2,"[2, 7, 3]"
0032188.png,2,"[2, 3, 6]"
0032191.png,2,"[2, 7, 3]"
0032203.png,2,"[2, 3, 7]"
0032209.png,2,"[2, 7, 3]"
0032211.png,2,"[2, 3, 7]"
0032216.png,2,"[2, 7, 3]"
0032225.png,2,"[2, 6, 4]"
0032227.png,2,"[2, 3, 8]"
0032234.png,2,"[2, 8, 9]"
0032241.png,2,"[2, 3, 7]"
0032246.png,8,"[8, 2, 6]"
0032255.png,2,"[2, 3, 5]"
0032267.png,2,"[2, 7, 3]"
0032272.png,2,"[2, 3, 7]"
0032274.png,2,"[2, 3, 7]"
0032277.png,2,"[2, 3, 7]"
0032282.png,2,"[2, 3, 7]"
0032283.png,2,"[2, 3, 7]"
0032285.png,2,"[2, 7, 3]"
0032290.png,2,"[2, 3, 7]"
0032300.png,2,"[2, 9, 8]"
0032301.png,6,"[6, 2, 4]"
0032302.png,2,"[2, 5, 3]"
0032307.png,2,"[2, 3, 8]"
0032309.png,2,"[2, 3, 9]"
0032315.png,2,"[2, 8, 9]"
0032316.png,2,"[2, 7, 3]"
0032322.png,2,"[2, 7, 3]"
0032325.png,2,"[2, 3, 8]"
0032326.png,2,"[2, 3, 5]"
0032330.png,2,"[2, 9, 8]"
0032338.png,2,"[2, 7, 3]"
0032340.png,2,"[2, 8, 9]"
0032341.png,2,"[2, 8, 9]"
0032345.png,2,"[2, 3, 8]"
0032355.png,2,"[2, 3, 8]"
0032356.png,2,"[2, 3, 7]"
0032358.png,2,"[2, 5, 3]"
0032367.png,2,"[2, 8, 9]"
0032382.png,2,"[2, 3, 7]"
0032384.png,2,"[2, 8, 6]"
0032386.png,2,"[2, 8, 9]"
0032393.png,2,"[2, 7, 9]"
0032398.png,2,"[2, 3, 6]"
0032403.png,2,"[2, 7, 8]"
0032407.png,2,"[2, 7, 5]"
0032409.png,2,"[2, 8, 3]"
0032412.png,2,"[2, 8, 3]"
0032413.png,2,"[2, 8, 0]"
0032416.png,2,"[2, 3, 7]"
0032419.png,2,"[2, 3, 7]"
0032428.png,2,"[2, 8, 7]"
0032430.png,2,"[2, 8, 9]"
0032431.png,2,"[2, 9, 8]"
0032434.png,2,"[2, 9, 7]"
0032437.png,7,"[7, 2, 3]"
0032455.png,2,"[2, 9, 8]"
0032469.png,2,"[2, 3, 0]"
0032473.png,2,"[2, 9, 3]"
0032474.png,2,"[2, 9, 5]"
0032476.png,8,"[8, 2, 3]"
0032478.png,2,"[2, 3, 5]"
0032479.png,2,"[2, 6, 9]"
0032480.png,2,"[2, 8, 3]"
0032481.png,2,"[2, 8, 9]"
0032490.png,2,"[2, 3, 6]"
0032495.png,2,"[2, 8, 6]"
0032501.png,2,"[2, 3, 7]"
0032512.png,7,"[7, 2, 5]"
0032518.png,2,"[2, 7, 3]"
0032524.png,2,"[2, 9, 8]"
0032526.png,2,"[2, 3, 8]"
0032528.png,2,"[2, 8, 9]"
0032532.png,2,"[2, 3, 7]"
0032535.png,2,"[2, 8, 9]"
0032536.png,2,"[2, 9, 5]"
0032542.png,2,"[2, 8, 9]"
0032548.png,2,"[2, 7, 3]"
0032563.png,2,"[2, 7, 5]"
0032567.png,2,"[2, 9, 7]"
0032572.png,2,"[2, 3, 7]"
0032574.png,2,"[2, 7, 9]"
0032578.png,2,"[2, 8, 6]"
0032579.png,2,"[2, 8, 3]"
0032582.png,2,"[2, 3, 9]"
0032584.png,2,"[2, 3, 7]"
0032585.png,2,"[2, 3, 7]"
0032596.png,2,"[2, 7, 9]"
0032600.png,2,"[2, 7, 9]"
0032617.png,2,"[2, 3, 5]"
0032620.png,2,"[2, 7, 3]"
0032621.png,2,"[2, 7, 3]"
0032623.png,2,"[2, 9, 8]"
0032629.png,2,"[2, 7, 3]"
0032631.png,2,"[2, 8, 3]"
0032635.png,2,"[2, 3, 7]"
0032638.png,2,"[2, 9, 3]"
0032639.png,2,"[2, 8, 3]"
0032643.png,2,"[2, 7, 3]"
0032647.png,2,"[2, 9, 3]"
0032653.png,2,"[2, 9, 7]"
0032654.png,2,"[2, 5, 4]"
0032655.png,2,"[2, 4, 6]"
0032657.png,2,"[2, 3, 8]"
0032665.png,2,"[2, 3, 9]"
0032666.png,9,"[9, 2, 7]"
0032667.png,2,"[2, 9, 8]"
0032674.png,2,"[2, 9, 6]"
0032687.png,2,"[2, 6, 9]"
0032702.png,2,"[2, 3, 7]"
0032714.png,2,"[2, 3, 6]"
0032730.png,2,"[2, 9, 8]"
0032731.png,2,"[2, 9, 3]"
0032732.png,2,"[2, 6, 0]"
0032735.png,2,"[2, 8, 5]"
0032736.png,2,"[2, 9, 3]"
0032739.png,2,"[2, 8, 9]"
0032740.png,2,"[2, 8, 7]"
0032744.png,2,"[2, 3, 7]"
0032755.png,2,"[2, 3, 7]"
0032768.png,2,"[2, 3, 8]"
0032780.png,6,"[6, 8, 2]"
0032783.png,2,"[2, 3, 7]"
0032787.png,2,"[2, 7, 3]"
0032792.png,2,"[2, 3, 7]"
0032794.png,2,"[2, 3, 9]"
0032795.png,2,"[2, 3, 9]"
0032797.png,2,"[2, 3, 7]"
0032798.png,2,"[2, 7, 3]"
0032812.png,2,"[2, 3, 9]"
0032814.png,2,"[2, 9, 7]"
0032815.png,2,"[2, 7, 3]"
0032818.png,2,"[2, 9, 8]"
0032820.png,2,"[2, 3, 5]"
0032822.png,2,"[2, 8, 6]"
0032828.png,2,"[2, 3, 7]"
0032833.png,2,"[2, 9, 8]"
0032836.png,2,"[2, 8, 3]"
0032841.png,2,"[2, 5, 8]"
0032844.png,2,"[2, 9, 3]"
0032845.png,2,"[2, 8, 9]"
0032847.png,2,"[2, 3, 8]"
0032854.png,2,"[2, 8, 3]"
0032856.png,2,"[2, 3, 9]"
0032858.png,2,"[2, 8, 9]"
0032860.png,2,"[2, 3, 9]"
0032864.png,2,"[2, 8, 6]"
0032869.png,2,"[2, 8, 6]"
0032873.png,2,"[2, 3, 7]"
0032876.png,2,"[2, 3, 7]"
0032884.png,2,"[2, 3, 9]"
0032893.png,2,"[2, 3, 7]"
0032896.png,2,"[2, 9, 8]"
0032898.png,2,"[2, 3, 7]"
0032906.png,3,"[3, 2, 5]"
0032907.png,2,"[2, 5, 3]"
0032909.png,2,"[2, 3, 7]"
0032910.png,2,"[2, 3, 6]"
0032918.png,2,"[2, 8, 3]"
0032925.png,2,"[2, 3, 7]"
0032926.png,2,"[2, 3, 8]"
0032928.png,2,"[2, 3, 7]"
0032936.png,2,"[2, 8, 6]"
0032942.png,2,"[2, 3, 7]"
0032951.png,2,"[2, 8, 3]"
0032953.png,2,"[2, 3, 7]"
0032955.png,2,"[2, 3, 7]"
0032960.png,2,"[2, 7, 3]"
0032964.png,2,"[2, 8, 4]"
0032967.png,2,"[2, 7, 3]"
0032969.png,2,"[2, 3, 7]"
0032970.png,2,"[2, 8, 3]"
0032972.png,2,"[2, 7, 3]"
0032973.png,2,"[2, 3, 7]"
0032974.png,2,"[2, 3, 5]"
0032978.png,2,"[2, 7, 9]"
0032989.png,2,"[2, 9, 8]"
0032998.png,2,"[2, 3, 6]"
0032999.png,2,"[2, 3, 6]"
0033002.png,2,"[2, 7, 3]"
0033003.png,2,"[2, 3, 7]"
0033007.png,2,"[2, 7, 3]"
0033014.png,2,"[2, 5, 3]"
0033022.png,2,"[2, 9, 8]"
0033027.png,2,"[2, 3, 7]"
0033030.png,2,"[2, 3, 6]"
0033031.png,2,"[2, 3, 8]"
0033039.png,2,"[2, 8, 9]"
0033049.png,2,"[2, 7, 9]"
0033050.png,2,"[2, 8, 3]"
0033051.png,2,"[2, 8, 3]"
0033056.png,2,"[2, 4, 5]"
0033061.png,2,"[2, 3, 8]"
0033070.png,8,"[8, 2, 9]"
0033076.png,2,"[2, 7, 3]"
0033079.png,2,"[2, 8, 4]"
0033088.png,2,"[2, 3, 7]"
0033089.png,2,"[2, 3, 7]"
0033108.png,2,"[2, 5, 0]"
0033117.png,2,"[2, 8, 9]"
0033119.png,2,"[2, 3, 5]"
0033123.png,2,"[2, 7, 3]"
0033126.png,2,"[2, 7, 9]"
0033136.png,2,"[2, 3, 9]"
0033141.png,2,"[2, 3, 7]"
0033146.png,2,"[2, 4, 3]"
0033147.png,2,"[2, 8, 3]"
0033148.png,2,"[2, 5, 3]"
0033149.png,2,"[2, 5, 3]"
0033151.png,2,"[2, 7, 3]"
0033152.png,2,"[2, 3, 6]"
0033156.png,2,"[2, 9, 3]"
0033161.png,2,"[2, 9, 8]"
0033163.png,2,"[2, 3, 7]"
0033172.png,2,"[2, 7, 3]"
0033173.png,2,"[2, 7, 4]"
0033183.png,2,"[2, 3, 9]"
0033194.png,2,"[2, 1, 7]"
0033196.png,2,"[2, 7, 5]"
0033202.png,2,"[2, 5, 3]"
0033210.png,2,"[2, 6, 5]"
0033220.png,2,"[2, 3, 5]"
0033239.png,2,"[2, 3, 7]"
0033243.png,2,"[2, 3, 7]"
0033247.png,2,"[2, 3, 9]"
0033249.png,2,"[2, 6, 4]"
0033261.png,2,"[2, 6, 9]"
0033264.png,2,"[2, 3, 6]"
0033269.png,2,"[2, 7, 3]"
0033270.png,0,"[0, 2, 1]"
0033276.png,2,"[2, 6, 3]"
0033279.png,2,"[2, 3, 7]"
0033280.png,2,"[2, 3, 5]"
0033281.png,2,"[2, 3, 7]"
0033284.png,2,"[2, 3, 5]"
0033286.png,2,"[2, 3, 7]"
0033287.png,3,"[3, 2, 7]"
0033288.png,2,"[2, 7, 3]"
0033289.png,2,"[2, 3, 5]"
0033295.png,3,"[3, 2, 8]"
0033296.png,2,"[2, 7, 3]"
0033305.png,2,"[2, 3, 7]"
0033317.png,2,"[2, 3, 7]"
0033318.png,2,"[2, 8, 6]"
0033319.png,2,"[2, 8, 3]"
0033320.png,2,"[2, 3, 7]"
0033321.png,2,"[2, 7, 3]"
0033333.png,3,"[3, 2, 9]"
0033335.png,2,"[2, 9, 8]"
0033338.png,2,"[2, 8, 9]"
0033342.png,2,"[2, 5, 8]"
0033345.png,2,"[2, 8, 6]"
0033350.png,2,"[2, 7, 3]"
0033355.png,2,"[2, 3, 5]"
0033356.png,2,"[2, 3, 5]"
0033358.png,2,"[2, 8, 9]"
0033361.png,2,"[2, 3, 9]"
0033369.png,2,"[2, 3, 9]"
0033371.png,9,"[9, 2, 8]"
0033379.png,2,"[2, 3, 7]"
0033380.png,2,"[2, 8, 9]"
0033382.png,2,"[2, 7, 9]"
0033394.png,2,"[2, 3, 5]"
0033395.png,2,"[2, 3, 7]"
0033402.png,2,"[2, 7, 3]"
0033403.png,2,"[2, 7, 3]"
0033404.png,2,"[2, 3, 7]"
0033408.png,8,"[8, 6, 2]"
0033410.png,2,"[2, 3, 7]"
0033421.png,2,"[2, 9, 3]"
0033437.png,2,"[2, 7, 3]"
0033438.png,2,"[2, 3, 7]"
0033439.png,2,"[2, 5, 3]"
0033442.png,2,"[2, 3, 8]"
0033452.png,2,"[2, 3, 7]"
0033454.png,2,"[2, 3, 7]"
0033456.png,2,"[2, 7, 3]"
0033458.png,8,"[8, 2, 4]"
0033459.png,2,"[2, 8, 9]"
0033466.png,2,"[2, 3, 9]"
0033468.png,2,"[2, 3, 7]"
0033474.png,2,"[2, 9, 8]"
0033475.png,2,"[2, 8, 9]"
0033477.png,2,"[2, 7, 3]"
0033478.png,2,"[2, 8, 9]"
0033479.png,2,"[2, 3, 9]"
0033480.png,2,"[2, 8, 3]"
0033482.png,2,"[2, 3, 7]"
0033483.png,2,"[2, 7, 3]"
0033484.png,2,"[2, 3, 9]"
0033485.png,2,"[2, 3, 7]"
0033493.png,2,"[2, 7, 1]"
0033494.png,2,"[2, 3, 9]"
0033501.png,2,"[2, 8, 3]"
0033502.png,8,"[8, 2, 6]"
0033510.png,2,"[2, 8, 3]"
0033520.png,8,"[8, 2, 0]"
0033535.png,2,"[2, 6, 3]"
0033542.png,2,"[2, 9, 8]"
0033543.png,2,"[2, 9, 8]"
0033544.png,2,"[2, 3, 7]"
0033546.png,3,"[3, 5, 2]"
0033551.png,2,"[2, 7, 8]"
0033553.png,2,"[2, 9, 3]"
0033555.png,2,"[2, 7, 5]"
0033563.png,2,"[2, 1, 6]"
0033565.png,2,"[2, 6, 3]"
0033572.png,2,"[2, 8, 3]"
0033578.png,3,"[3, 2, 5]"
0033584.png,2,"[2, 3, 7]"
0033588.png,8,"[8, 9, 2]"
0033592.png,4,"[4, 7, 2]"
0033599.png,8,"[8, 2, 5]"
0033617.png,2,"[2, 3, 7]"
0033622.png,2,"[2, 3, 7]"
0033632.png,2,"[2, 5, 3]"
0033633.png,2,"[2, 7, 3]"
0033635.png,1,"[1, 2, 3]"
0033638.png,2,"[2, 8, 3]"
0033639.png,2,"[2, 3, 8]"
0033643.png,2,"[2, 6, 9]"
0033650.png,2,"[2, 9, 3]"
0033666.png,2,"[2, 3, 7]"
0033667.png,2,"[2, 3, 7]"
0033671.png,6,"[6, 9, 2]"
0033677.png,2,"[2, 3, 7]"
0033678.png,2,"[2, 3, 7]"
0033679.png,2,"[2, 3, 7]"
0033682.png,2,"[2, 3, 6]"
0033684.png,2,"[2, 9, 8]"
0033696.png,2,"[2, 8, 9]"
0033710.png,2,"[2, 8, 3]"
0033711.png,2,"[2, 3, 8]"
0033723.png,2,"[2, 7, 3]"
0033727.png,2,"[2, 7, 3]"
0033730.png,2,"[2, 3, 7]"
0033732.png,2,"[2, 9, 8]"
0033737.png,2,"[2, 8, 3]"
0033752.png,2,"[2, 3, 7]"
0033756.png,2,"[2, 7, 3]"
0033780.png,2,"[2, 8, 5]"
0033781.png,2,"[2, 8, 6]"
0033783.png,2,"[2, 9, 3]"
0033784.png,2,"[2, 8, 6]"
0033789.png,2,"[2, 3, 7]"
0033791.png,2,"[2, 7, 3]"
0033798.png,2,"[2, 3, 7]"
0033802.png,2,"[2, 8, 3]"
0033805.png,2,"[2, 8, 6]"
0033826.png,2,"[2, 7, 3]"
0033833.png,2,"[2, 3, 7]"
0033835.png,2,"[2, 9, 3]"
0033842.png,2,"[2, 8, 9]"
0033845.png,2,"[2, 8, 9]"
0033847.png,2,"[2, 7, 5]"
0033852.png,2,"[2, 3, 7]"
0033858.png,2,"[2, 9, 8]"
0033860.png,2,"[2, 8, 3]"
0033861.png,2,"[2, 8, 3]"
0033862.png,2,"[2, 8, 6]"
0033865.png,2,"[2, 7, 3]"
0033866.png,2,"[2, 3, 7]"
0033872.png,2,"[2, 8, 3]"
0033876.png,2,"[2, 8, 5]"
0033883.png,2,"[2, 5, 7]"
0033888.png,2,"[2, 7, 5]"
0033896.png,2,"[2, 7, 3]"
0033904.png,2,"[2, 8, 9]"
0033906.png,2,"[2, 5, 3]"
0033921.png,2,"[2, 5, 9]"
0033922.png,2,"[2, 7, 5]"
0033924.png,2,"[2, 9, 8]"
0033925.png,2,"[2, 9, 6]"
0033936.png,2,"[2, 8, 9]"
0033942.png,7,"[7, 2, 1]"
0033944.png,2,"[2, 6, 3]"
0033950.png,3,"[3, 2, 7]"
0033951.png,2,"[2, 3, 7]"
0033984.png,2,"[2, 3, 7]"
0033987.png,2,"[2, 4, 6]"
0033989.png,2,"[2, 3, 9]"
0033992.png,5,"[5, 2, 0]"
0033999.png,2,"[2, 8, 0]"
0034000.png,2,"[2, 3, 7]"
0034024.png,2,"[2, 3, 7]"
0034025.png,2,"[2, 5, 6]"
0034032.png,2,"[2, 3, 7]"
0034036.png,2,"[2, 8, 5]"
0034039.png,2,"[2, 8, 5]"
0034046.png,2,"[2, 3, 7]"
0034047.png,2,"[2, 7, 3]"
0034049.png,2,"[2, 3, 9]"
0034066.png,2,"[2, 5, 6]"
0034068.png,2,"[2, 3, 7]"
0034077.png,2,"[2, 7, 9]"
0034079.png,2,"[2, 3, 7]"
0034088.png,9,"[9, 2, 6]"
0034092.png,2,"[2, 3, 7]"
0034093.png,2,"[2, 3, 5]"
0034094.png,2,"[2, 3, 7]"
0034097.png,2,"[2, 8, 9]"
0034102.png,2,"[2, 7, 3]"
0034105.png,2,"[2, 9, 8]"
0034107.png,2,"[2, 3, 1]"
0034109.png,2,"[2, 3, 7]"
0034115.png,2,"[2, 8, 9]"
0034119.png,2,"[2, 9, 7]"
0034124.png,2,"[2, 3, 7]"
0034132.png,2,"[2, 3, 7]"
0034134.png,2,"[2, 9, 7]"
0034137.png,2,"[2, 7, 3]"
0034138.png,2,"[2, 3, 5]"
0034147.png,2,"[2, 4, 6]"
0034149.png,2,"[2, 3, 8]"
0034155.png,2,"[2, 7, 9]"
0034162.png,2,"[2, 3, 7]"
0034163.png,7,"[7, 2, 3]"
0034167.png,2,"[2, 3, 7]"
0034171.png,2,"[2, 3, 7]"
0034175.png,2,"[2, 3, 9]"
0034177.png,2,"[2, 3, 7]"
0034189.png,2,"[2, 3, 7]"
0034192.png,2,"[2, 3, 9]"
0034194.png,2,"[2, 7, 3]"
0034199.png,2,"[2, 7, 3]"
0034202.png,2,"[2, 8, 9]"
0034203.png,2,"[2, 8, 9]"
0034204.png,2,"[2, 3, 7]"
0034205.png,2,"[2, 3, 6]"
0034207.png,2,"[2, 9, 8]"
0034212.png,2,"[2, 7, 1]"
0034220.png,2,"[2, 3, 7]"
0034225.png,2,"[2, 7, 3]"
0034227.png,2,"[2, 3, 7]"
0034228.png,2,"[2, 7, 3]"
0034247.png,2,"[2, 0, 3]"
0034248.png,2,"[2, 7, 3]"
0034252.png,2,"[2, 8, 9]"
0034266.png,2,"[2, 0, 3]"
0034275.png,2,"[2, 3, 7]"
0034278.png,2,"[2, 9, 3]"
0034279.png,2,"[2, 9, 3]"
0034291.png,2,"[2, 3, 7]"
0034295.png,2,"[2, 3, 7]"
0034298.png,2,"[2, 7, 3]"
0034299.png,2,"[2, 7, 3]"
0034308.png,2,"[2, 3, 7]"
0034312.png,2,"[2, 8, 9]"
0034345.png,2,"[2, 9, 8]"
0034347.png,2,"[2, 3, 9]"
0034349.png,2,"[2, 6, 3]"
0034351.png,2,"[2, 9, 8]"
0034352.png,2,"[2, 3, 9]"
0034355.png,2,"[2, 4, 3]"
0034364.png,2,"[2, 9, 8]"
0034366.png,2,"[2, 3, 6]"
0034367.png,2,"[2, 7, 3]"
0034371.png,2,"[2, 3, 7]"
0034373.png,2,"[2, 9, 3]"
0034383.png,2,"[2, 9, 8]"
0034384.png,2,"[2, 7, 3]"
0034385.png,2,"[2, 7, 3]"
0034391.png,2,"[2, 8, 3]"
0034394.png,2,"[2, 3, 7]"
0034397.png,2,"[2, 3, 7]"
0034403.png,2,"[2, 9, 8]"
0034405.png,2,"[2, 3, 7]"
0034410.png,2,"[2, 7, 3]"
0034423.png,2,"[2, 8, 3]"
0034434.png,9,"[9, 7, 2]"
0034440.png,2,"[2, 9, 6]"
0034445.png,2,"[2, 9, 3]"
0034446.png,2,"[2, 9, 6]"
0034447.png,2,"[2, 9, 4]"
0034454.png,5,"[5, 2, 3]"
0034457.png,2,"[2, 5, 9]"
0034459.png,3,"[3, 2, 6]"
0034460.png,2,"[2, 7, 1]"
0034475.png,2,"[2, 3, 7]"
0034476.png,8,"[8, 2, 9]"
0034478.png,2,"[2, 3, 7]"
0034481.png,2,"[2, 7, 3]"
0034490.png,8,"[8, 2, 6]"
0034498.png,2,"[2, 7, 3]"
0034500.png,2,"[2, 7, 9]"
0034511.png,2,"[2, 3, 7]"
0034514.png,2,"[2, 3, 7]"
0034515.png,2,"[2, 7, 3]"
0034516.png,2,"[2, 3, 7]"
0034520.png,2,"[2, 9, 8]"
0034531.png,2,"[2, 7, 3]"
0034548.png,2,"[2, 8, 3]"
0034550.png,2,"[2, 3, 5]"
0034561.png,2,"[2, 8, 3]"
0034568.png,2,"[2, 5, 8]"
0034581.png,2,"[2, 8, 3]"
0034586.png,2,"[2, 8, 3]"
0034591.png,2,"[2, 3, 7]"
0034599.png,2,"[2, 6, 8]"
0034609.png,2,"[2, 5, 3]"
0034610.png,8,"[8, 2, 6]"
0034614.png,2,"[2, 3, 7]"
0034618.png,2,"[2, 3, 9]"
0034619.png,2,"[2, 9, 6]"
0034621.png,2,"[2, 3, 7]"
0034622.png,2,"[2, 8, 6]"
0034623.png,2,"[2, 6, 5]"
0034626.png,2,"[2, 9, 8]"
0034627.png,2,"[2, 9, 8]"
0034634.png,2,"[2, 7, 3]"
0034639.png,2,"[2, 7, 1]"
0034649.png,2,"[2, 7, 3]"
0034660.png,2,"[2, 8, 3]"
0034665.png,2,"[2, 8, 9]"
0034667.png,2,"[2, 7, 3]"
0034669.png,2,"[2, 8, 7]"
0034670.png,2,"[2, 9, 6]"
0034706.png,2,"[2, 3, 4]"
0034708.png,2,"[2, 3, 9]"
0034713.png,2,"[2, 9, 6]"
0034721.png,2,"[2, 7, 3]"
0034724.png,2,"[2, 9, 7]"
0034726.png,2,"[2, 5, 3]"
0034732.png,2,"[2, 9, 8]"
0034741.png,5,"[5, 2, 7]"
0034746.png,2,"[2, 9, 8]"
0034757.png,2,"[2, 7, 3]"
0034761.png,2,"[2, 3, 5]"
0034765.png,2,"[2, 5, 7]"
0034767.png,2,"[2, 7, 8]"
0034770.png,2,"[2, 7, 3]"
0034771.png,2,"[2, 3, 7]"
0034777.png,2,"[2, 5, 6]"
0034792.png,2,"[2, 3, 7]"
0034797.png,2,"[2, 3, 7]"
0034803.png,2,"[2, 3, 7]"
0034804.png,2,"[2, 7, 3]"
0034810.png,2,"[2, 7, 3]"
0034813.png,2,"[2, 7, 3]"
0034814.png,2,"[2, 7, 3]"
0034817.png,2,"[2, 7, 3]"
0034822.png,2,"[2, 7, 3]"
0034827.png,2,"[2, 7, 9]"
0034837.png,2,"[2, 3, 7]"
0034846.png,2,"[2, 3, 7]"
0034848.png,2,"[2, 5, 8]"
0034881.png,2,"[2, 6, 8]"
0034882.png,2,"[2, 5, 3]"
0034885.png,2,"[2, 6, 9]"
0034886.png,2,"[2, 8, 6]"
0034892.png,2,"[2, 8, 3]"
0034901.png,2,"[2, 3, 9]"
0034909.png,2,"[2, 9, 3]"
0034915.png,2,"[2, 7, 9]"
0034920.png,9,"[9, 2, 8]"
0034923.png,2,"[2, 3, 7]"
0034924.png,2,"[2, 3, 0]"
0034927.png,2,"[2, 3, 8]"
0034928.png,2,"[2, 7, 3]"
0034932.png,0,"[0, 2, 3]"
0034933.png,3,"[3, 2, 8]"
0034934.png,2,"[2, 7, 3]"
0034943.png,2,"[2, 3, 9]"
0034946.png,2,"[2, 5, 8]"
0034948.png,2,"[2, 9, 8]"
0034951.png,8,"[8, 7, 5]"
0034954.png,2,"[2, 8, 6]"
0034961.png,2,"[2, 3, 8]"
0034964.png,8,"[8, 2, 9]"
0034966.png,2,"[2, 9, 3]"
0034967.png,2,"[2, 6, 9]"
0034968.png,2,"[2, 7, 9]"
0034974.png,2,"[2, 9, 8]"
0034975.png,2,"[2, 9, 6]"
0034977.png,2,"[2, 6, 3]"
0034990.png,2,"[2, 8, 5]"
0034996.png,2,"[2, 8, 3]"
0034997.png,2,"[2, 8, 9]"
0034999.png,2,"[2, 3, 7]"
0035011.png,2,"[2, 3, 7]"
0035014.png,2,"[2, 7, 9]"
0035024.png,2,"[2, 7, 9]"
0035026.png,2,"[2, 3, 8]"
0035028.png,2,"[2, 3, 7]"
0035030.png,2,"[2, 7, 3]"
0035032.png,2,"[2, 8, 9]"
0035033.png,2,"[2, 8, 9]"
0035040.png,2,"[2, 9, 6]"
0035042.png,2,"[2, 7, 3]"
0035047.png,2,"[2, 3, 9]"
0035048.png,2,"[2, 7, 9]"
0035062.png,2,"[2, 9, 8]"
0035064.png,2,"[2, 8, 9]"
0035068.png,2,"[2, 9, 4]"
0035078.png,2,"[2, 8, 9]"
0035081.png,2,"[2, 8, 3]"
0035085.png,2,"[2, 7, 5]"
0035087.png,2,"[2, 7, 3]"
0035092.png,2,"[2, 5, 3]"
0035094.png,2,"[2, 8, 9]"
0035095.png,2,"[2, 3, 8]"
0035107.png,2,"[2, 9, 3]"
0035112.png,2,"[2, 3, 7]"
0035113.png,2,"[2, 3, 7]"
0035119.png,2,"[2, 3, 7]"
0035121.png,2,"[2, 6, 9]"
0035123.png,2,"[2, 9, 3]"
0035125.png,2,"[2, 7, 3]"
0035136.png,2,"[2, 5, 3]"
0035145.png,2,"[2, 3, 6]"
0035149.png,2,"[2, 3, 7]"
0035158.png,2,"[2, 9, 3]"
0035165.png,2,"[2, 3, 8]"
0035166.png,2,"[2, 9, 7]"
0035171.png,2,"[2, 8, 3]"
0035187.png,2,"[2, 3, 7]"
0035195.png,2,"[2, 3, 7]"
0035201.png,2,"[2, 9, 8]"
0035204.png,2,"[2, 3, 7]"
0035208.png,2,"[2, 7, 3]"
0035218.png,2,"[2, 5, 3]"
0035233.png,2,"[2, 7, 3]"
0035237.png,2,"[2, 3, 7]"
0035239.png,2,"[2, 3, 7]"
0035247.png,2,"[2, 3, 8]"
0035248.png,2,"[2, 6, 9]"
0035250.png,2,"[2, 9, 8]"
0035251.png,2,"[2, 6, 3]"
0035268.png,2,"[2, 3, 7]"
0035269.png,2,"[2, 3, 5]"
0035284.png,2,"[2, 7, 9]"
0035286.png,8,"[8, 0, 2]"
0035291.png,2,"[2, 5, 7]"
0035292.png,2,"[2, 9, 3]"
0035299.png,2,"[2, 3, 7]"
0035303.png,2,"[2, 9, 6]"
0035313.png,2,"[2, 7, 3]"
0035314.png,2,"[2, 3, 8]"
0035315.png,2,"[2, 3, 8]"
0035330.png,2,"[2, 3, 7]"
0035331.png,2,"[2, 3, 4]"
0035341.png,2,"[2, 6, 3]"
0035344.png,2,"[2, 8, 3]"
0035347.png,2,"[2, 8, 3]"
0035355.png,2,"[2, 9, 3]"
0035357.png,2,"[2, 3, 7]"
0035360.png,2,"[2, 7, 3]"
0035361.png,2,"[2, 3, 7]"
0035362.png,2,"[2, 8, 3]"
0035364.png,2,"[2, 5, 3]"
0035365.png,2,"[2, 3, 7]"
0035379.png,2,"[2, 7, 3]"
0035399.png,2,"[2, 7, 3]"
0035401.png,2,"[2, 9, 8]"
0035402.png,2,"[2, 5, 4]"
0035403.png,2,"[2, 7, 3]"
0035409.png,2,"[2, 9, 6]"
0035419.png,2,"[2, 6, 9]"
0035426.png,2,"[2, 7, 4]"
0035431.png,2,"[2, 3, 4]"
0035435.png,2,"[2, 3, 8]"
0035438.png,2,"[2, 3, 7]"
0035444.png,5,"[5, 3, 2]"
0035451.png,8,"[8, 2, 3]"
0035453.png,2,"[2, 8, 3]"
0035467.png,2,"[2, 3, 8]"
0035478.png,9,"[9, 2, 7]"
0035480.png,2,"[2, 3, 8]"
0035486.png,2,"[2, 0, 8]"
0035487.png,2,"[2, 3, 8]"
0035494.png,2,"[2, 8, 3]"
0035499.png,2,"[2, 7, 3]"
0035502.png,2,"[2, 3, 7]"
0035503.png,2,"[2, 3, 7]"
0035504.png,9,"[9, 2, 8]"
0035513.png,2,"[2, 7, 3]"
0035518.png,2,"[2, 5, 0]"
0035520.png,2,"[2, 7, 3]"
0035523.png,2,"[2, 7, 3]"
0035525.png,2,"[2, 9, 3]"
0035527.png,2,"[2, 3, 7]"
0035528.png,2,"[2, 5, 7]"
0035533.png,2,"[2, 7, 4]"
0035535.png,2,"[2, 6, 5]"
0035537.png,2,"[2, 9, 3]"
0035541.png,2,"[2, 9, 7]"
0035542.png,2,"[2, 3, 7]"
0035545.png,2,"[2, 7, 3]"
0035555.png,2,"[2, 7, 5]"
0035560.png,2,"[2, 3, 5]"
0035561.png,2,"[2, 9, 3]"
0035567.png,2,"[2, 3, 7]"
0035575.png,2,"[2, 3, 7]"
0035578.png,2,"[2, 7, 3]"
0035599.png,2,"[2, 3, 7]"
0035601.png,2,"[2, 3, 6]"
0035602.png,2,"[2, 8, 3]"
0035610.png,2,"[2, 5, 3]"
0035618.png,2,"[2, 9, 3]"
0035624.png,2,"[2, 3, 8]"
0035628.png,8,"[8, 3, 2]"
0035629.png,2,"[2, 3, 8]"
0035630.png,2,"[2, 3, 8]"
0035639.png,2,"[2, 6, 8]"
0035641.png,3,"[3, 8, 2]"
0035642.png,2,"[2, 3, 7]"
0035656.png,8,"[8, 2, 3]"
0035658.png,2,"[2, 7, 9]"
0035659.png,2,"[2, 7, 3]"
0035660.png,6,"[6, 2, 4]"
0035662.png,8,"[8, 9, 2]"
0035671.png,2,"[2, 7, 3]"
0035675.png,2,"[2, 7, 3]"
0035677.png,2,"[2, 8, 3]"
0035683.png,2,"[2, 3, 9]"
0035687.png,2,"[2, 7, 3]"
0035696.png,4,"[4, 2, 6]"
0035702.png,9,"[9, 8, 6]"
0035709.png,2,"[2, 7, 3]"
0035712.png,2,"[2, 3, 7]"
0035714.png,2,"[2, 3, 9]"
0035715.png,2,"[2, 3, 7]"
0035716.png,2,"[2, 3, 5]"
0035718.png,2,"[2, 8, 5]"
0035719.png,2,"[2, 3, 9]"
0035723.png,2,"[2, 8, 3]"
0035726.png,2,"[2, 4, 7]"
0035732.png,2,"[2, 3, 5]"
0035733.png,2,"[2, 3, 7]"
0035741.png,2,"[2, 8, 3]"
0035742.png,2,"[2, 3, 7]"
0035752.png,2,"[2, 3, 7]"
0035756.png,2,"[2, 8, 9]"
0035768.png,2,"[2, 8, 3]"
0035772.png,2,"[2, 8, 3]"
0035775.png,2,"[2, 7, 3]"
0035779.png,7,"[7, 2, 3]"
0035811.png,2,"[2, 8, 5]"
0035813.png,2,"[2, 5, 7]"
0035815.png,0,"[0, 8, 2]"
0035817.png,2,"[2, 3, 7]"
0035823.png,2,"[2, 7, 3]"
0035824.png,2,"[2, 9, 3]"
0035826.png,2,"[2, 3, 7]"
0035828.png,2,"[2, 7, 3]"
0035831.png,2,"[2, 5, 8]"
0035832.png,2,"[2, 3, 6]"
0035841.png,2,"[2, 7, 4]"
0035850.png,2,"[2, 3, 7]"
0035855.png,2,"[2, 5, 9]"
0035873.png,2,"[2, 3, 9]"
0035883.png,2,"[2, 3, 9]"
0035895.png,2,"[2, 3, 7]"
0035899.png,2,"[2, 8, 3]"
0035900.png,2,"[2, 3, 5]"
0035907.png,2,"[2, 3, 9]"
0035911.png,2,"[2, 7, 3]"
0035928.png,2,"[2, 3, 4]"
0035932.png,2,"[2, 7, 3]"
0035933.png,2,"[2, 7, 3]"
0035940.png,2,"[2, 3, 7]"
0035945.png,2,"[2, 3, 7]"
0035952.png,2,"[2, 3, 7]"
0035954.png,2,"[2, 7, 3]"
0035958.png,2,"[2, 9, 3]"
0035959.png,2,"[2, 3, 5]"
0035961.png,2,"[2, 3, 7]"
0035964.png,2,"[2, 9, 8]"
0035974.png,2,"[2, 3, 7]"
0035984.png,2,"[2, 3, 8]"
0035991.png,2,"[2, 3, 9]"
0035996.png,2,"[2, 7, 3]"
0035998.png,0,"[0, 2, 8]"
0035999.png,2,"[2, 3, 8]"
0036001.png,2,"[2, 9, 6]"
0036015.png,2,"[2, 8, 5]"
0036019.png,2,"[2, 3, 7]"
0036020.png,2,"[2, 4, 7]"
0036022.png,8,"[8, 2, 6]"
0036029.png,2,"[2, 9, 3]"
0036038.png,2,"[2, 6, 8]"
0036039.png,2,"[2, 9, 6]"
0036040.png,2,"[2, 3, 7]"
0036048.png,2,"[2, 3, 7]"
0036052.png,2,"[2, 3, 7]"
0036054.png,3,"[3, 2, 8]"
0036064.png,2,"[2, 3, 7]"
0036065.png,2,"[2, 3, 7]"
0036067.png,2,"[2, 8, 6]"
0036075.png,2,"[2, 7, 4]"
0036102.png,2,"[2, 3, 7]"
0036103.png,2,"[2, 3, 9]"
0036104.png,2,"[2, 3, 7]"
0036112.png,2,"[2, 3, 7]"
0036120.png,2,"[2, 3, 7]"
0036121.png,2,"[2, 7, 3]"
0036125.png,2,"[2, 7, 9]"
0036127.png,2,"[2, 3, 7]"
0036133.png,2,"[2, 9, 8]"
0036136.png,2,"[2, 7, 3]"
0036137.png,2,"[2, 3, 8]"
0036145.png,2,"[2, 8, 3]"
0036147.png,2,"[2, 7, 3]"
0036156.png,2,"[2, 8, 3]"
0036157.png,2,"[2, 8, 3]"
0036180.png,2,"[2, 3, 7]"
0036188.png,2,"[2, 3, 7]"
0036194.png,2,"[2, 3, 5]"
0036202.png,2,"[2, 8, 5]"
0036203.png,2,"[2, 5, 8]"
0036206.png,2,"[2, 7, 3]"
0036214.png,2,"[2, 9, 7]"
0036220.png,2,"[2, 3, 7]"
0036222.png,2,"[2, 9, 8]"
0036225.png,2,"[2, 9, 7]"
0036240.png,2,"[2, 9, 7]"
0036255.png,2,"[2, 7, 9]"
0036258.png,2,"[2, 8, 5]"
0036266.png,2,"[2, 7, 3]"
0036267.png,2,"[2, 7, 3]"
0036279.png,2,"[2, 9, 3]"
0036282.png,2,"[2, 8, 5]"
0036291.png,2,"[2, 8, 0]"
0036292.png,2,"[2, 3, 9]"
0036306.png,2,"[2, 8, 3]"
0036309.png,2,"[2, 8, 5]"
0036316.png,2,"[2, 3, 5]"
0036319.png,2,"[2, 0, 3]"
0036326.png,2,"[2, 9, 3]"
0036334.png,2,"[2, 3, 5]"
0036342.png,2,"[2, 3, 7]"
0036344.png,2,"[2, 3, 7]"
0036349.png,2,"[2, 7, 3]"
0036354.png,2,"[2, 3, 8]"
0036357.png,2,"[2, 3, 7]"
0036361.png,2,"[2, 3, 7]"
0036373.png,2,"[2, 3, 7]"
0036377.png,2,"[2, 7, 4]"
0036378.png,7,"[7, 9, 2]"
0036389.png,2,"[2, 4, 9]"
0036399.png,2,"[2, 4, 9]"
0036401.png,2,"[2, 7, 3]"
0036405.png,2,"[2, 3, 8]"
0036406.png,2,"[2, 9, 6]"
0036407.png,2,"[2, 9, 8]"
0036409.png,2,"[2, 3, 7]"
0036410.png,2,"[2, 7, 3]"
0036412.png,2,"[2, 7, 5]"
0036416.png,2,"[2, 3, 8]"
0036417.png,2,"[2, 3, 8]"
0036420.png,2,"[2, 7, 3]"
0036422.png,2,"[2, 9, 8]"
0036424.png,2,"[2, 3, 9]"
0036429.png,2,"[2, 3, 7]"
0036433.png,2,"[2, 8, 3]"
0036444.png,2,"[2, 6, 5]"
0036445.png,2,"[2, 8, 0]"
0036449.png,2,"[2, 9, 8]"
0036450.png,2,"[2, 4, 5]"
0036455.png,2,"[2, 7, 3]"
0036463.png,2,"[2, 9, 3]"
0036468.png,2,"[2, 9, 3]"
0036470.png,2,"[2, 6, 9]"
0036473.png,2,"[2, 3, 0]"
0036478.png,2,"[2, 9, 3]"
0036483.png,3,"[3, 2, 0]"
0036488.png,2,"[2, 3, 7]"
0036507.png,2,"[2, 8, 6]"
0036510.png,2,"[2, 6, 5]"
0036512.png,2,"[2, 3, 7]"
0036521.png,2,"[2, 6, 9]"
0036532.png,2,"[2, 8, 9]"
0036535.png,2,"[2, 9, 8]"
0036538.png,2,"[2, 3, 9]"
0036550.png,2,"[2, 7, 3]"
0036557.png,2,"[2, 8, 9]"
0036559.png,2,"[2, 7, 9]"
0036566.png,2,"[2, 8, 9]"
0036573.png,2,"[2, 5, 6]"
0036578.png,2,"[2, 3, 6]"
0036581.png,2,"[2, 8, 9]"
0036583.png,2,"[2, 9, 8]"
0036587.png,2,"[2, 3, 8]"
0036600.png,2,"[2, 3, 7]"
0036605.png,2,"[2, 8, 3]"
0036610.png,2,"[2, 5, 7]"
0036611.png,9,"[9, 2, 5]"
0036618.png,2,"[2, 3, 7]"
0036623.png,2,"[2, 9, 8]"
0036625.png,2,"[2, 8, 6]"
0036626.png,2,"[2, 3, 7]"
0036628.png,2,"[2, 7, 3]"
0036629.png,2,"[2, 7, 3]"
0036645.png,2,"[2, 5, 6]"
0036655.png,2,"[2, 9, 3]"
0036666.png,2,"[2, 9, 3]"
0036670.png,5,"[5, 2, 7]"
0036673.png,2,"[2, 7, 5]"
0036683.png,2,"[2, 9, 8]"
0036692.png,2,"[2, 8, 6]"
0036694.png,2,"[2, 9, 7]"
0036695.png,2,"[2, 3, 9]"
0036706.png,2,"[2, 9, 6]"
0036715.png,2,"[2, 8, 3]"
0036720.png,2,"[2, 3, 7]"
0036721.png,2,"[2, 7, 3]"
0036728.png,9,"[9, 2, 6]"
0036730.png,2,"[2, 9, 6]"
0036740.png,2,"[2, 3, 9]"
0036751.png,2,"[2, 3, 7]"
0036754.png,2,"[2, 8, 9]"
0036755.png,2,"[2, 7, 3]"
0036772.png,2,"[2, 3, 9]"
0036773.png,2,"[2, 9, 3]"
0036785.png,7,"[7, 2, 8]"
0036802.png,2,"[2, 3, 7]"
0036803.png,2,"[2, 7, 3]"
0036804.png,2,"[2, 8, 4]"
0036808.png,2,"[2, 8, 3]"
0036814.png,2,"[2, 3, 7]"
0036815.png,2,"[2, 7, 3]"
0036818.png,2,"[2, 5, 3]"
0036828.png,3,"[3, 2, 7]"
0036829.png,2,"[2, 3, 7]"
0036836.png,2,"[2, 8, 9]"
0036842.png,2,"[2, 8, 3]"
0036844.png,2,"[2, 3, 9]"
0036845.png,2,"[2, 3, 7]"
0036856.png,2,"[2, 7, 3]"
0036860.png,2,"[2, 3, 7]"
0036873.png,2,"[2, 9, 6]"
0036881.png,2,"[2, 3, 7]"
0036885.png,2,"[2, 3, 9]"
0036886.png,2,"[2, 3, 8]"
0036888.png,2,"[2, 3, 7]"
0036890.png,2,"[2, 3, 9]"
0036891.png,2,"[2, 3, 7]"
0036898.png,2,"[2, 3, 9]"
0036905.png,2,"[2, 7, 4]"
0036911.png,2,"[2, 6, 9]"
0036913.png,2,"[2, 7, 9]"
0036915.png,2,"[2, 3, 7]"
0036927.png,2,"[2, 4, 5]"
0036928.png,2,"[2, 3, 5]"
0036930.png,2,"[2, 7, 3]"
0036937.png,5,"[5, 2, 0]"
0036940.png,2,"[2, 3, 9]"
0036942.png,2,"[2, 7, 5]"
0036944.png,2,"[2, 5, 3]"
0036947.png,2,"[2, 9, 3]"
0036962.png,2,"[2, 3, 7]"
0036973.png,2,"[2, 3, 6]"
0036974.png,2,"[2, 7, 5]"
0036978.png,2,"[2, 9, 8]"
0036983.png,2,"[2, 8, 9]"
0036984.png,2,"[2, 9, 8]"
0036991.png,2,"[2, 5, 8]"
0036992.png,2,"[2, 3, 7]"
0036999.png,2,"[2, 5, 6]"
0037002.png,2,"[2, 6, 9]"
0037004.png,2,"[2, 5, 3]"
0037006.png,2,"[2, 9, 3]"
0037013.png,2,"[2, 7, 3]"
0037014.png,2,"[2, 3, 6]"
0037025.png,2,"[2, 9, 3]"
0037027.png,2,"[2, 8, 3]"
0037028.png,2,"[2, 9, 8]"
0037031.png,2,"[2, 3, 8]"
0037034.png,2,"[2, 7, 5]"
0037044.png,2,"[2, 3, 7]"
0037052.png,2,"[2, 7, 8]"
0037056.png,3,"[3, 2, 1]"
0037057.png,2,"[2, 9, 3]"
0037062.png,2,"[2, 9, 8]"
0037066.png,2,"[2, 3, 8]"
0037069.png,2,"[2, 8, 4]"
0037070.png,2,"[2, 3, 9]"
0037071.png,2,"[2, 7, 3]"
0037079.png,2,"[2, 7, 3]"
0037084.png,2,"[2, 6, 5]"
0037088.png,2,"[2, 8, 9]"
0037089.png,2,"[2, 8, 9]"
0037092.png,2,"[2, 8, 9]"
0037099.png,2,"[2, 8, 6]"
0037110.png,2,"[2, 7, 3]"
0037112.png,2,"[2, 3, 7]"
0037118.png,2,"[2, 3, 7]"
0037121.png,2,"[2, 3, 6]"
0037123.png,2,"[2, 7, 3]"
0037126.png,2,"[2, 7, 5]"
0037133.png,2,"[2, 7, 3]"
0037137.png,2,"[2, 7, 3]"
0037146.png,2,"[2, 8, 3]"
0037153.png,2,"[2, 9, 6]"
0037159.png,2,"[2, 3, 6]"
0037162.png,2,"[2, 3, 7]"
0037164.png,5,"[5, 2, 3]"
0037171.png,2,"[2, 3, 8]"
0037172.png,2,"[2, 5, 1]"
0037175.png,2,"[2, 6, 3]"
0037186.png,2,"[2, 9, 8]"
0037198.png,2,"[2, 8, 6]"
0037203.png,2,"[2, 3, 7]"
0037212.png,2,"[2, 3, 7]"
0037214.png,2,"[2, 7, 4]"
0037215.png,2,"[2, 3, 7]"
0037218.png,2,"[2, 8, 3]"
0037219.png,2,"[2, 3, 8]"
0037221.png,2,"[2, 3, 6]"
0037225.png,2,"[2, 8, 3]"
0037230.png,2,"[2, 3, 9]"
0037243.png,2,"[2, 3, 8]"
0037248.png,2,"[2, 3, 9]"
0037254.png,2,"[2, 7, 3]"
0037257.png,2,"[2, 9, 6]"
0037258.png,2,"[2, 3, 5]"
0037271.png,2,"[2, 3, 8]"
0037280.png,8,"[8, 6, 2]"
0037285.png,2,"[2, 8, 9]"
0037286.png,2,"[2, 6, 4]"
0037289.png,7,"[7, 2, 3]"
0037294.png,2,"[2, 3, 7]"
0037295.png,2,"[2, 3, 5]"
0037301.png,2,"[2, 3, 8]"
0037306.png,9,"[9, 2, 7]"
0037307.png,2,"[2, 9, 8]"
0037308.png,2,"[2, 7, 3]"
0037309.png,2,"[2, 3, 7]"
0037318.png,2,"[2, 3, 7]"
0037320.png,3,"[3, 8, 0]"
0037321.png,2,"[2, 3, 0]"
0037323.png,2,"[2, 3, 8]"
0037325.png,2,"[2, 5, 6]"
0037326.png,2,"[2, 3, 6]"
0037328.png,2,"[2, 7, 5]"
0037334.png,2,"[2, 7, 9]"
0037339.png,2,"[2, 3, 8]"
0037340.png,2,"[2, 7, 5]"
0037343.png,2,"[2, 8, 5]"
0037345.png,2,"[2, 3, 5]"
0037346.png,2,"[2, 5, 0]"
0037349.png,2,"[2, 3, 7]"
0037352.png,2,"[2, 3, 7]"
0037355.png,2,"[2, 3, 7]"
0037361.png,2,"[2, 1, 3]"
0037362.png,2,"[2, 9, 6]"
0037363.png,2,"[2, 9, 8]"
0037368.png,2,"[2, 3, 7]"
0037372.png,2,"[2, 7, 3]"
0037383.png,2,"[2, 7, 4]"
0037385.png,2,"[2, 5, 3]"
0037388.png,2,"[2, 7, 3]"
0037391.png,2,"[2, 3, 7]"
0037392.png,2,"[2, 8, 0]"
0037396.png,2,"[2, 3, 7]"
0037400.png,2,"[2, 7, 9]"
0037406.png,2,"[2, 3, 7]"
0037408.png,2,"[2, 3, 7]"
0037413.png,2,"[2, 7, 4]"
0037414.png,2,"[2, 4, 3]"
0037433.png,2,"[2, 3, 7]"
0037446.png,2,"[2, 8, 3]"
0037465.png,2,"[2, 8, 9]"
0037467.png,2,"[2, 9, 3]"
0037491.png,2,"[2, 8, 5]"
0037493.png,2,"[2, 7, 3]"
0037495.png,2,"[2, 7, 3]"
0037496.png,2,"[2, 5, 3]"
0037499.png,2,"[2, 3, 8]"
0037506.png,2,"[2, 7, 3]"
0037508.png,2,"[2, 3, 7]"
0037509.png,2,"[2, 3, 7]"
0037515.png,2,"[2, 3, 7]"
0037517.png,2,"[2, 3, 7]"
0037522.png,8,"[8, 2, 3]"
0037528.png,2,"[2, 6, 9]"
0037534.png,8,"[8, 2, 5]"
0037535.png,2,"[2, 8, 5]"
0037538.png,2,"[2, 3, 7]"
0037550.png,2,"[2, 5, 3]"
0037555.png,2,"[2, 9, 8]"
0037556.png,2,"[2, 7, 3]"
0037561.png,2,"[2, 6, 3]"
0037563.png,2,"[2, 7, 3]"
0037564.png,2,"[2, 3, 8]"
0037575.png,2,"[2, 9, 8]"
0037584.png,2,"[2, 9, 7]"
0037594.png,2,"[2, 9, 7]"
0037595.png,2,"[2, 9, 7]"
0037602.png,2,"[2, 5, 3]"
0037604.png,2,"[2, 3, 7]"
0037607.png,2,"[2, 9, 3]"
0037617.png,2,"[2, 8, 0]"
0037620.png,2,"[2, 3, 7]"
0037621.png,2,"[2, 7, 3]"
0037622.png,2,"[2, 9, 8]"
0037624.png,2,"[2, 3, 7]"
0037626.png,2,"[2, 3, 7]"
0037630.png,2,"[2, 9, 8]"
0037631.png,8,"[8, 2, 3]"
0037633.png,2,"[2, 3, 5]"
0037634.png,2,"[2, 0, 3]"
0037635.png,3,"[3, 2, 0]"
0037653.png,2,"[2, 7, 3]"
0037661.png,2,"[2, 3, 7]"
0037671.png,2,"[2, 7, 3]"
0037673.png,2,"[2, 7, 3]"
0037682.png,2,"[2, 3, 7]"
0037683.png,2,"[2, 3, 7]"
0037688.png,2,"[2, 3, 7]"
0037690.png,2,"[2, 9, 3]"
0037695.png,2,"[2, 9, 3]"
0037703.png,2,"[2, 9, 8]"
0037706.png,2,"[2, 9, 8]"
0037712.png,2,"[2, 8, 6]"
0037714.png,2,"[2, 8, 3]"
0037717.png,2,"[2, 8, 6]"
0037724.png,2,"[2, 8, 3]"
0037726.png,2,"[2, 3, 9]"
0037730.png,2,"[2, 3, 7]"
0037734.png,5,"[5, 3, 6]"
0037759.png,2,"[2, 3, 7]"
0037760.png,2,"[2, 9, 7]"
0037764.png,2,"[2, 5, 3]"
0037765.png,2,"[2, 7, 3]"
0037769.png,2,"[2, 3, 9]"
0037770.png,2,"[2, 8, 3]"
0037792.png,2,"[2, 3, 7]"
0037794.png,2,"[2, 7, 3]"
0037799.png,2,"[2, 3, 7]"
0037808.png,2,"[2, 5, 8]"
0037809.png,2,"[2, 5, 3]"
0037810.png,2,"[2, 3, 8]"
0037813.png,2,"[2, 8, 9]"
0037833.png,2,"[2, 8, 3]"
0037841.png,2,"[2, 9, 8]"
0037844.png,8,"[8, 9, 2]"
0037845.png,2,"[2, 8, 9]"
0037846.png,2,"[2, 9, 8]"
0037850.png,2,"[2, 8, 9]"
0037851.png,2,"[2, 8, 9]"
0037852.png,2,"[2, 9, 7]"
0037861.png,2,"[2, 8, 3]"
0037866.png,2,"[2, 8, 6]"
0037875.png,2,"[2, 3, 7]"
0037882.png,2,"[2, 3, 8]"
0037884.png,2,"[2, 3, 8]"
0037887.png,2,"[2, 8, 6]"
0037888.png,2,"[2, 8, 9]"
0037893.png,2,"[2, 8, 9]"
0037896.png,2,"[2, 3, 5]"
0037901.png,2,"[2, 9, 7]"
0037912.png,2,"[2, 8, 3]"
0037914.png,2,"[2, 9, 8]"
0037918.png,2,"[2, 3, 7]"
0037927.png,2,"[2, 9, 7]"
0037936.png,2,"[2, 7, 9]"
0037941.png,2,"[2, 7, 3]"
0037945.png,2,"[2, 3, 7]"
0037952.png,2,"[2, 3, 7]"
0037958.png,2,"[2, 3, 7]"
0037961.png,7,"[7, 2, 4]"
0037962.png,2,"[2, 3, 7]"
0037965.png,2,"[2, 3, 7]"
0037967.png,2,"[2, 7, 3]"
0037969.png,2,"[2, 7, 3]"
0037970.png,2,"[2, 3, 7]"
0037981.png,2,"[2, 3, 8]"
0037989.png,2,"[2, 3, 9]"
0037995.png,2,"[2, 9, 3]"
0037996.png,2,"[2, 3, 5]"
0038002.png,2,"[2, 8, 9]"
0038005.png,2,"[2, 3, 7]"
0038008.png,2,"[2, 7, 3]"
0038015.png,2,"[2, 7, 3]"
0038023.png,2,"[2, 3, 7]"
0038045.png,2,"[2, 7, 3]"
0038056.png,2,"[2, 8, 9]"
0038061.png,2,"[2, 3, 7]"
0038062.png,2,"[2, 8, 5]"
0038067.png,2,"[2, 8, 9]"
0038069.png,8,"[8, 2, 3]"
0038088.png,2,"[2, 3, 6]"
0038102.png,2,"[2, 5, 7]"
0038106.png,2,"[2, 5, 8]"
0038107.png,2,"[2, 9, 8]"
0038115.png,2,"[2, 3, 7]"
0038120.png,2,"[2, 3, 7]"
0038121.png,2,"[2, 3, 7]"
0038138.png,2,"[2, 3, 7]"
0038143.png,2,"[2, 6, 5]"
0038148.png,2,"[2, 3, 7]"
0038163.png,2,"[2, 3, 7]"
0038166.png,2,"[2, 9, 3]"
0038167.png,6,"[6, 2, 4]"
0038169.png,2,"[2, 8, 4]"
0038170.png,2,"[2, 3, 0]"
0038191.png,2,"[2, 7, 3]"
0038200.png,0,"[0, 2, 6]"
0038203.png,2,"[2, 3, 7]"
0038205.png,2,"[2, 7, 5]"
0038213.png,2,"[2, 3, 7]"
0038214.png,2,"[2, 7, 3]"
0038216.png,2,"[2, 7, 3]"
0038219.png,2,"[2, 3, 9]"
0038225.png,2,"[2, 3, 7]"
0038231.png,2,"[2, 3, 9]"
0038233.png,2,"[2, 3, 7]"
0038236.png,2,"[2, 3, 7]"
0038246.png,2,"[2, 9, 3]"
0038248.png,3,"[3, 2, 7]"
0038255.png,2,"[2, 9, 8]"
0038262.png,2,"[2, 9, 8]"
0038272.png,2,"[2, 8, 9]"
0038274.png,2,"[2, 3, 9]"
0038288.png,3,"[3, 2, 1]"
0038298.png,2,"[2, 8, 1]"
0038304.png,2,"[2, 3, 7]"
0038317.png,2,"[2, 9, 8]"
0038320.png,2,"[2, 8, 0]"
0038323.png,2,"[2, 5, 9]"
0038330.png,2,"[2, 3, 8]"
0038332.png,8,"[8, 2, 3]"
0038339.png,8,"[8, 6, 9]"
0038343.png,2,"[2, 8, 3]"
0038344.png,2,"[2, 3, 8]"
0038359.png,2,"[2, 8, 3]"
0038373.png,2,"[2, 3, 5]"
0038377.png,2,"[2, 9, 3]"
0038378.png,2,"[2, 9, 8]"
0038387.png,2,"[2, 9, 8]"
0038393.png,2,"[2, 8, 9]"
0038398.png,2,"[2, 3, 7]"
0038399.png,2,"[2, 3, 7]"
0038417.png,2,"[2, 3, 7]"
0038420.png,2,"[2, 7, 3]"
0038429.png,2,"[2, 7, 3]"
0038441.png,2,"[2, 7, 9]"
0038442.png,2,"[2, 3, 7]"
0038443.png,2,"[2, 3, 7]"
0038445.png,2,"[2, 8, 3]"
0038453.png,2,"[2, 3, 7]"
0038469.png,2,"[2, 3, 7]"
0038472.png,2,"[2, 7, 9]"
0038476.png,2,"[2, 7, 3]"
0038477.png,2,"[2, 7, 3]"
0038479.png,8,"[8, 2, 9]"
0038481.png,8,"[8, 1, 6]"
0038483.png,2,"[2, 7, 4]"
0038491.png,2,"[2, 9, 7]"
0038508.png,2,"[2, 8, 9]"
0038510.png,2,"[2, 5, 9]"
0038513.png,2,"[2, 9, 8]"
0038529.png,2,"[2, 3, 7]"
0038531.png,2,"[2, 3, 9]"
0038538.png,2,"[2, 3, 7]"
0038544.png,2,"[2, 3, 5]"
0038547.png,2,"[2, 8, 9]"
0038551.png,2,"[2, 7, 3]"
0038557.png,2,"[2, 3, 5]"
0038563.png,2,"[2, 8, 3]"
0038564.png,2,"[2, 9, 7]"
0038570.png,2,"[2, 9, 5]"
0038576.png,2,"[2, 3, 7]"
0038582.png,2,"[2, 7, 3]"
0038594.png,2,"[2, 8, 0]"
0038611.png,2,"[2, 9, 8]"
0038612.png,2,"[2, 7, 9]"
0038616.png,2,"[2, 9, 8]"
0038618.png,2,"[2, 3, 7]"
0038619.png,2,"[2, 7, 3]"
0038626.png,6,"[6, 2, 4]"
0038629.png,2,"[2, 7, 9]"
0038642.png,2,"[2, 9, 3]"
0038659.png,2,"[2, 3, 7]"
0038660.png,2,"[2, 3, 8]"
0038666.png,2,"[2, 8, 9]"
0038667.png,2,"[2, 8, 6]"
0038677.png,2,"[2, 3, 8]"
0038679.png,2,"[2, 3, 7]"
0038690.png,2,"[2, 3, 7]"
0038695.png,8,"[8, 2, 6]"
0038701.png,2,"[2, 7, 3]"
0038704.png,2,"[2, 9, 3]"
0038705.png,2,"[2, 9, 3]"
0038709.png,2,"[2, 7, 9]"
0038712.png,2,"[2, 8, 6]"
0038713.png,2,"[2, 6, 5]"
0038719.png,2,"[2, 7, 3]"
0038723.png,2,"[2, 3, 7]"
0038724.png,2,"[2, 4, 3]"
0038733.png,2,"[2, 3, 7]"
0038743.png,7,"[7, 9, 2]"
0038745.png,2,"[2, 3, 7]"
0038748.png,2,"[2, 3, 7]"
0038759.png,2,"[2, 3, 0]"
0038764.png,2,"[2, 7, 3]"
0038769.png,2,"[2, 9, 8]"
0038772.png,2,"[2, 8, 5]"
0038777.png,2,"[2, 8, 9]"
0038786.png,2,"[2, 6, 3]"
0038800.png,2,"[2, 8, 3]"
0038801.png,2,"[2, 3, 8]"
0038803.png,2,"[2, 3, 8]"
0038804.png,2,"[2, 7, 9]"
0038807.png,2,"[2, 3, 5]"
0038816.png,2,"[2, 3, 9]"
0038817.png,2,"[2, 3, 9]"
0038821.png,2,"[2, 8, 6]"
0038838.png,2,"[2, 8, 9]"
0038839.png,2,"[2, 8, 0]"
0038843.png,2,"[2, 3, 7]"
0038846.png,2,"[2, 5, 7]"
0038847.png,2,"[2, 6, 8]"
0038849.png,2,"[2, 3, 6]"
0038852.png,2,"[2, 3, 7]"
0038855.png,2,"[2, 7, 3]"
0038857.png,2,"[2, 3, 9]"
0038862.png,2,"[2, 5, 8]"
0038865.png,2,"[2, 7, 3]"
0038866.png,2,"[2, 3, 8]"
0038888.png,2,"[2, 7, 3]"
0038892.png,2,"[2, 3, 8]"
0038895.png,2,"[2, 8, 5]"
0038896.png,2,"[2, 9, 8]"
0038914.png,2,"[2, 8, 9]"
0038920.png,2,"[2, 3, 8]"
0038922.png,8,"[8, 2, 3]"
0038923.png,2,"[2, 8, 3]"
0038927.png,2,"[2, 7, 3]"
0038930.png,2,"[2, 7, 3]"
0038939.png,2,"[2, 7, 9]"
0038949.png,2,"[2, 9, 3]"
0038958.png,2,"[2, 3, 9]"
0038965.png,2,"[2, 9, 3]"
0038967.png,2,"[2, 3, 7]"
0038975.png,2,"[2, 3, 6]"
0038977.png,2,"[2, 8, 3]"
0038982.png,2,"[2, 3, 7]"
0038983.png,2,"[2, 3, 7]"
0038985.png,2,"[2, 9, 8]"
0038989.png,2,"[2, 6, 9]"
0038992.png,3,"[3, 6, 5]"
0039003.png,3,"[3, 2, 8]"
0039008.png,3,"[3, 2, 5]"
0039015.png,3,"[3, 8, 2]"
0039021.png,3,"[3, 5, 6]"
0039030.png,3,"[3, 2, 5]"
0039034.png,3,"[3, 5, 8]"
0039035.png,3,"[3, 5, 6]"
0039044.png,3,"[3, 2, 5]"
0039045.png,3,"[3, 2, 5]"
0039066.png,3,"[3, 5, 2]"
0039067.png,3,"[3, 5, 2]"
0039074.png,3,"[3, 5, 2]"
0039080.png,3,"[3, 2, 7]"
0039087.png,3,"[3, 2, 7]"
0039094.png,3,"[3, 5, 2]"
0039102.png,3,"[3, 2, 5]"
0039113.png,3,"[3, 2, 5]"
0039117.png,3,"[3, 7, 2]"
0039120.png,2,"[2, 3, 7]"
0039127.png,3,"[3, 2, 5]"
0039128.png,5,"[5, 3, 6]"
0039133.png,3,"[3, 2, 8]"
0039149.png,3,"[3, 2, 5]"
0039152.png,2,"[2, 3, 9]"
0039153.png,3,"[3, 2, 5]"
0039154.png,3,"[3, 2, 5]"
0039156.png,3,"[3, 9, 8]"
0039157.png,3,"[3, 2, 7]"
0039158.png,3,"[3, 5, 2]"
0039160.png,3,"[3, 2, 8]"
0039161.png,3,"[3, 5, 8]"
0039178.png,3,"[3, 5, 2]"
0039181.png,3,"[3, 2, 5]"
0039187.png,3,"[3, 2, 5]"
0039188.png,3,"[3, 2, 8]"
0039192.png,3,"[3, 2, 7]"
0039213.png,9,"[9, 3, 5]"
0039221.png,3,"[3, 2, 5]"
0039226.png,3,"[3, 5, 8]"
0039231.png,3,"[3, 5, 7]"
0039238.png,3,"[3, 5, 6]"
0039240.png,3,"[3, 5, 2]"
0039254.png,3,"[3, 2, 8]"
0039265.png,3,"[3, 5, 2]"
0039268.png,5,"[5, 8, 0]"
0039270.png,3,"[3, 2, 5]"
0039271.png,3,"[3, 5, 8]"
0039272.png,3,"[3, 2, 8]"
0039273.png,3,"[3, 2, 5]"
0039274.png,3,"[3, 5, 8]"
0039277.png,5,"[5, 3, 8]"
0039280.png,3,"[3, 8, 2]"
0039283.png,3,"[3, 8, 7]"
0039286.png,3,"[3, 8, 5]"
0039292.png,3,"[3, 2, 5]"
0039295.png,3,"[3, 6, 5]"
0039298.png,3,"[3, 5, 8]"
0039307.png,3,"[3, 5, 2]"
0039315.png,3,"[3, 2, 5]"
0039316.png,3,"[3, 5, 2]"
0039318.png,3,"[3, 2, 7]"
0039319.png,3,"[3, 5, 2]"
0039325.png,3,"[3, 8, 5]"
0039331.png,3,"[3, 2, 5]"
0039334.png,3,"[3, 8, 2]"
0039337.png,3,"[3, 5, 2]"
0039342.png,3,"[3, 7, 9]"
0039343.png,3,"[3, 8, 5]"
0039355.png,3,"[3, 6, 2]"
0039361.png,3,"[3, 8, 2]"
0039365.png,2,"[2, 3, 5]"
0039368.png,3,"[3, 8, 5]"
0039379.png,3,"[3, 2, 5]"
0039385.png,3,"[3, 5, 2]"
0039390.png,3,"[3, 5, 6]"
0039392.png,0,"[0, 6, 3]"
0039394.png,3,"[3, 2, 8]"
0039398.png,3,"[3, 5, 8]"
0039401.png,3,"[3, 6, 2]"
0039403.png,3,"[3, 5, 2]"
0039408.png,3,"[3, 2, 6]"
0039411.png,9,"[9, 3, 6]"
0039412.png,8,"[8, 6, 3]"
0039417.png,3,"[3, 2, 5]"
0039420.png,3,"[3, 1, 4]"
0039425.png,2,"[2, 7, 3]"
0039428.png,3,"[3, 4, 6]"
0039437.png,3,"[3, 2, 5]"
0039440.png,3,"[3, 5, 8]"
0039443.png,7,"[7, 3, 2]"
0039451.png,3,"[3, 2, 5]"
0039452.png,3,"[3, 2, 6]"
0039456.png,3,"[3, 8, 9]"
0039462.png,3,"[3, 2, 5]"
0039466.png,3,"[3, 2, 8]"
0039472.png,2,"[2, 7, 9]"
0039476.png,3,"[3, 2, 7]"
0039479.png,3,"[3, 2, 7]"
0039483.png,3,"[3, 5, 7]"
0039485.png,3,"[3, 2, 8]"
0039486.png,3,"[3, 2, 5]"
0039488.png,3,"[3, 5, 7]"
0039498.png,3,"[3, 2, 5]"
0039514.png,3,"[3, 2, 7]"
0039517.png,3,"[3, 2, 6]"
0039519.png,3,"[3, 5, 2]"
0039526.png,3,"[3, 1, 8]"
0039533.png,3,"[3, 2, 5]"
0039534.png,3,"[3, 7, 2]"
0039536.png,3,"[3, 5, 2]"
0039537.png,3,"[3, 5, 7]"
0039540.png,3,"[3, 8, 2]"
0039544.png,3,"[3, 2, 8]"
0039547.png,8,"[8, 6, 5]"
0039552.png,6,"[6, 9, 3]"
0039554.png,3,"[3, 5, 2]"
0039565.png,3,"[3, 5, 2]"
0039568.png,3,"[3, 2, 5]"
0039573.png,3,"[3, 5, 2]"
0039578.png,3,"[3, 2, 7]"
0039581.png,3,"[3, 2, 5]"
0039585.png,3,"[3, 6, 8]"
0039588.png,3,"[3, 5, 8]"
0039593.png,3,"[3, 5, 6]"
0039595.png,3,"[3, 2, 7]"
0039599.png,3,"[3, 8, 5]"
0039600.png,3,"[3, 5, 2]"
0039603.png,3,"[3, 8, 5]"
0039606.png,3,"[3, 5, 7]"
0039608.png,3,"[3, 2, 9]"
0039609.png,3,"[3, 2, 7]"
0039622.png,3,"[3, 5, 7]"
0039636.png,2,"[2, 3, 7]"
0039642.png,5,"[5, 3, 2]"
0039646.png,3,"[3, 5, 2]"
0039649.png,3,"[3, 2, 5]"
0039652.png,3,"[3, 8, 5]"
0039661.png,3,"[3, 2, 5]"
0039667.png,3,"[3, 8, 2]"
0039688.png,3,"[3, 5, 2]"
0039690.png,3,"[3, 2, 5]"
0039691.png,3,"[3, 5, 2]"
0039696.png,3,"[3, 8, 6]"
0039701.png,3,"[3, 5, 2]"
0039723.png,3,"[3, 2, 8]"
0039725.png,3,"[3, 8, 2]"
0039726.png,3,"[3, 2, 9]"
0039728.png,3,"[3, 9, 7]"
0039737.png,3,"[3, 5, 2]"
0039738.png,3,"[3, 2, 7]"
0039742.png,3,"[3, 2, 5]"
0039749.png,3,"[3, 2, 5]"
0039751.png,8,"[8, 0, 2]"
0039756.png,3,"[3, 2, 5]"
0039757.png,3,"[3, 2, 5]"
0039759.png,3,"[3, 5, 2]"
0039760.png,3,"[3, 5, 2]"
0039764.png,3,"[3, 5, 2]"
0039767.png,3,"[3, 2, 7]"
0039770.png,3,"[3, 2, 8]"
0039773.png,3,"[3, 2, 5]"
0039774.png,3,"[3, 2, 5]"
0039790.png,3,"[3, 8, 5]"
0039791.png,7,"[7, 3, 8]"
0039793.png,3,"[3, 5, 2]"
0039797.png,3,"[3, 8, 2]"
0039798.png,3,"[3, 7, 4]"
0039799.png,3,"[3, 7, 4]"
0039802.png,3,"[3, 8, 2]"
0039803.png,3,"[3, 2, 5]"
0039812.png,8,"[8, 5, 2]"
0039814.png,3,"[3, 2, 5]"
0039818.png,3,"[3, 5, 4]"
0039819.png,3,"[3, 5, 2]"
0039823.png,3,"[3, 5, 2]"
0039825.png,3,"[3, 8, 6]"
0039834.png,3,"[3, 5, 9]"
0039835.png,3,"[3, 2, 5]"
0039844.png,3,"[3, 8, 2]"
0039850.png,3,"[3, 2, 7]"
0039855.png,3,"[3, 2, 7]"
0039857.png,3,"[3, 2, 5]"
0039863.png,2,"[2, 3, 7]"
0039873.png,3,"[3, 2, 5]"
0039874.png,3,"[3, 5, 2]"
0039883.png,3,"[3, 2, 5]"
0039890.png,2,"[2, 5, 3]"
0039905.png,3,"[3, 2, 5]"
0039910.png,3,"[3, 2, 5]"
0039911.png,3,"[3, 2, 5]"
0039912.png,3,"[3, 5, 2]"
0039916.png,3,"[3, 5, 2]"
0039917.png,3,"[3, 5, 2]"
0039926.png,3,"[3, 2, 7]"
0039930.png,3,"[3, 2, 7]"
0039943.png,3,"[3, 8, 2]"
0039953.png,3,"[3, 2, 7]"
0039958.png,3,"[3, 5, 6]"
0039960.png,3,"[3, 2, 8]"
0039963.png,3,"[3, 8, 2]"
0039968.png,3,"[3, 2, 5]"
0039973.png,3,"[3, 5, 6]"
0039979.png,3,"[3, 2, 5]"
0039986.png,3,"[3, 5, 6]"
0039997.png,3,"[3, 7, 2]"
0039999.png,3,"[3, 5, 2]"
0040000.png,3,"[3, 5, 2]"
0040003.png,3,"[3, 7, 2]"
0040005.png,3,"[3, 2, 5]"
0040008.png,3,"[3, 2, 7]"
0040021.png,3,"[3, 2, 7]"
0040026.png,3,"[3, 5, 8]"
0040029.png,3,"[3, 5, 8]"
0040036.png,3,"[3, 5, 6]"
0040045.png,3,"[3, 5, 2]"
0040051.png,3,"[3, 7, 8]"
0040057.png,3,"[3, 5, 2]"
0040058.png,3,"[3, 7, 5]"
0040059.png,3,"[3, 5, 6]"
0040068.png,3,"[3, 7, 2]"
0040075.png,3,"[3, 2, 7]"
0040078.png,3,"[3, 2, 6]"
0040083.png,3,"[3, 2, 7]"
0040089.png,3,"[3, 5, 2]"
0040092.png,3,"[3, 5, 2]"
0040096.png,0,"[0, 6, 3]"
0040101.png,3,"[3, 2, 6]"
0040110.png,2,"[2, 5, 3]"
0040116.png,3,"[3, 2, 7]"
0040117.png,3,"[3, 2, 5]"
0040122.png,5,"[5, 3, 2]"
0040133.png,3,"[3, 7, 5]"
0040144.png,3,"[3, 5, 2]"
0040150.png,3,"[3, 2, 5]"
0040151.png,3,"[3, 7, 6]"
0040158.png,3,"[3, 2, 7]"
0040160.png,8,"[8, 3, 2]"
0040161.png,3,"[3, 8, 5]"
0040168.png,3,"[3, 2, 7]"
0040174.png,3,"[3, 2, 5]"
0040175.png,3,"[3, 5, 7]"
0040188.png,3,"[3, 5, 9]"
0040189.png,3,"[3, 5, 7]"
0040195.png,3,"[3, 2, 5]"
0040197.png,3,"[3, 5, 7]"
0040201.png,3,"[3, 5, 2]"
0040204.png,3,"[3, 5, 6]"
0040206.png,3,"[3, 2, 7]"
0040214.png,3,"[3, 5, 2]"
0040215.png,3,"[3, 2, 5]"
0040222.png,3,"[3, 5, 1]"
0040226.png,3,"[3, 5, 2]"
0040238.png,3,"[3, 2, 9]"
0040241.png,3,"[3, 2, 5]"
0040243.png,3,"[3, 2, 5]"
0040245.png,3,"[3, 2, 7]"
0040248.png,2,"[2, 8, 3]"
0040249.png,3,"[3, 7, 5]"
0040259.png,3,"[3, 7, 5]"
0040262.png,3,"[3, 2, 5]"
0040270.png,3,"[3, 5, 2]"
0040271.png,3,"[3, 5, 6]"
0040273.png,3,"[3, 2, 5]"
0040275.png,3,"[3, 2, 7]"
0040277.png,3,"[3, 5, 7]"
0040285.png,3,"[3, 8, 7]"
0040287.png,3,"[3, 2, 7]"
0040290.png,3,"[3, 5, 4]"
0040291.png,3,"[3, 5, 2]"
0040304.png,3,"[3, 2, 5]"
0040316.png,5,"[5, 3, 2]"
0040317.png,5,"[5, 8, 3]"
0040318.png,5,"[5, 8, 6]"
0040320.png,3,"[3, 5, 8]"
0040324.png,3,"[3, 7, 2]"
0040325.png,3,"[3, 5, 8]"
0040328.png,2,"[2, 5, 6]"
0040329.png,3,"[3, 8, 2]"
0040331.png,3,"[3, 2, 5]"
0040333.png,7,"[7, 3, 1]"
0040335.png,3,"[3, 5, 9]"
0040336.png,3,"[3, 5, 2]"
0040341.png,3,"[3, 5, 2]"
0040344.png,3,"[3, 5, 2]"
0040346.png,8,"[8, 3, 9]"
0040347.png,3,"[3, 8, 6]"
0040355.png,3,"[3, 5, 6]"
0040359.png,3,"[3, 7, 5]"
0040360.png,3,"[3, 5, 2]"
0040361.png,3,"[3, 2, 5]"
0040366.png,3,"[3, 5, 2]"
0040368.png,3,"[3, 2, 5]"
0040377.png,3,"[3, 8, 6]"
0040384.png,3,"[3, 7, 2]"
0040386.png,3,"[3, 5, 2]"
0040387.png,3,"[3, 2, 8]"
0040392.png,3,"[3, 2, 7]"
0040394.png,3,"[3, 2, 7]"
0040399.png,3,"[3, 2, 5]"
0040400.png,3,"[3, 7, 2]"
0040405.png,3,"[3, 5, 2]"
0040407.png,3,"[3, 5, 7]"
0040414.png,3,"[3, 2, 8]"
0040416.png,3,"[3, 2, 7]"
0040417.png,3,"[3, 2, 7]"
0040421.png,3,"[3, 5, 2]"
0040423.png,3,"[3, 8, 2]"
0040426.png,3,"[3, 8, 2]"
0040433.png,3,"[3, 8, 9]"
0040442.png,3,"[3, 4, 1]"
0040452.png,3,"[3, 2, 5]"
0040455.png,3,"[3, 2, 5]"
0040461.png,3,"[3, 7, 4]"
0040468.png,3,"[3, 2, 5]"
0040476.png,3,"[3, 5, 8]"
0040484.png,3,"[3, 2, 7]"
0040503.png,3,"[3, 7, 2]"
0040513.png,3,"[3, 5, 2]"
0040517.png,3,"[3, 8, 9]"
0040521.png,3,"[3, 5, 6]"
0040525.png,2,"[2, 3, 7]"
0040529.png,3,"[3, 5, 9]"
0040538.png,3,"[3, 5, 2]"
0040544.png,3,"[3, 4, 8]"
0040546.png,3,"[3, 2, 7]"
0040551.png,3,"[3, 2, 7]"
0040554.png,3,"[3, 8, 2]"
0040556.png,3,"[3, 5, 8]"
0040569.png,3,"[3, 5, 2]"
0040571.png,3,"[3, 5, 2]"
0040573.png,3,"[3, 5, 2]"
0040574.png,3,"[3, 5, 2]"
0040586.png,3,"[3, 5, 7]"
0040588.png,3,"[3, 2, 5]"
0040589.png,3,"[3, 5, 7]"
0040599.png,3,"[3, 7, 2]"
0040602.png,3,"[3, 2, 8]"
0040607.png,3,"[3, 5, 7]"
0040630.png,3,"[3, 2, 7]"
0040634.png,3,"[3, 2, 5]"
0040639.png,3,"[3, 5, 2]"
0040644.png,3,"[3, 8, 5]"
0040647.png,2,"[2, 3, 7]"
0040652.png,3,"[3, 2, 8]"
0040655.png,3,"[3, 5, 2]"
0040661.png,3,"[3, 2, 5]"
0040665.png,3,"[3, 0, 2]"
0040667.png,3,"[3, 5, 8]"
0040668.png,3,"[3, 2, 5]"
0040676.png,3,"[3, 5, 2]"
0040678.png,3,"[3, 5, 2]"
0040680.png,3,"[3, 5, 8]"
0040694.png,3,"[3, 5, 8]"
0040700.png,3,"[3, 8, 2]"
0040709.png,3,"[3, 2, 5]"
0040713.png,3,"[3, 5, 6]"
0040716.png,3,"[3, 5, 8]"
0040727.png,3,"[3, 7, 2]"
0040730.png,3,"[3, 2, 7]"
0040732.png,3,"[3, 8, 2]"
0040738.png,3,"[3, 2, 7]"
0040741.png,3,"[3, 2, 7]"
0040762.png,3,"[3, 2, 9]"
0040766.png,3,"[3, 2, 5]"
0040767.png,3,"[3, 2, 5]"
0040772.png,3,"[3, 2, 5]"
0040776.png,3,"[3, 5, 2]"
0040778.png,3,"[3, 2, 5]"
0040783.png,3,"[3, 5, 7]"
0040784.png,3,"[3, 2, 9]"
0040789.png,3,"[3, 5, 7]"
0040793.png,3,"[3, 5, 2]"
0040805.png,3,"[3, 2, 5]"
0040814.png,3,"[3, 5, 2]"
0040827.png,3,"[3, 5, 7]"
0040836.png,3,"[3, 6, 5]"
0040840.png,3,"[3, 5, 8]"
0040841.png,3,"[3, 5, 8]"
0040847.png,3,"[3, 2, 9]"
0040867.png,3,"[3, 2, 5]"
0040876.png,3,"[3, 2, 5]"
0040883.png,3,"[3, 5, 2]"
0040884.png,3,"[3, 5, 8]"
0040887.png,3,"[3, 5, 2]"
0040890.png,3,"[3, 5, 9]"
0040893.png,3,"[3, 5, 2]"
0040897.png,3,"[3, 2, 7]"
0040903.png,3,"[3, 5, 8]"
0040906.png,3,"[3, 2, 4]"
0040908.png,3,"[3, 2, 5]"
0040911.png,3,"[3, 2, 7]"
0040912.png,3,"[3, 2, 7]"
0040919.png,3,"[3, 2, 5]"
0040930.png,3,"[3, 5, 2]"
0040942.png,3,"[3, 6, 2]"
0040946.png,3,"[3, 2, 9]"
0040947.png,3,"[3, 7, 2]"
0040949.png,3,"[3, 5, 7]"
0040951.png,3,"[3, 2, 7]"
0040953.png,3,"[3, 5, 7]"
0040958.png,3,"[3, 5, 8]"
0040960.png,3,"[3, 2, 8]"
0040962.png,3,"[3, 5, 2]"
0040964.png,3,"[3, 2, 9]"
0040965.png,3,"[3, 2, 7]"
0040968.png,3,"[3, 2, 5]"
0040971.png,3,"[3, 2, 6]"
0040982.png,3,"[3, 5, 4]"
0040989.png,3,"[3, 2, 7]"
0040990.png,3,"[3, 2, 5]"
0041000.png,3,"[3, 8, 4]"
0041005.png,3,"[3, 2, 5]"
0041012.png,3,"[3, 6, 5]"
0041030.png,3,"[3, 2, 7]"
0041031.png,3,"[3, 2, 7]"
0041034.png,3,"[3, 5, 6]"
0041037.png,3,"[3, 2, 7]"
0041042.png,3,"[3, 6, 2]"
0041045.png,3,"[3, 5, 7]"
0041050.png,2,"[2, 5, 3]"
0041054.png,3,"[3, 5, 2]"
0041062.png,3,"[3, 1, 5]"
0041067.png,3,"[3, 5, 6]"
0041077.png,3,"[3, 7, 5]"
0041085.png,3,"[3, 5, 2]"
0041092.png,3,"[3, 2, 9]"
0041095.png,3,"[3, 5, 7]"
0041096.png,3,"[3, 5, 2]"
0041098.png,3,"[3, 5, 2]"
0041101.png,5,"[5, 3, 6]"
0041103.png,3,"[3, 2, 5]"
0041114.png,3,"[3, 5, 2]"
0041118.png,3,"[3, 5, 2]"
0041122.png,3,"[3, 5, 8]"
0041139.png,3,"[3, 5, 2]"
0041140.png,3,"[3, 2, 8]"
0041145.png,3,"[3, 5, 9]"
0041160.png,3,"[3, 2, 5]"
0041168.png,3,"[3, 2, 5]"
0041171.png,3,"[3, 9, 6]"
0041177.png,3,"[3, 2, 8]"
0041199.png,3,"[3, 7, 5]"
0041201.png,3,"[3, 8, 0]"
0041205.png,3,"[3, 8, 6]"
0041208.png,3,"[3, 9, 8]"
0041210.png,3,"[3, 2, 5]"
0041214.png,3,"[3, 5, 2]"
0041215.png,3,"[3, 5, 8]"
0041220.png,3,"[3, 2, 6]"
0041223.png,3,"[3, 5, 2]"
0041227.png,3,"[3, 5, 6]"
0041230.png,3,"[3, 2, 8]"
0041231.png,3,"[3, 7, 8]"
0041234.png,3,"[3, 2, 4]"
0041244.png,3,"[3, 5, 6]"
0041245.png,3,"[3, 8, 5]"
0041250.png,3,"[3, 2, 7]"
0041251.png,3,"[3, 2, 5]"
0041252.png,3,"[3, 2, 8]"
0041254.png,3,"[3, 2, 8]"
0041257.png,3,"[3, 7, 2]"
0041259.png,3,"[3, 8, 2]"
0041260.png,3,"[3, 5, 2]"
0041269.png,3,"[3, 8, 7]"
0041295.png,3,"[3, 5, 7]"
0041298.png,3,"[3, 2, 5]"
0041299.png,3,"[3, 2, 7]"
0041300.png,3,"[3, 2, 7]"
0041307.png,3,"[3, 5, 2]"
0041310.png,2,"[2, 7, 3]"
0041311.png,7,"[7, 3, 2]"
0041323.png,3,"[3, 7, 2]"
0041326.png,3,"[3, 8, 4]"
0041329.png,3,"[3, 5, 2]"
0041354.png,3,"[3, 5, 7]"
0041357.png,3,"[3, 5, 7]"
0041359.png,3,"[3, 5, 9]"
0041366.png,3,"[3, 4, 2]"
0041371.png,3,"[3, 5, 2]"
0041372.png,3,"[3, 2, 7]"
0041373.png,3,"[3, 5, 2]"
0041375.png,3,"[3, 5, 9]"
0041385.png,3,"[3, 5, 2]"
0041391.png,3,"[3, 5, 8]"
0041414.png,3,"[3, 7, 9]"
0041418.png,3,"[3, 5, 6]"
0041421.png,3,"[3, 5, 6]"
0041422.png,3,"[3, 2, 5]"
0041436.png,3,"[3, 5, 2]"
0041442.png,3,"[3, 4, 5]"
0041444.png,3,"[3, 5, 2]"
0041449.png,3,"[3, 5, 2]"
0041454.png,3,"[3, 2, 5]"
0041465.png,3,"[3, 7, 8]"
0041473.png,3,"[3, 2, 7]"
0041474.png,3,"[3, 2, 8]"
0041482.png,3,"[3, 2, 5]"
0041483.png,3,"[3, 2, 7]"
0041486.png,6,"[6, 3, 2]"
0041489.png,3,"[3, 5, 2]"
0041505.png,3,"[3, 5, 2]"
0041512.png,3,"[3, 5, 2]"
0041515.png,3,"[3, 7, 5]"
0041517.png,3,"[3, 5, 6]"
0041518.png,3,"[3, 8, 5]"
0041519.png,3,"[3, 8, 2]"
0041520.png,3,"[3, 5, 2]"
0041523.png,3,"[3, 2, 5]"
0041524.png,3,"[3, 2, 5]"
0041525.png,3,"[3, 8, 2]"
0041527.png,3,"[3, 5, 2]"
0041528.png,3,"[3, 5, 2]"
0041531.png,7,"[7, 3, 2]"
0041534.png,3,"[3, 5, 8]"
0041536.png,6,"[6, 3, 8]"
0041546.png,3,"[3, 5, 7]"
0041548.png,5,"[5, 3, 9]"
0041550.png,3,"[3, 8, 5]"
0041557.png,3,"[3, 7, 2]"
0041559.png,3,"[3, 5, 2]"
0041562.png,3,"[3, 5, 9]"
0041564.png,3,"[3, 2, 8]"
0041565.png,2,"[2, 3, 5]"
0041572.png,3,"[3, 5, 6]"
0041575.png,3,"[3, 5, 2]"
0041580.png,3,"[3, 5, 2]"
0041592.png,3,"[3, 7, 5]"
0041593.png,3,"[3, 7, 1]"
0041595.png,3,"[3, 5, 2]"
0041602.png,3,"[3, 2, 8]"
0041608.png,3,"[3, 5, 6]"
0041609.png,3,"[3, 5, 7]"
0041612.png,3,"[3, 5, 8]"
0041614.png,3,"[3, 8, 7]"
0041618.png,3,"[3, 2, 8]"
0041619.png,3,"[3, 2, 7]"
0041623.png,3,"[3, 2, 5]"
0041628.png,3,"[3, 5, 2]"
0041631.png,3,"[3, 2, 7]"
0041632.png,3,"[3, 5, 2]"
0041634.png,2,"[2, 3, 7]"
0041645.png,3,"[3, 2, 7]"
0041646.png,3,"[3, 2, 8]"
0041651.png,3,"[3, 2, 5]"
0041653.png,3,"[3, 5, 2]"
0041656.png,3,"[3, 2, 5]"
0041659.png,3,"[3, 7, 5]"
0041660.png,3,"[3, 2, 8]"
0041661.png,3,"[3, 2, 8]"
0041663.png,2,"[2, 3, 7]"
0041667.png,3,"[3, 2, 7]"
0041670.png,3,"[3, 2, 8]"
0041671.png,3,"[3, 8, 2]"
0041672.png,3,"[3, 2, 5]"
0041674.png,3,"[3, 5, 2]"
0041676.png,3,"[3, 2, 5]"
0041683.png,3,"[3, 5, 7]"
0041685.png,3,"[3, 2, 7]"
0041691.png,3,"[3, 5, 8]"
0041697.png,7,"[7, 3, 9]"
0041699.png,3,"[3, 5, 2]"
0041702.png,3,"[3, 5, 9]"
0041703.png,3,"[3, 7, 2]"
0041706.png,3,"[3, 5, 4]"
0041717.png,3,"[3, 5, 7]"
0041724.png,3,"[3, 2, 5]"
0041725.png,3,"[3, 5, 8]"
0041729.png,3,"[3, 2, 5]"
0041737.png,3,"[3, 8, 7]"
0041740.png,3,"[3, 5, 4]"
0041748.png,3,"[3, 2, 7]"
0041749.png,3,"[3, 2, 7]"
0041760.png,3,"[3, 8, 9]"
0041774.png,3,"[3, 5, 8]"
0041777.png,3,"[3, 8, 1]"
0041782.png,3,"[3, 8, 2]"
0041783.png,3,"[3, 8, 2]"
0041795.png,3,"[3, 2, 7]"
0041813.png,3,"[3, 2, 5]"
0041817.png,3,"[3, 8, 2]"
0041820.png,3,"[3, 2, 7]"
0041824.png,5,"[5, 3, 7]"
0041839.png,3,"[3, 5, 7]"
0041842.png,3,"[3, 2, 9]"
0041844.png,3,"[3, 1, 8]"
0041855.png,3,"[3, 5, 1]"
0041860.png,3,"[3, 5, 2]"
0041863.png,3,"[3, 2, 5]"
0041874.png,3,"[3, 5, 2]"
0041888.png,3,"[3, 6, 5]"
0041890.png,3,"[3, 2, 8]"
0041898.png,3,"[3, 5, 7]"
0041900.png,3,"[3, 7, 2]"
0041910.png,3,"[3, 5, 6]"
0041914.png,3,"[3, 5, 8]"
0041916.png,3,"[3, 8, 9]"
0041917.png,8,"[8, 3, 5]"
0041918.png,3,"[3, 5, 2]"
0041921.png,7,"[7, 3, 2]"
0041939.png,3,"[3, 2, 5]"
0041944.png,3,"[3, 5, 8]"
0041945.png,3,"[3, 5, 8]"
0041949.png,3,"[3, 5, 6]"
0041950.png,3,"[3, 5, 7]"
0041957.png,3,"[3, 5, 6]"
0041963.png,5,"[5, 2, 3]"
0041966.png,3,"[3, 2, 5]"
0041967.png,3,"[3, 6, 8]"
0041971.png,3,"[3, 5, 7]"
0041973.png,3,"[3, 2, 8]"
0041974.png,3,"[3, 2, 1]"
0041977.png,3,"[3, 2, 6]"
0041982.png,3,"[3, 5, 2]"
0041985.png,3,"[3, 2, 5]"
0041990.png,3,"[3, 5, 9]"
0041991.png,3,"[3, 8, 5]"
0041994.png,3,"[3, 8, 9]"
0041997.png,3,"[3, 8, 2]"
0041998.png,7,"[7, 3, 2]"
0041999.png,3,"[3, 9, 7]"
0042001.png,3,"[3, 8, 5]"
0042004.png,3,"[3, 5, 7]"
0042022.png,3,"[3, 5, 4]"
0042024.png,3,"[3, 8, 6]"
0042025.png,3,"[3, 8, 9]"
0042026.png,3,"[3, 4, 8]"
0042032.png,3,"[3, 2, 5]"
0042041.png,3,"[3, 2, 8]"
0042043.png,3,"[3, 2, 7]"
0042046.png,3,"[3, 2, 8]"
0042051.png,3,"[3, 7, 2]"
0042052.png,3,"[3, 2, 8]"
0042058.png,3,"[3, 2, 5]"
0042059.png,3,"[3, 2, 5]"
0042060.png,3,"[3, 2, 7]"
0042062.png,3,"[3, 5, 2]"
0042068.png,3,"[3, 2, 7]"
0042069.png,3,"[3, 2, 5]"
0042071.png,3,"[3, 7, 2]"
0042074.png,3,"[3, 5, 2]"
0042087.png,3,"[3, 5, 2]"
0042088.png,3,"[3, 2, 7]"
0042091.png,3,"[3, 5, 2]"
0042093.png,3,"[3, 5, 4]"
0042101.png,3,"[3, 5, 2]"
0042104.png,3,"[3, 2, 8]"
0042107.png,3,"[3, 8, 2]"
0042115.png,3,"[3, 2, 7]"
0042116.png,3,"[3, 5, 2]"
0042118.png,3,"[3, 2, 8]"
0042120.png,3,"[3, 2, 5]"
0042121.png,3,"[3, 2, 5]"
0042128.png,3,"[3, 5, 7]"
0042131.png,3,"[3, 2, 7]"
0042132.png,3,"[3, 5, 8]"
0042142.png,3,"[3, 5, 8]"
0042143.png,3,"[3, 5, 8]"
0042145.png,3,"[3, 2, 5]"
0042154.png,2,"[2, 7, 3]"
0042170.png,3,"[3, 2, 8]"
0042177.png,3,"[3, 5, 2]"
0042183.png,3,"[3, 2, 5]"
0042188.png,3,"[3, 5, 4]"
0042189.png,3,"[3, 5, 7]"
0042195.png,3,"[3, 7, 2]"
0042216.png,3,"[3, 2, 8]"
0042220.png,2,"[2, 9, 7]"
0042221.png,3,"[3, 7, 2]"
0042225.png,3,"[3, 8, 5]"
0042227.png,3,"[3, 5, 1]"
0042230.png,3,"[3, 2, 5]"
0042239.png,3,"[3, 5, 2]"
0042241.png,3,"[3, 5, 6]"
0042242.png,3,"[3, 7, 2]"
0042247.png,5,"[5, 3, 7]"
0042257.png,3,"[3, 5, 2]"
0042262.png,3,"[3, 2, 7]"
0042265.png,3,"[3, 2, 7]"
0042270.png,3,"[3, 5, 2]"
0042276.png,3,"[3, 2, 7]"
0042277.png,3,"[3, 2, 7]"
0042279.png,3,"[3, 2, 5]"
0042286.png,3,"[3, 2, 7]"
0042287.png,3,"[3, 2, 7]"
0042290.png,3,"[3, 5, 2]"
0042298.png,3,"[3, 2, 7]"
0042300.png,3,"[3, 2, 5]"
0042304.png,3,"[3, 2, 5]"
0042310.png,3,"[3, 2, 5]"
0042312.png,3,"[3, 2, 8]"
0042315.png,3,"[3, 2, 7]"
0042320.png,3,"[3, 5, 2]"
0042327.png,3,"[3, 2, 8]"
0042333.png,3,"[3, 5, 2]"
0042336.png,3,"[3, 5, 8]"
0042340.png,3,"[3, 2, 7]"
0042341.png,3,"[3, 7, 8]"
0042343.png,8,"[8, 3, 5]"
0042345.png,3,"[3, 1, 7]"
0042346.png,3,"[3, 5, 2]"
0042350.png,3,"[3, 5, 7]"
0042352.png,3,"[3, 2, 5]"
0042356.png,3,"[3, 2, 5]"
0042362.png,3,"[3, 2, 5]"
0042364.png,3,"[3, 8, 5]"
0042367.png,3,"[3, 8, 6]"
0042370.png,3,"[3, 2, 5]"
0042372.png,3,"[3, 2, 7]"
0042379.png,3,"[3, 7, 8]"
0042386.png,3,"[3, 9, 8]"
0042387.png,3,"[3, 9, 2]"
0042391.png,3,"[3, 5, 2]"
0042398.png,5,"[5, 3, 6]"
0042400.png,3,"[3, 5, 6]"
0042407.png,3,"[3, 7, 9]"
0042410.png,3,"[3, 2, 7]"
0042422.png,2,"[2, 3, 7]"
0042427.png,3,"[3, 5, 6]"
0042429.png,3,"[3, 2, 7]"
0042430.png,3,"[3, 5, 2]"
0042432.png,3,"[3, 5, 2]"
0042433.png,3,"[3, 2, 5]"
0042441.png,3,"[3, 2, 5]"
0042442.png,2,"[2, 3, 5]"
0042443.png,3,"[3, 2, 9]"
0042447.png,3,"[3, 5, 2]"
0042451.png,3,"[3, 2, 7]"
0042470.png,3,"[3, 7, 9]"
0042477.png,3,"[3, 7, 5]"
0042478.png,3,"[3, 2, 5]"
0042481.png,3,"[3, 2, 5]"
0042489.png,3,"[3, 2, 7]"
0042491.png,3,"[3, 2, 5]"
0042494.png,3,"[3, 5, 2]"
0042499.png,3,"[3, 8, 7]"
0042518.png,3,"[3, 8, 2]"
0042521.png,3,"[3, 7, 2]"
0042523.png,3,"[3, 9, 6]"
0042524.png,3,"[3, 2, 5]"
0042525.png,3,"[3, 9, 8]"
0042535.png,3,"[3, 7, 5]"
0042539.png,3,"[3, 7, 8]"
0042549.png,3,"[3, 2, 8]"
0042554.png,3,"[3, 9, 5]"
0042560.png,3,"[3, 2, 5]"
0042575.png,3,"[3, 5, 7]"
0042576.png,3,"[3, 2, 9]"
0042577.png,3,"[3, 2, 8]"
0042580.png,3,"[3, 5, 6]"
0042581.png,3,"[3, 5, 2]"
0042591.png,3,"[3, 5, 7]"
0042596.png,3,"[3, 5, 8]"
0042598.png,3,"[3, 2, 7]"
0042607.png,5,"[5, 3, 2]"
0042609.png,3,"[3, 5, 6]"
0042617.png,3,"[3, 8, 2]"
0042621.png,3,"[3, 7, 5]"
0042628.png,3,"[3, 5, 2]"
0042642.png,3,"[3, 5, 2]"
0042659.png,3,"[3, 5, 8]"
0042661.png,3,"[3, 5, 7]"
0042662.png,5,"[5, 3, 2]"
0042670.png,3,"[3, 8, 6]"
0042675.png,3,"[3, 2, 8]"
0042677.png,3,"[3, 2, 8]"
0042678.png,3,"[3, 2, 7]"
0042684.png,3,"[3, 2, 8]"
0042685.png,3,"[3, 5, 2]"
0042687.png,3,"[3, 5, 8]"
0042691.png,3,"[3, 2, 5]"
0042704.png,3,"[3, 6, 5]"
0042708.png,3,"[3, 7, 5]"
0042711.png,3,"[3, 8, 2]"
0042714.png,3,"[3, 4, 6]"
0042723.png,3,"[3, 2, 5]"
0042730.png,3,"[3, 2, 5]"
0042743.png,3,"[3, 2, 7]"
0042751.png,3,"[3, 2, 7]"
0042758.png,3,"[3, 2, 5]"
0042764.png,3,"[3, 7, 5]"
0042765.png,3,"[3, 7, 2]"
0042766.png,3,"[3, 5, 8]"
0042767.png,3,"[3, 2, 5]"
0042780.png,3,"[3, 2, 8]"
0042788.png,3,"[3, 2, 8]"
0042791.png,3,"[3, 2, 7]"
0042794.png,3,"[3, 5, 7]"
0042797.png,3,"[3, 2, 5]"
0042800.png,3,"[3, 5, 7]"
0042807.png,2,"[2, 3, 8]"
0042824.png,3,"[3, 5, 2]"
0042826.png,3,"[3, 2, 8]"
0042827.png,3,"[3, 8, 2]"
0042844.png,3,"[3, 2, 7]"
0042845.png,3,"[3, 2, 5]"
0042867.png,3,"[3, 2, 5]"
0042877.png,3,"[3, 9, 8]"
0042878.png,3,"[3, 5, 8]"
0042893.png,3,"[3, 2, 5]"
0042906.png,3,"[3, 2, 5]"
0042914.png,3,"[3, 8, 5]"
0042916.png,3,"[3, 2, 5]"
0042928.png,3,"[3, 2, 4]"
0042930.png,3,"[3, 2, 7]"
0042931.png,2,"[2, 3, 5]"
0042940.png,6,"[6, 3, 1]"
0042948.png,3,"[3, 5, 8]"
0042949.png,3,"[3, 2, 8]"
0042953.png,2,"[2, 3, 7]"
0042965.png,3,"[3, 5, 2]"
0042972.png,3,"[3, 8, 2]"
0042975.png,3,"[3, 2, 5]"
0042986.png,3,"[3, 2, 7]"
0042990.png,3,"[3, 7, 2]"
0042991.png,3,"[3, 2, 5]"
0043000.png,3,"[3, 5, 8]"
0043003.png,3,"[3, 8, 2]"
0043004.png,3,"[3, 5, 6]"
0043006.png,3,"[3, 2, 7]"
0043007.png,3,"[3, 5, 2]"
0043018.png,3,"[3, 5, 9]"
0043021.png,3,"[3, 5, 2]"
0043030.png,3,"[3, 5, 8]"
0043032.png,3,"[3, 2, 7]"
0043049.png,3,"[3, 2, 7]"
0043086.png,3,"[3, 5, 4]"
0043095.png,3,"[3, 5, 2]"
0043098.png,3,"[3, 5, 8]"
0043101.png,3,"[3, 2, 5]"
0043109.png,3,"[3, 5, 2]"
0043111.png,3,"[3, 2, 7]"
0043112.png,3,"[3, 5, 2]"
0043116.png,3,"[3, 5, 8]"
0043120.png,3,"[3, 8, 2]"
0043127.png,3,"[3, 5, 2]"
0043134.png,8,"[8, 2, 3]"
0043142.png,3,"[3, 2, 5]"
0043144.png,3,"[3, 5, 2]"
0043146.png,3,"[3, 5, 2]"
0043152.png,3,"[3, 2, 5]"
0043166.png,3,"[3, 8, 5]"
0043169.png,3,"[3, 2, 7]"
0043170.png,3,"[3, 7, 9]"
0043178.png,3,"[3, 2, 7]"
0043181.png,3,"[3, 5, 2]"
0043190.png,3,"[3, 2, 7]"
0043202.png,3,"[3, 7, 2]"
0043207.png,3,"[3, 7, 2]"
0043210.png,3,"[3, 5, 2]"
0043216.png,3,"[3, 5, 9]"
0043217.png,3,"[3, 5, 8]"
0043223.png,3,"[3, 7, 2]"
0043247.png,3,"[3, 5, 2]"
0043251.png,3,"[3, 5, 2]"
0043255.png,3,"[3, 6, 2]"
0043258.png,3,"[3, 5, 2]"
0043263.png,3,"[3, 2, 8]"
0043266.png,3,"[3, 2, 5]"
0043267.png,3,"[3, 2, 7]"
0043271.png,3,"[3, 5, 8]"
0043272.png,3,"[3, 5, 9]"
0043274.png,3,"[3, 5, 2]"
0043275.png,3,"[3, 2, 7]"
0043277.png,3,"[3, 5, 2]"
0043289.png,3,"[3, 5, 2]"
0043306.png,3,"[3, 2, 5]"
0043331.png,3,"[3, 2, 7]"
0043332.png,3,"[3, 5, 2]"
0043333.png,3,"[3, 5, 6]"
0043338.png,3,"[3, 5, 2]"
0043343.png,3,"[3, 2, 6]"
0043345.png,3,"[3, 8, 6]"
0043350.png,3,"[3, 5, 2]"
0043358.png,3,"[3, 5, 2]"
0043360.png,3,"[3, 2, 9]"
0043372.png,3,"[3, 5, 2]"
0043382.png,2,"[2, 3, 5]"
0043383.png,3,"[3, 2, 8]"
0043386.png,3,"[3, 5, 7]"
0043388.png,3,"[3, 2, 7]"
0043410.png,3,"[3, 5, 2]"
0043413.png,3,"[3, 8, 2]"
0043416.png,3,"[3, 2, 5]"
0043420.png,3,"[3, 8, 5]"
0043424.png,3,"[3, 5, 4]"
0043438.png,3,"[3, 2, 5]"
0043439.png,3,"[3, 2, 5]"
0043440.png,3,"[3, 5, 2]"
0043441.png,3,"[3, 5, 2]"
0043442.png,3,"[3, 2, 7]"
0043447.png,3,"[3, 5, 2]"
0043448.png,3,"[3, 8, 9]"
0043450.png,3,"[3, 2, 5]"
0043451.png,3,"[3, 2, 5]"
0043457.png,5,"[5, 3, 2]"
0043473.png,3,"[3, 8, 9]"
0043479.png,3,"[3, 8, 5]"
0043481.png,3,"[3, 5, 7]"
0043491.png,3,"[3, 5, 7]"
0043495.png,3,"[3, 7, 2]"
0043497.png,3,"[3, 5, 7]"
0043502.png,3,"[3, 2, 7]"
0043504.png,3,"[3, 5, 2]"
0043506.png,3,"[3, 5, 2]"
0043509.png,3,"[3, 7, 2]"
0043520.png,3,"[3, 2, 8]"
0043529.png,3,"[3, 2, 8]"
0043534.png,3,"[3, 2, 5]"
0043535.png,3,"[3, 2, 7]"
0043540.png,3,"[3, 2, 5]"
0043541.png,3,"[3, 2, 5]"
0043545.png,3,"[3, 5, 2]"
0043546.png,3,"[3, 2, 5]"
0043557.png,3,"[3, 5, 2]"
0043564.png,3,"[3, 2, 5]"
0043570.png,5,"[5, 3, 6]"
0043573.png,3,"[3, 5, 7]"
0043575.png,3,"[3, 2, 5]"
0043577.png,3,"[3, 7, 5]"
0043583.png,3,"[3, 5, 2]"
0043590.png,3,"[3, 2, 5]"
0043600.png,3,"[3, 2, 7]"
0043603.png,3,"[3, 2, 7]"
0043607.png,3,"[3, 5, 2]"
0043612.png,3,"[3, 2, 7]"
0043615.png,3,"[3, 2, 7]"
0043618.png,3,"[3, 2, 5]"
0043630.png,3,"[3, 2, 8]"
0043636.png,3,"[3, 2, 5]"
0043639.png,3,"[3, 8, 2]"
0043647.png,3,"[3, 5, 2]"
0043649.png,3,"[3, 7, 5]"
0043652.png,3,"[3, 5, 2]"
0043661.png,3,"[3, 5, 2]"
0043666.png,3,"[3, 2, 8]"
0043667.png,3,"[3, 2, 8]"
0043668.png,3,"[3, 5, 2]"
0043671.png,3,"[3, 2, 7]"
0043686.png,3,"[3, 5, 4]"
0043687.png,3,"[3, 5, 2]"
0043689.png,3,"[3, 5, 7]"
0043699.png,3,"[3, 5, 2]"
0043702.png,3,"[3, 5, 2]"
0043703.png,3,"[3, 2, 5]"
0043708.png,3,"[3, 2, 8]"
0043712.png,3,"[3, 7, 2]"
0043715.png,3,"[3, 5, 8]"
0043736.png,3,"[3, 5, 2]"
0043748.png,3,"[3, 2, 9]"
0043750.png,2,"[2, 3, 7]"
0043758.png,3,"[3, 2, 9]"
0043760.png,3,"[3, 2, 5]"
0043764.png,3,"[3, 5, 2]"
0043765.png,3,"[3, 5, 2]"
0043767.png,3,"[3, 2, 8]"
0043771.png,3,"[3, 5, 2]"
0043781.png,3,"[3, 2, 5]"
0043785.png,3,"[3, 5, 2]"
0043793.png,3,"[3, 5, 2]"
0043795.png,3,"[3, 5, 8]"
0043800.png,7,"[7, 3, 2]"
0043801.png,7,"[7, 3, 2]"
0043805.png,3,"[3, 2, 5]"
0043806.png,2,"[2, 3, 1]"
0043807.png,7,"[7, 1, 2]"
0043810.png,3,"[3, 5, 6]"
0043813.png,3,"[3, 5, 9]"
0043817.png,3,"[3, 6, 7]"
0043827.png,5,"[5, 3, 8]"
0043842.png,3,"[3, 2, 9]"
0043849.png,3,"[3, 5, 2]"
0043851.png,3,"[3, 2, 5]"
0043860.png,3,"[3, 2, 8]"
0043861.png,3,"[3, 2, 5]"
0043866.png,8,"[8, 6, 3]"
0043877.png,3,"[3, 8, 4]"
0043880.png,2,"[2, 7, 9]"
0043887.png,3,"[3, 2, 8]"
0043888.png,3,"[3, 2, 5]"
0043906.png,3,"[3, 5, 2]"
0043912.png,3,"[3, 5, 2]"
0043922.png,3,"[3, 5, 4]"
0043936.png,3,"[3, 7, 2]"
0043940.png,3,"[3, 2, 5]"
0043941.png,3,"[3, 8, 5]"
0043948.png,3,"[3, 8, 0]"
0043950.png,3,"[3, 7, 2]"
0043952.png,7,"[7, 9, 2]"
0043959.png,3,"[3, 8, 9]"
0043961.png,3,"[3, 8, 5]"
0043965.png,3,"[3, 8, 9]"
0043969.png,3,"[3, 2, 7]"
0043973.png,3,"[3, 2, 5]"
0043974.png,3,"[3, 8, 9]"
0043975.png,3,"[3, 8, 9]"
0043979.png,2,"[2, 3, 7]"
0043980.png,3,"[3, 5, 4]"
0043986.png,3,"[3, 5, 2]"
0043993.png,3,"[3, 2, 7]"
0043994.png,3,"[3, 5, 7]"
0043996.png,5,"[5, 3, 2]"
0044000.png,3,"[3, 5, 2]"
0044009.png,3,"[3, 5, 6]"
0044011.png,3,"[3, 2, 5]"
0044012.png,3,"[3, 2, 5]"
0044022.png,3,"[3, 2, 8]"
0044024.png,3,"[3, 5, 9]"
0044030.png,3,"[3, 2, 8]"
0044053.png,2,"[2, 3, 5]"
0044057.png,3,"[3, 7, 2]"
0044058.png,3,"[3, 7, 4]"
0044066.png,3,"[3, 2, 7]"
0044068.png,3,"[3, 2, 5]"
0044081.png,3,"[3, 7, 2]"
0044089.png,3,"[3, 2, 5]"
0044097.png,3,"[3, 5, 7]"
0044100.png,3,"[3, 2, 5]"
0044105.png,3,"[3, 5, 7]"
0044108.png,3,"[3, 2, 9]"
0044109.png,3,"[3, 7, 2]"
0044110.png,3,"[3, 2, 5]"
0044114.png,3,"[3, 2, 5]"
0044115.png,3,"[3, 5, 2]"
0044119.png,3,"[3, 5, 2]"
0044120.png,3,"[3, 5, 2]"
0044121.png,3,"[3, 2, 5]"
0044124.png,3,"[3, 2, 9]"
0044126.png,3,"[3, 5, 2]"
0044133.png,3,"[3, 2, 8]"
0044158.png,3,"[3, 8, 5]"
0044160.png,3,"[3, 9, 2]"
0044161.png,3,"[3, 5, 9]"
0044165.png,3,"[3, 5, 7]"
0044171.png,3,"[3, 7, 5]"
0044188.png,3,"[3, 2, 5]"
0044189.png,3,"[3, 2, 8]"
0044190.png,3,"[3, 4, 9]"
0044191.png,3,"[3, 7, 5]"
0044192.png,3,"[3, 8, 9]"
0044199.png,3,"[3, 5, 7]"
0044200.png,6,"[6, 3, 9]"
0044201.png,9,"[9, 6, 8]"
0044204.png,3,"[3, 5, 4]"
0044207.png,3,"[3, 8, 7]"
0044208.png,3,"[3, 2, 4]"
0044224.png,3,"[3, 2, 5]"
0044227.png,3,"[3, 5, 7]"
0044230.png,3,"[3, 8, 6]"
0044236.png,3,"[3, 8, 9]"
0044237.png,3,"[3, 8, 5]"
0044239.png,3,"[3, 2, 7]"
0044244.png,3,"[3, 2, 5]"
0044246.png,3,"[3, 2, 7]"
0044250.png,3,"[3, 5, 9]"
0044258.png,3,"[3, 5, 6]"
0044262.png,3,"[3, 5, 7]"
0044266.png,3,"[3, 2, 7]"
0044269.png,3,"[3, 2, 5]"
0044271.png,3,"[3, 2, 6]"
0044273.png,3,"[3, 2, 7]"
0044274.png,8,"[8, 3, 2]"
0044278.png,3,"[3, 5, 2]"
0044279.png,3,"[3, 5, 2]"
0044285.png,3,"[3, 2, 7]"
0044294.png,3,"[3, 2, 7]"
0044298.png,3,"[3, 5, 8]"
0044300.png,3,"[3, 2, 7]"
0044311.png,3,"[3, 5, 2]"
0044321.png,3,"[3, 2, 5]"
0044322.png,3,"[3, 5, 2]"
0044323.png,3,"[3, 5, 2]"
0044325.png,3,"[3, 2, 8]"
0044341.png,3,"[3, 5, 6]"
0044345.png,3,"[3, 2, 5]"
0044349.png,3,"[3, 2, 5]"
0044350.png,3,"[3, 5, 4]"
0044353.png,3,"[3, 8, 2]"
0044365.png,3,"[3, 5, 2]"
0044367.png,3,"[3, 7, 2]"
0044369.png,3,"[3, 2, 7]"
0044384.png,3,"[3, 2, 7]"
0044385.png,3,"[3, 2, 7]"
0044387.png,3,"[3, 5, 8]"
0044391.png,3,"[3, 5, 2]"
0044394.png,3,"[3, 5, 2]"
0044403.png,3,"[3, 5, 6]"
0044406.png,3,"[3, 6, 5]"
0044408.png,3,"[3, 2, 7]"
0044410.png,3,"[3, 5, 2]"
0044417.png,3,"[3, 2, 7]"
0044426.png,3,"[3, 2, 8]"
0044431.png,3,"[3, 2, 7]"
0044445.png,3,"[3, 2, 7]"
0044455.png,3,"[3, 5, 2]"
0044463.png,3,"[3, 5, 2]"
0044471.png,3,"[3, 8, 2]"
0044472.png,3,"[3, 2, 7]"
0044481.png,3,"[3, 2, 7]"
0044488.png,3,"[3, 5, 2]"
0044491.png,3,"[3, 7, 2]"
0044494.png,3,"[3, 2, 5]"
0044497.png,3,"[3, 2, 5]"
0044498.png,3,"[3, 8, 5]"
0044504.png,2,"[2, 3, 0]"
0044508.png,3,"[3, 2, 7]"
0044511.png,3,"[3, 7, 2]"
0044512.png,3,"[3, 5, 4]"
0044513.png,3,"[3, 5, 7]"
0044517.png,3,"[3, 2, 8]"
0044527.png,3,"[3, 8, 9]"
0044528.png,3,"[3, 2, 5]"
0044531.png,3,"[3, 5, 2]"
0044532.png,3,"[3, 7, 5]"
0044535.png,3,"[3, 5, 7]"
0044538.png,3,"[3, 8, 6]"
0044543.png,7,"[7, 3, 8]"
0044544.png,7,"[7, 3, 2]"
0044547.png,5,"[5, 3, 8]"
0044549.png,3,"[3, 2, 7]"
0044550.png,3,"[3, 2, 5]"
0044552.png,3,"[3, 2, 1]"
0044554.png,3,"[3, 5, 8]"
0044555.png,3,"[3, 5, 2]"
0044557.png,3,"[3, 5, 8]"
0044564.png,3,"[3, 9, 2]"
0044573.png,7,"[7, 2, 1]"
0044574.png,3,"[3, 2, 9]"
0044575.png,3,"[3, 5, 2]"
0044577.png,3,"[3, 2, 7]"
0044590.png,6,"[6, 3, 8]"
0044593.png,3,"[3, 2, 8]"
0044601.png,3,"[3, 5, 2]"
0044604.png,3,"[3, 2, 8]"
0044607.png,3,"[3, 8, 5]"
0044609.png,3,"[3, 7, 2]"
0044615.png,3,"[3, 5, 2]"
0044619.png,3,"[3, 2, 5]"
0044629.png,3,"[3, 8, 5]"
0044635.png,3,"[3, 2, 7]"
0044638.png,3,"[3, 5, 2]"
0044644.png,3,"[3, 6, 2]"
0044647.png,3,"[3, 5, 2]"
0044657.png,3,"[3, 2, 7]"
0044673.png,3,"[3, 2, 5]"
0044695.png,7,"[7, 3, 2]"
0044708.png,3,"[3, 5, 8]"
0044711.png,3,"[3, 5, 2]"
0044718.png,3,"[3, 5, 8]"
0044723.png,3,"[3, 5, 6]"
0044724.png,3,"[3, 2, 7]"
0044728.png,3,"[3, 2, 5]"
0044750.png,3,"[3, 5, 8]"
0044752.png,3,"[3, 5, 8]"
0044757.png,3,"[3, 5, 7]"
0044764.png,3,"[3, 5, 7]"
0044766.png,3,"[3, 5, 8]"
0044771.png,3,"[3, 2, 5]"
0044772.png,3,"[3, 2, 7]"
0044778.png,3,"[3, 5, 8]"
0044780.png,3,"[3, 5, 2]"
0044801.png,3,"[3, 2, 5]"
0044807.png,3,"[3, 2, 9]"
0044812.png,3,"[3, 2, 7]"
0044813.png,3,"[3, 5, 7]"
0044816.png,3,"[3, 5, 2]"
0044821.png,8,"[8, 3, 2]"
0044824.png,3,"[3, 2, 5]"
0044826.png,3,"[3, 2, 5]"
0044839.png,3,"[3, 5, 8]"
0044848.png,3,"[3, 2, 5]"
0044849.png,3,"[3, 2, 7]"
0044851.png,3,"[3, 5, 2]"
0044859.png,3,"[3, 6, 5]"
0044860.png,3,"[3, 5, 2]"
0044871.png,3,"[3, 2, 5]"
0044873.png,3,"[3, 2, 5]"
0044874.png,3,"[3, 9, 6]"
0044877.png,3,"[3, 5, 7]"
0044884.png,3,"[3, 5, 6]"
0044890.png,3,"[3, 5, 2]"
0044901.png,3,"[3, 5, 2]"
0044903.png,3,"[3, 2, 5]"
0044907.png,5,"[5, 3, 8]"
0044916.png,3,"[3, 2, 4]"
0044918.png,3,"[3, 5, 2]"
0044919.png,3,"[3, 5, 2]"
0044920.png,3,"[3, 5, 2]"
0044935.png,3,"[3, 2, 7]"
0044938.png,3,"[3, 2, 5]"
0044940.png,3,"[3, 5, 6]"
0044941.png,3,"[3, 5, 2]"
0044950.png,9,"[9, 7, 8]"
0044957.png,3,"[3, 2, 7]"
0044959.png,3,"[3, 7, 5]"
0044961.png,3,"[3, 5, 7]"
0044967.png,3,"[3, 2, 7]"
0044968.png,3,"[3, 2, 7]"
0044969.png,3,"[3, 7, 4]"
0044970.png,3,"[3, 2, 5]"
0044971.png,3,"[3, 2, 5]"
0044973.png,3,"[3, 2, 8]"
0044983.png,3,"[3, 5, 7]"
0044986.png,3,"[3, 8, 4]"
0044987.png,3,"[3, 5, 8]"
0044998.png,3,"[3, 5, 2]"
0045003.png,3,"[3, 8, 9]"
0045007.png,3,"[3, 2, 8]"
0045013.png,3,"[3, 2, 8]"
0045014.png,3,"[3, 5, 2]"
0045015.png,3,"[3, 5, 8]"
0045018.png,3,"[3, 7, 5]"
0045025.png,3,"[3, 5, 4]"
0045031.png,3,"[3, 9, 8]"
0045035.png,3,"[3, 6, 5]"
0045037.png,3,"[3, 5, 7]"
0045039.png,3,"[3, 5, 8]"
0045041.png,3,"[3, 5, 6]"
0045042.png,3,"[3, 8, 2]"
0045045.png,3,"[3, 2, 5]"
0045054.png,3,"[3, 5, 4]"
0045057.png,5,"[5, 2, 3]"
0045061.png,3,"[3, 5, 2]"
0045063.png,3,"[3, 7, 2]"
0045066.png,3,"[3, 2, 5]"
0045073.png,3,"[3, 5, 2]"
0045085.png,3,"[3, 2, 5]"
0045088.png,3,"[3, 5, 2]"
0045092.png,3,"[3, 2, 8]"
0045093.png,3,"[3, 2, 8]"
0045099.png,3,"[3, 2, 7]"
0045101.png,3,"[3, 8, 5]"
0045104.png,3,"[3, 2, 8]"
0045105.png,3,"[3, 2, 5]"
0045110.png,3,"[3, 2, 7]"
0045111.png,3,"[3, 7, 5]"
0045118.png,3,"[3, 2, 5]"
0045119.png,3,"[3, 5, 2]"
0045121.png,3,"[3, 5, 2]"
0045130.png,3,"[3, 7, 5]"
0045132.png,3,"[3, 9, 8]"
0045134.png,8,"[8, 9, 3]"
0045138.png,3,"[3, 2, 1]"
0045141.png,3,"[3, 2, 5]"
0045142.png,3,"[3, 2, 7]"
0045154.png,3,"[3, 8, 5]"
0045162.png,3,"[3, 2, 5]"
0045170.png,3,"[3, 2, 1]"
0045171.png,3,"[3, 7, 2]"
0045181.png,3,"[3, 2, 5]"
0045182.png,3,"[3, 5, 7]"
0045188.png,3,"[3, 2, 5]"
0045190.png,3,"[3, 8, 5]"
0045193.png,3,"[3, 5, 7]"
0045199.png,3,"[3, 2, 6]"
0045203.png,3,"[3, 2, 7]"
0045207.png,8,"[8, 2, 3]"
0045208.png,3,"[3, 5, 4]"
0045211.png,8,"[8, 2, 3]"
0045212.png,3,"[3, 5, 6]"
0045217.png,3,"[3, 5, 2]"
0045220.png,2,"[2, 3, 5]"
0045228.png,2,"[2, 3, 7]"
0045229.png,2,"[2, 3, 7]"
0045238.png,3,"[3, 2, 7]"
0045256.png,3,"[3, 5, 2]"
0045260.png,3,"[3, 5, 2]"
0045272.png,3,"[3, 5, 1]"
0045288.png,3,"[3, 5, 4]"
0045290.png,3,"[3, 5, 6]"
0045292.png,3,"[3, 2, 5]"
0045300.png,3,"[3, 5, 2]"
0045302.png,3,"[3, 5, 2]"
0045308.png,3,"[3, 5, 7]"
0045320.png,3,"[3, 5, 2]"
0045321.png,3,"[3, 5, 2]"
0045341.png,3,"[3, 7, 2]"
0045344.png,3,"[3, 5, 7]"
0045345.png,3,"[3, 5, 7]"
0045346.png,3,"[3, 5, 2]"
0045348.png,3,"[3, 5, 2]"
0045351.png,3,"[3, 2, 5]"
0045356.png,3,"[3, 5, 2]"
0045358.png,3,"[3, 2, 7]"
0045360.png,3,"[3, 8, 7]"
0045361.png,3,"[3, 7, 2]"
0045366.png,3,"[3, 5, 2]"
0045373.png,3,"[3, 2, 5]"
0045374.png,3,"[3, 5, 2]"
0045375.png,3,"[3, 5, 2]"
0045386.png,3,"[3, 5, 7]"
0045396.png,3,"[3, 8, 5]"
0045406.png,3,"[3, 2, 7]"
0045407.png,3,"[3, 2, 7]"
0045415.png,7,"[7, 3, 2]"
0045420.png,3,"[3, 8, 7]"
0045427.png,3,"[3, 7, 4]"
0045433.png,3,"[3, 5, 8]"
0045435.png,3,"[3, 2, 7]"
0045437.png,3,"[3, 5, 2]"
0045439.png,3,"[3, 2, 5]"
0045440.png,3,"[3, 2, 8]"
0045441.png,3,"[3, 2, 7]"
0045450.png,3,"[3, 7, 2]"
0045454.png,3,"[3, 2, 5]"
0045462.png,3,"[3, 2, 5]"
0045465.png,2,"[2, 3, 7]"
0045471.png,3,"[3, 7, 2]"
0045472.png,3,"[3, 5, 2]"
0045481.png,3,"[3, 8, 7]"
0045484.png,3,"[3, 5, 2]"
0045491.png,3,"[3, 2, 7]"
0045493.png,3,"[3, 5, 7]"
0045495.png,3,"[3, 2, 5]"
0045500.png,3,"[3, 2, 8]"
0045503.png,3,"[3, 5, 2]"
0045504.png,3,"[3, 8, 2]"
0045507.png,8,"[8, 3, 9]"
0045519.png,3,"[3, 2, 7]"
0045525.png,3,"[3, 2, 5]"
0045527.png,3,"[3, 2, 8]"
0045540.png,3,"[3, 5, 4]"
0045553.png,3,"[3, 2, 7]"
0045557.png,3,"[3, 5, 2]"
0045559.png,3,"[3, 5, 8]"
0045567.png,3,"[3, 2, 5]"
0045570.png,3,"[3, 5, 2]"
0045590.png,3,"[3, 8, 5]"
0045592.png,3,"[3, 5, 8]"
0045596.png,3,"[3, 5, 2]"
0045598.png,3,"[3, 5, 8]"
0045600.png,3,"[3, 5, 2]"
0045601.png,3,"[3, 6, 5]"
0045613.png,3,"[3, 6, 9]"
0045615.png,3,"[3, 5, 2]"
0045619.png,3,"[3, 5, 6]"
0045621.png,7,"[7, 9, 3]"
0045638.png,3,"[3, 8, 5]"
0045650.png,3,"[3, 2, 5]"
0045654.png,3,"[3, 6, 5]"
0045655.png,3,"[3, 8, 6]"
0045658.png,3,"[3, 8, 9]"
0045663.png,3,"[3, 8, 7]"
0045665.png,3,"[3, 8, 5]"
0045681.png,3,"[3, 8, 5]"
0045684.png,3,"[3, 5, 7]"
0045686.png,3,"[3, 5, 8]"
0045689.png,2,"[2, 3, 5]"
0045694.png,3,"[3, 5, 6]"
0045699.png,3,"[3, 5, 2]"
0045700.png,5,"[5, 6, 8]"
0045702.png,3,"[3, 2, 7]"
0045708.png,3,"[3, 4, 8]"
0045709.png,3,"[3, 5, 8]"
0045710.png,3,"[3, 5, 2]"
0045715.png,3,"[3, 2, 5]"
0045719.png,3,"[3, 5, 2]"
0045726.png,3,"[3, 2, 5]"
0045731.png,3,"[3, 2, 5]"
0045733.png,3,"[3, 8, 2]"
0045736.png,3,"[3, 5, 7]"
0045748.png,3,"[3, 5, 2]"
0045751.png,3,"[3, 5, 8]"
0045773.png,3,"[3, 2, 8]"
0045775.png,3,"[3, 2, 8]"
0045776.png,3,"[3, 8, 2]"
0045780.png,3,"[3, 2, 5]"
0045781.png,3,"[3, 2, 5]"
0045785.png,3,"[3, 7, 9]"
0045786.png,3,"[3, 2, 8]"
0045793.png,3,"[3, 2, 7]"
0045799.png,3,"[3, 5, 2]"
0045805.png,3,"[3, 2, 7]"
0045811.png,3,"[3, 2, 5]"
0045815.png,3,"[3, 2, 7]"
0045819.png,3,"[3, 2, 5]"
0045834.png,3,"[3, 2, 5]"
0045840.png,3,"[3, 5, 2]"
0045847.png,3,"[3, 2, 9]"
0045848.png,3,"[3, 5, 8]"
0045849.png,3,"[3, 7, 5]"
0045850.png,3,"[3, 2, 5]"
0045858.png,3,"[3, 5, 2]"
0045860.png,3,"[3, 5, 7]"
0045870.png,3,"[3, 2, 5]"
0045871.png,3,"[3, 5, 4]"
0045875.png,3,"[3, 2, 5]"
0045878.png,3,"[3, 5, 2]"
0045881.png,3,"[3, 2, 5]"
0045884.png,3,"[3, 2, 5]"
0045888.png,3,"[3, 8, 2]"
0045892.png,3,"[3, 2, 5]"
0045898.png,3,"[3, 5, 6]"
0045901.png,3,"[3, 1, 2]"
0045903.png,3,"[3, 5, 7]"
0045913.png,3,"[3, 2, 8]"
0045914.png,3,"[3, 5, 6]"
0045915.png,3,"[3, 5, 2]"
0045917.png,3,"[3, 2, 7]"
0045923.png,3,"[3, 5, 8]"
0045927.png,3,"[3, 5, 2]"
0045933.png,3,"[3, 2, 5]"
0045934.png,3,"[3, 2, 5]"
0045936.png,3,"[3, 5, 6]"
0045938.png,3,"[3, 2, 8]"
0045941.png,3,"[3, 2, 5]"
0045955.png,3,"[3, 2, 5]"
0045961.png,3,"[3, 5, 2]"
0045967.png,5,"[5, 3, 6]"
0045972.png,3,"[3, 1, 5]"
0045978.png,3,"[3, 5, 8]"
0045980.png,3,"[3, 2, 5]"
0045985.png,3,"[3, 2, 7]"
0045996.png,3,"[3, 5, 8]"
0046005.png,3,"[3, 2, 7]"
0046011.png,3,"[3, 5, 2]"
0046012.png,3,"[3, 2, 5]"
0046013.png,3,"[3, 2, 5]"
0046019.png,3,"[3, 8, 2]"
0046024.png,3,"[3, 8, 2]"
0046028.png,3,"[3, 5, 7]"
0046035.png,3,"[3, 7, 5]"
0046037.png,3,"[3, 5, 7]"
0046041.png,3,"[3, 5, 6]"
0046052.png,3,"[3, 5, 8]"
0046054.png,3,"[3, 8, 2]"
0046061.png,3,"[3, 2, 5]"
0046065.png,2,"[2, 3, 8]"
0046066.png,3,"[3, 2, 5]"
0046068.png,3,"[3, 5, 2]"
0046069.png,3,"[3, 2, 5]"
0046072.png,3,"[3, 1, 7]"
0046074.png,3,"[3, 5, 8]"
0046075.png,3,"[3, 2, 7]"
0046080.png,3,"[3, 5, 2]"
0046090.png,3,"[3, 2, 8]"
0046095.png,3,"[3, 2, 5]"
0046098.png,3,"[3, 5, 2]"
0046103.png,3,"[3, 7, 2]"
0046124.png,3,"[3, 5, 2]"
0046128.png,3,"[3, 5, 2]"
0046130.png,3,"[3, 5, 2]"
0046135.png,7,"[7, 8, 3]"
0046137.png,5,"[5, 3, 2]"
0046139.png,3,"[3, 5, 2]"
0046141.png,3,"[3, 2, 5]"
0046143.png,3,"[3, 5, 8]"
0046146.png,3,"[3, 5, 2]"
0046147.png,3,"[3, 2, 5]"
0046156.png,3,"[3, 6, 5]"
0046157.png,3,"[3, 2, 5]"
0046161.png,3,"[3, 5, 2]"
0046168.png,3,"[3, 5, 8]"
0046172.png,3,"[3, 8, 5]"
0046178.png,3,"[3, 2, 7]"
0046179.png,3,"[3, 7, 1]"
0046195.png,3,"[3, 7, 2]"
0046197.png,3,"[3, 8, 7]"
0046198.png,3,"[3, 2, 7]"
0046200.png,3,"[3, 5, 2]"
0046202.png,7,"[7, 3, 2]"
0046220.png,3,"[3, 5, 2]"
0046222.png,3,"[3, 2, 8]"
0046227.png,3,"[3, 2, 7]"
0046229.png,3,"[3, 2, 5]"
0046232.png,3,"[3, 2, 8]"
0046242.png,3,"[3, 5, 8]"
0046249.png,3,"[3, 2, 7]"
0046253.png,3,"[3, 2, 5]"
0046257.png,3,"[3, 2, 5]"
0046258.png,3,"[3, 2, 7]"
0046263.png,3,"[3, 5, 7]"
0046274.png,3,"[3, 2, 4]"
0046276.png,3,"[3, 2, 5]"
0046278.png,3,"[3, 2, 5]"
0046282.png,3,"[3, 2, 5]"
0046287.png,3,"[3, 7, 5]"
0046289.png,3,"[3, 2, 5]"
0046290.png,3,"[3, 2, 5]"
0046295.png,3,"[3, 7, 2]"
0046298.png,3,"[3, 5, 4]"
0046299.png,3,"[3, 5, 7]"
0046301.png,3,"[3, 7, 2]"
0046302.png,3,"[3, 2, 5]"
0046305.png,3,"[3, 2, 5]"
0046309.png,3,"[3, 5, 2]"
0046310.png,3,"[3, 2, 7]"
0046312.png,3,"[3, 2, 8]"
0046314.png,3,"[3, 2, 5]"
0046316.png,3,"[3, 2, 5]"
0046318.png,3,"[3, 2, 5]"
0046328.png,3,"[3, 2, 5]"
0046330.png,3,"[3, 2, 0]"
0046343.png,3,"[3, 2, 7]"
0046349.png,3,"[3, 7, 5]"
0046356.png,3,"[3, 5, 2]"
0046359.png,3,"[3, 2, 5]"
0046360.png,3,"[3, 5, 8]"
0046363.png,3,"[3, 7, 2]"
0046366.png,3,"[3, 8, 5]"
0046367.png,3,"[3, 5, 7]"
0046371.png,3,"[3, 2, 8]"
0046379.png,3,"[3, 5, 2]"
0046382.png,3,"[3, 2, 5]"
0046386.png,3,"[3, 2, 8]"
0046395.png,3,"[3, 5, 2]"
0046398.png,3,"[3, 1, 8]"
0046409.png,3,"[3, 2, 7]"
0046410.png,3,"[3, 5, 7]"
0046417.png,3,"[3, 7, 5]"
0046423.png,3,"[3, 2, 5]"
0046431.png,3,"[3, 5, 7]"
0046432.png,3,"[3, 2, 5]"
0046434.png,3,"[3, 1, 5]"
0046436.png,3,"[3, 5, 6]"
0046442.png,3,"[3, 2, 5]"
0046451.png,3,"[3, 2, 7]"
0046453.png,3,"[3, 2, 7]"
0046458.png,2,"[2, 3, 8]"
0046463.png,3,"[3, 2, 7]"
0046468.png,3,"[3, 5, 7]"
0046469.png,3,"[3, 7, 2]"
0046470.png,3,"[3, 2, 7]"
0046476.png,3,"[3, 5, 2]"
0046477.png,3,"[3, 5, 7]"
0046483.png,3,"[3, 2, 5]"
0046484.png,3,"[3, 5, 2]"
0046485.png,3,"[3, 9, 5]"
0046486.png,3,"[3, 5, 2]"
0046493.png,3,"[3, 5, 8]"
0046495.png,3,"[3, 5, 6]"
0046499.png,3,"[3, 2, 5]"
0046507.png,3,"[3, 2, 5]"
0046509.png,3,"[3, 2, 5]"
0046520.png,3,"[3, 8, 9]"
0046522.png,3,"[3, 5, 8]"
0046524.png,3,"[3, 5, 6]"
0046531.png,3,"[3, 5, 7]"
0046537.png,3,"[3, 2, 5]"
0046539.png,3,"[3, 7, 8]"
0046540.png,3,"[3, 5, 8]"
0046559.png,3,"[3, 5, 6]"
0046561.png,3,"[3, 5, 2]"
0046572.png,3,"[3, 2, 7]"
0046575.png,3,"[3, 2, 7]"
0046581.png,3,"[3, 2, 7]"
0046586.png,3,"[3, 5, 4]"
0046587.png,3,"[3, 5, 1]"
0046607.png,3,"[3, 2, 8]"
0046608.png,3,"[3, 2, 5]"
0046611.png,3,"[3, 2, 5]"
0046620.png,3,"[3, 2, 5]"
0046623.png,3,"[3, 2, 5]"
0046624.png,5,"[5, 3, 2]"
0046629.png,3,"[3, 5, 2]"
0046638.png,3,"[3, 7, 5]"
0046643.png,3,"[3, 5, 2]"
0046647.png,3,"[3, 2, 5]"
0046648.png,3,"[3, 2, 8]"
0046650.png,3,"[3, 5, 7]"
0046656.png,3,"[3, 5, 8]"
0046670.png,3,"[3, 5, 8]"
0046674.png,6,"[6, 5, 3]"
0046680.png,3,"[3, 2, 5]"
0046686.png,3,"[3, 5, 2]"
0046690.png,3,"[3, 2, 7]"
0046694.png,3,"[3, 5, 2]"
0046707.png,3,"[3, 5, 2]"
0046710.png,3,"[3, 2, 7]"
0046731.png,3,"[3, 2, 8]"
0046752.png,3,"[3, 5, 2]"
0046754.png,3,"[3, 5, 7]"
0046756.png,3,"[3, 2, 7]"
0046766.png,3,"[3, 5, 2]"
0046794.png,3,"[3, 5, 2]"
0046801.png,3,"[3, 2, 8]"
0046802.png,3,"[3, 5, 2]"
0046806.png,2,"[2, 3, 7]"
0046809.png,3,"[3, 2, 8]"
0046810.png,3,"[3, 2, 7]"
0046813.png,3,"[3, 2, 5]"
0046815.png,3,"[3, 9, 2]"
0046822.png,3,"[3, 2, 6]"
0046823.png,3,"[3, 2, 7]"
0046833.png,3,"[3, 5, 6]"
0046836.png,3,"[3, 5, 8]"
0046841.png,3,"[3, 7, 2]"
0046845.png,3,"[3, 9, 2]"
0046857.png,3,"[3, 2, 7]"
0046861.png,3,"[3, 2, 5]"
0046862.png,3,"[3, 2, 8]"
0046865.png,3,"[3, 2, 7]"
0046869.png,3,"[3, 5, 2]"
0046873.png,3,"[3, 2, 5]"
0046881.png,3,"[3, 2, 5]"
0046885.png,3,"[3, 2, 5]"
0046890.png,3,"[3, 5, 2]"
0046897.png,3,"[3, 5, 2]"
0046907.png,3,"[3, 7, 2]"
0046911.png,3,"[3, 7, 2]"
0046913.png,3,"[3, 2, 5]"
0046916.png,3,"[3, 2, 7]"
0046923.png,3,"[3, 2, 9]"
0046925.png,3,"[3, 8, 2]"
0046931.png,3,"[3, 2, 5]"
0046933.png,3,"[3, 8, 5]"
0046934.png,3,"[3, 5, 2]"
0046937.png,3,"[3, 5, 7]"
0046939.png,3,"[3, 5, 8]"
0046954.png,3,"[3, 6, 5]"
0046966.png,3,"[3, 5, 2]"
0046967.png,3,"[3, 5, 2]"
0046970.png,3,"[3, 5, 2]"
0046971.png,3,"[3, 2, 5]"
0046972.png,3,"[3, 5, 2]"
0046975.png,3,"[3, 8, 5]"
0046978.png,3,"[3, 5, 2]"
0046986.png,3,"[3, 2, 4]"
0047001.png,3,"[3, 5, 9]"
0047015.png,3,"[3, 7, 2]"
0047020.png,3,"[3, 2, 7]"
0047026.png,3,"[3, 2, 5]"
0047027.png,3,"[3, 2, 7]"
0047038.png,3,"[3, 5, 8]"
0047039.png,3,"[3, 5, 2]"
0047040.png,3,"[3, 2, 5]"
0047043.png,3,"[3, 7, 2]"
0047049.png,3,"[3, 8, 9]"
0047059.png,3,"[3, 2, 5]"
0047068.png,3,"[3, 5, 2]"
0047069.png,3,"[3, 5, 2]"
0047073.png,3,"[3, 2, 8]"
0047076.png,3,"[3, 2, 8]"
0047080.png,3,"[3, 5, 2]"
0047082.png,3,"[3, 7, 5]"
0047085.png,3,"[3, 7, 2]"
0047110.png,9,"[9, 5, 3]"
0047118.png,3,"[3, 2, 5]"
0047122.png,3,"[3, 5, 9]"
0047124.png,5,"[5, 6, 3]"
0047129.png,3,"[3, 7, 2]"
0047139.png,3,"[3, 5, 7]"
0047140.png,3,"[3, 2, 5]"
0047141.png,3,"[3, 2, 8]"
0047144.png,3,"[3, 2, 5]"
0047145.png,3,"[3, 2, 7]"
0047162.png,3,"[3, 7, 9]"
0047163.png,3,"[3, 8, 7]"
0047170.png,3,"[3, 5, 7]"
0047177.png,3,"[3, 5, 7]"
0047178.png,3,"[3, 2, 8]"
0047181.png,3,"[3, 2, 5]"
0047182.png,5,"[5, 3, 8]"
0047188.png,7,"[7, 9, 8]"
0047189.png,3,"[3, 7, 9]"
0047192.png,2,"[2, 3, 7]"
0047193.png,3,"[3, 7, 2]"
0047195.png,7,"[7, 3, 1]"
0047204.png,3,"[3, 5, 8]"
0047206.png,5,"[5, 3, 8]"
0047208.png,3,"[3, 2, 7]"
0047215.png,3,"[3, 4, 8]"
0047222.png,3,"[3, 7, 4]"
0047227.png,3,"[3, 2, 7]"
0047228.png,3,"[3, 5, 2]"
0047237.png,3,"[3, 2, 7]"
0047240.png,3,"[3, 5, 8]"
0047250.png,3,"[3, 2, 7]"
0047253.png,3,"[3, 2, 5]"
0047257.png,3,"[3, 2, 5]"
0047263.png,3,"[3, 8, 6]"
0047265.png,3,"[3, 2, 8]"
0047279.png,3,"[3, 2, 8]"
0047283.png,3,"[3, 8, 9]"
0047285.png,3,"[3, 2, 5]"
0047292.png,3,"[3, 4, 5]"
0047293.png,3,"[3, 5, 7]"
0047296.png,3,"[3, 5, 4]"
0047320.png,3,"[3, 2, 8]"
0047326.png,0,"[0, 3, 2]"
0047327.png,3,"[3, 2, 0]"
0047337.png,3,"[3, 7, 2]"
0047341.png,3,"[3, 1, 5]"
0047350.png,3,"[3, 5, 2]"
0047354.png,3,"[3, 2, 8]"
0047365.png,3,"[3, 5, 7]"
0047368.png,3,"[3, 5, 8]"
0047374.png,3,"[3, 9, 6]"
0047377.png,3,"[3, 8, 5]"
0047379.png,3,"[3, 5, 2]"
0047385.png,3,"[3, 2, 7]"
0047390.png,3,"[3, 2, 5]"
0047392.png,3,"[3, 2, 7]"
0047394.png,3,"[3, 7, 5]"
0047399.png,3,"[3, 5, 2]"
0047400.png,3,"[3, 2, 7]"
0047411.png,3,"[3, 2, 5]"
0047421.png,2,"[2, 3, 6]"
0047422.png,3,"[3, 5, 2]"
0047426.png,3,"[3, 5, 2]"
0047431.png,3,"[3, 2, 7]"
0047437.png,3,"[3, 2, 7]"
0047446.png,3,"[3, 8, 0]"
0047448.png,3,"[3, 5, 8]"
0047449.png,3,"[3, 2, 5]"
0047459.png,3,"[3, 2, 8]"
0047463.png,5,"[5, 3, 2]"
0047464.png,3,"[3, 2, 9]"
0047475.png,3,"[3, 4, 8]"
0047490.png,3,"[3, 5, 2]"
0047491.png,3,"[3, 5, 2]"
0047493.png,3,"[3, 5, 7]"
0047497.png,3,"[3, 5, 2]"
0047500.png,3,"[3, 2, 8]"
0047505.png,3,"[3, 2, 5]"
0047511.png,3,"[3, 5, 2]"
0047536.png,9,"[9, 8, 3]"
0047539.png,3,"[3, 2, 7]"
0047546.png,3,"[3, 2, 5]"
0047554.png,3,"[3, 5, 6]"
0047557.png,8,"[8, 3, 5]"
0047558.png,3,"[3, 2, 5]"
0047563.png,3,"[3, 5, 7]"
0047569.png,8,"[8, 5, 3]"
0047571.png,8,"[8, 2, 6]"
0047575.png,3,"[3, 2, 8]"
0047577.png,3,"[3, 5, 2]"
0047578.png,3,"[3, 2, 8]"
0047580.png,3,"[3, 2, 9]"
0047583.png,3,"[3, 5, 2]"
0047590.png,5,"[5, 6, 3]"
0047593.png,3,"[3, 5, 2]"
0047596.png,3,"[3, 7, 5]"
0047599.png,3,"[3, 7, 9]"
0047601.png,3,"[3, 2, 5]"
0047602.png,3,"[3, 8, 2]"
0047605.png,3,"[3, 5, 2]"
0047612.png,3,"[3, 2, 5]"
0047627.png,3,"[3, 5, 2]"
0047629.png,3,"[3, 2, 7]"
0047632.png,3,"[3, 2, 5]"
0047640.png,3,"[3, 1, 2]"
0047644.png,3,"[3, 2, 5]"
0047647.png,3,"[3, 2, 5]"
0047653.png,3,"[3, 5, 2]"
0047657.png,3,"[3, 2, 5]"
0047658.png,3,"[3, 2, 5]"
0047660.png,3,"[3, 5, 2]"
0047662.png,3,"[3, 5, 2]"
0047666.png,3,"[3, 5, 6]"
0047669.png,3,"[3, 2, 7]"
0047678.png,3,"[3, 5, 7]"
0047679.png,3,"[3, 5, 7]"
0047682.png,3,"[3, 2, 5]"
0047696.png,3,"[3, 2, 7]"
0047698.png,3,"[3, 2, 7]"
0047699.png,3,"[3, 7, 5]"
0047705.png,3,"[3, 8, 5]"
0047713.png,3,"[3, 2, 7]"
0047715.png,3,"[3, 2, 7]"
0047731.png,3,"[3, 2, 6]"
0047732.png,3,"[3, 8, 5]"
0047750.png,9,"[9, 8, 3]"
0047752.png,3,"[3, 2, 7]"
0047757.png,3,"[3, 5, 7]"
0047759.png,3,"[3, 5, 2]"
0047765.png,3,"[3, 2, 7]"
0047766.png,3,"[3, 2, 5]"
0047775.png,5,"[5, 3, 8]"
0047778.png,3,"[3, 2, 7]"
0047784.png,2,"[2, 7, 3]"
0047792.png,8,"[8, 5, 3]"
0047801.png,3,"[3, 8, 7]"
0047806.png,3,"[3, 2, 5]"
0047807.png,3,"[3, 5, 2]"
0047810.png,3,"[3, 5, 2]"
0047812.png,3,"[3, 2, 5]"
0047816.png,3,"[3, 8, 5]"
0047820.png,3,"[3, 5, 2]"
0047823.png,3,"[3, 2, 8]"
0047830.png,2,"[2, 3, 5]"
0047840.png,3,"[3, 5, 2]"
0047849.png,3,"[3, 5, 2]"
0047850.png,3,"[3, 2, 5]"
0047855.png,9,"[9, 5, 2]"
0047858.png,3,"[3, 2, 8]"
0047860.png,3,"[3, 5, 2]"
0047876.png,3,"[3, 2, 1]"
0047879.png,3,"[3, 7, 5]"
0047893.png,3,"[3, 5, 2]"
0047894.png,3,"[3, 2, 5]"
0047896.png,3,"[3, 2, 5]"
0047903.png,3,"[3, 2, 5]"
0047924.png,3,"[3, 5, 4]"
0047931.png,3,"[3, 7, 5]"
0047937.png,3,"[3, 5, 6]"
0047940.png,3,"[3, 2, 9]"
0047941.png,3,"[3, 7, 5]"
0047942.png,3,"[3, 5, 2]"
0047944.png,3,"[3, 5, 2]"
0047949.png,3,"[3, 2, 5]"
0047950.png,3,"[3, 2, 5]"
0047953.png,3,"[3, 7, 2]"
0047962.png,3,"[3, 5, 4]"
0047965.png,3,"[3, 2, 5]"
0047980.png,3,"[3, 2, 8]"
0047982.png,3,"[3, 5, 8]"
0047986.png,3,"[3, 5, 2]"
0047989.png,3,"[3, 5, 2]"
0047994.png,3,"[3, 8, 2]"
0047995.png,3,"[3, 8, 5]"
0048000.png,3,"[3, 2, 7]"
0048003.png,3,"[3, 2, 7]"
0048024.png,3,"[3, 2, 5]"
0048040.png,3,"[3, 2, 7]"
0048044.png,3,"[3, 2, 7]"
0048049.png,3,"[3, 2, 7]"
0048051.png,3,"[3, 5, 8]"
0048053.png,3,"[3, 7, 2]"
0048056.png,3,"[3, 2, 7]"
0048058.png,3,"[3, 2, 9]"
0048061.png,3,"[3, 5, 8]"
0048071.png,8,"[8, 6, 3]"
0048075.png,3,"[3, 2, 5]"
0048078.png,3,"[3, 5, 7]"
0048081.png,3,"[3, 5, 7]"
0048082.png,3,"[3, 5, 2]"
0048088.png,3,"[3, 2, 8]"
0048095.png,3,"[3, 2, 5]"
0048105.png,3,"[3, 9, 8]"
0048113.png,3,"[3, 5, 8]"
0048116.png,3,"[3, 2, 7]"
0048120.png,3,"[3, 2, 7]"
0048129.png,3,"[3, 5, 2]"
0048135.png,3,"[3, 5, 6]"
0048138.png,3,"[3, 2, 8]"
0048139.png,3,"[3, 5, 9]"
0048142.png,3,"[3, 5, 2]"
0048147.png,3,"[3, 7, 5]"
0048149.png,7,"[7, 3, 2]"
0048150.png,3,"[3, 5, 2]"
0048152.png,3,"[3, 2, 5]"
0048160.png,3,"[3, 2, 8]"
0048168.png,3,"[3, 5, 6]"
0048169.png,5,"[5, 3, 2]"
0048176.png,3,"[3, 8, 2]"
0048179.png,3,"[3, 2, 7]"
0048180.png,3,"[3, 5, 2]"
0048181.png,3,"[3, 5, 2]"
0048184.png,3,"[3, 5, 2]"
0048186.png,3,"[3, 5, 6]"
0048192.png,3,"[3, 2, 8]"
0048195.png,3,"[3, 2, 5]"
0048196.png,3,"[3, 5, 9]"
0048206.png,3,"[3, 5, 2]"
0048207.png,3,"[3, 5, 2]"
0048210.png,3,"[3, 2, 5]"
0048215.png,3,"[3, 5, 6]"
0048219.png,3,"[3, 5, 7]"
0048224.png,3,"[3, 5, 7]"
0048226.png,3,"[3, 2, 8]"
0048228.png,3,"[3, 2, 5]"
0048237.png,3,"[3, 2, 7]"
0048240.png,3,"[3, 2, 7]"
0048253.png,8,"[8, 5, 3]"
0048263.png,3,"[3, 7, 8]"
0048268.png,3,"[3, 5, 2]"
0048269.png,3,"[3, 2, 5]"
0048270.png,3,"[3, 2, 5]"
0048277.png,3,"[3, 5, 8]"
0048283.png,3,"[3, 2, 7]"
0048285.png,3,"[3, 5, 8]"
0048286.png,2,"[2, 3, 7]"
0048296.png,3,"[3, 5, 2]"
0048297.png,3,"[3, 5, 2]"
0048298.png,3,"[3, 2, 5]"
0048300.png,5,"[5, 8, 3]"
0048301.png,3,"[3, 1, 7]"
0048305.png,3,"[3, 2, 5]"
0048306.png,3,"[3, 2, 7]"
0048307.png,3,"[3, 2, 7]"
0048319.png,5,"[5, 8, 3]"
0048322.png,3,"[3, 5, 2]"
0048327.png,3,"[3, 2, 7]"
0048339.png,3,"[3, 5, 7]"
0048345.png,3,"[3, 2, 7]"
0048349.png,3,"[3, 5, 7]"
0048352.png,3,"[3, 7, 2]"
0048356.png,3,"[3, 2, 7]"
0048357.png,3,"[3, 7, 2]"
0048362.png,3,"[3, 5, 8]"
0048363.png,3,"[3, 5, 8]"
0048379.png,3,"[3, 7, 2]"
0048381.png,3,"[3, 2, 7]"
0048385.png,3,"[3, 5, 2]"
0048387.png,3,"[3, 5, 2]"
0048389.png,3,"[3, 7, 8]"
0048390.png,3,"[3, 2, 7]"
0048394.png,8,"[8, 3, 6]"
0048399.png,3,"[3, 5, 2]"
0048414.png,3,"[3, 5, 6]"
0048419.png,3,"[3, 2, 5]"
0048421.png,3,"[3, 1, 2]"
0048424.png,3,"[3, 2, 5]"
0048431.png,3,"[3, 5, 7]"
0048433.png,3,"[3, 2, 7]"
0048435.png,3,"[3, 2, 5]"
0048439.png,3,"[3, 2, 5]"
0048448.png,3,"[3, 5, 2]"
0048453.png,3,"[3, 8, 2]"
0048454.png,3,"[3, 5, 2]"
0048457.png,3,"[3, 8, 9]"
0048461.png,3,"[3, 5, 2]"
0048462.png,3,"[3, 5, 2]"
0048463.png,3,"[3, 2, 5]"
0048467.png,3,"[3, 2, 9]"
0048469.png,3,"[3, 9, 2]"
0048482.png,3,"[3, 5, 2]"
0048495.png,2,"[2, 7, 3]"
0048506.png,3,"[3, 5, 2]"
0048511.png,3,"[3, 5, 2]"
0048518.png,3,"[3, 5, 2]"
0048519.png,3,"[3, 5, 2]"
0048532.png,3,"[3, 2, 5]"
0048535.png,3,"[3, 2, 5]"
0048536.png,3,"[3, 5, 2]"
0048547.png,3,"[3, 2, 7]"
0048553.png,3,"[3, 2, 7]"
0048557.png,3,"[3, 2, 7]"
0048575.png,3,"[3, 2, 7]"
0048577.png,3,"[3, 2, 7]"
0048585.png,3,"[3, 2, 7]"
0048607.png,3,"[3, 2, 7]"
0048611.png,3,"[3, 7, 5]"
0048612.png,3,"[3, 2, 5]"
0048614.png,3,"[3, 5, 8]"
0048615.png,3,"[3, 2, 5]"
0048616.png,3,"[3, 5, 2]"
0048618.png,3,"[3, 5, 8]"
0048629.png,3,"[3, 2, 7]"
0048632.png,3,"[3, 2, 5]"
0048635.png,3,"[3, 2, 7]"
0048636.png,2,"[2, 3, 6]"
0048640.png,3,"[3, 5, 8]"
0048646.png,3,"[3, 2, 8]"
0048648.png,7,"[7, 2, 3]"
0048649.png,7,"[7, 3, 2]"
0048652.png,3,"[3, 7, 2]"
0048665.png,3,"[3, 7, 8]"
0048670.png,9,"[9, 8, 2]"
0048679.png,3,"[3, 2, 5]"
0048688.png,3,"[3, 2, 8]"
0048690.png,3,"[3, 9, 2]"
0048711.png,3,"[3, 5, 2]"
0048715.png,3,"[3, 5, 2]"
0048718.png,3,"[3, 5, 7]"
0048719.png,3,"[3, 5, 8]"
0048729.png,3,"[3, 5, 6]"
0048731.png,3,"[3, 5, 8]"
0048734.png,3,"[3, 2, 8]"
0048738.png,3,"[3, 5, 2]"
0048744.png,3,"[3, 5, 8]"
0048750.png,3,"[3, 2, 5]"
0048751.png,3,"[3, 5, 2]"
0048754.png,0,"[0, 8, 6]"
0048757.png,3,"[3, 2, 7]"
0048762.png,3,"[3, 5, 6]"
0048764.png,3,"[3, 2, 5]"
0048767.png,3,"[3, 5, 2]"
0048774.png,3,"[3, 5, 8]"
0048776.png,3,"[3, 2, 5]"
0048777.png,3,"[3, 2, 5]"
0048788.png,3,"[3, 5, 2]"
0048791.png,3,"[3, 2, 5]"
0048792.png,3,"[3, 5, 2]"
0048797.png,3,"[3, 2, 5]"
0048809.png,3,"[3, 5, 2]"
0048815.png,3,"[3, 7, 2]"
0048818.png,3,"[3, 5, 2]"
0048823.png,3,"[3, 5, 7]"
0048827.png,3,"[3, 2, 7]"
0048832.png,3,"[3, 2, 8]"
0048833.png,3,"[3, 5, 2]"
0048834.png,3,"[3, 5, 2]"
0048843.png,3,"[3, 2, 5]"
0048845.png,3,"[3, 7, 2]"
0048847.png,3,"[3, 8, 5]"
0048859.png,3,"[3, 8, 6]"
0048871.png,3,"[3, 2, 5]"
0048872.png,3,"[3, 2, 5]"
0048873.png,3,"[3, 5, 2]"
0048884.png,3,"[3, 2, 7]"
0048900.png,3,"[3, 2, 5]"
0048901.png,3,"[3, 2, 7]"
0048902.png,3,"[3, 5, 9]"
0048903.png,5,"[5, 3, 8]"
0048905.png,3,"[3, 7, 2]"
0048909.png,5,"[5, 3, 2]"
0048917.png,3,"[3, 8, 5]"
0048921.png,3,"[3, 5, 7]"
0048922.png,3,"[3, 5, 2]"
0048923.png,3,"[3, 2, 5]"
0048928.png,3,"[3, 2, 8]"
0048932.png,3,"[3, 2, 5]"
0048934.png,3,"[3, 5, 2]"
0048937.png,3,"[3, 5, 2]"
0048942.png,3,"[3, 5, 2]"
0048945.png,3,"[3, 5, 8]"
0048947.png,3,"[3, 5, 2]"
0048948.png,5,"[5, 8, 6]"
0048949.png,5,"[5, 3, 8]"
0048954.png,3,"[3, 5, 2]"
0048956.png,3,"[3, 6, 8]"
0048965.png,3,"[3, 2, 7]"
0048974.png,3,"[3, 5, 4]"
0048975.png,3,"[3, 5, 2]"
0048987.png,3,"[3, 5, 8]"
0048991.png,3,"[3, 5, 2]"
0048992.png,3,"[3, 2, 5]"
0048995.png,3,"[3, 2, 5]"
0048998.png,3,"[3, 5, 2]"
0048999.png,3,"[3, 2, 5]"
0049001.png,3,"[3, 5, 7]"
0049008.png,3,"[3, 2, 5]"
0049012.png,3,"[3, 2, 7]"
0049020.png,3,"[3, 2, 5]"
0049021.png,3,"[3, 5, 2]"
0049028.png,3,"[3, 5, 2]"
0049038.png,3,"[3, 5, 4]"
0049046.png,3,"[3, 2, 9]"
0049056.png,3,"[3, 2, 8]"
0049058.png,3,"[3, 8, 2]"
0049059.png,3,"[3, 2, 7]"
0049060.png,3,"[3, 2, 5]"
0049064.png,3,"[3, 5, 4]"
0049070.png,3,"[3, 5, 8]"
0049079.png,3,"[3, 5, 2]"
0049081.png,2,"[2, 3, 7]"
0049084.png,3,"[3, 9, 6]"
0049085.png,3,"[3, 6, 9]"
0049089.png,3,"[3, 2, 5]"
0049095.png,3,"[3, 5, 2]"
0049097.png,3,"[3, 5, 2]"
0049100.png,3,"[3, 2, 5]"
0049107.png,3,"[3, 9, 8]"
0049125.png,3,"[3, 2, 5]"
0049126.png,3,"[3, 8, 9]"
0049127.png,3,"[3, 2, 7]"
0049128.png,3,"[3, 5, 7]"
0049129.png,3,"[3, 2, 7]"
0049134.png,3,"[3, 2, 8]"
0049138.png,3,"[3, 2, 5]"
0049140.png,3,"[3, 2, 9]"
0049146.png,8,"[8, 3, 9]"
0049150.png,3,"[3, 2, 5]"
0049152.png,5,"[5, 3, 2]"
0049157.png,3,"[3, 5, 2]"
0049162.png,3,"[3, 5, 8]"
0049164.png,3,"[3, 2, 5]"
0049165.png,3,"[3, 2, 5]"
0049167.png,2,"[2, 3, 8]"
0049169.png,3,"[3, 2, 7]"
0049170.png,3,"[3, 5, 6]"
0049171.png,3,"[3, 5, 7]"
0049174.png,3,"[3, 2, 5]"
0049177.png,3,"[3, 7, 1]"
0049178.png,3,"[3, 5, 2]"
0049182.png,3,"[3, 5, 2]"
0049188.png,2,"[2, 3, 9]"
0049193.png,0,"[0, 8, 3]"
0049198.png,3,"[3, 5, 2]"
0049213.png,3,"[3, 2, 5]"
0049220.png,3,"[3, 5, 9]"
0049224.png,3,"[3, 2, 7]"
0049225.png,3,"[3, 5, 8]"
0049226.png,3,"[3, 2, 5]"
0049236.png,5,"[5, 3, 8]"
0049240.png,3,"[3, 2, 5]"
0049246.png,3,"[3, 2, 7]"
0049254.png,3,"[3, 5, 2]"
0049259.png,3,"[3, 2, 5]"
0049261.png,3,"[3, 5, 8]"
0049267.png,3,"[3, 7, 9]"
0049271.png,3,"[3, 7, 5]"
0049272.png,3,"[3, 5, 8]"
0049274.png,3,"[3, 2, 9]"
0049278.png,3,"[3, 5, 7]"
0049280.png,3,"[3, 2, 5]"
0049283.png,3,"[3, 5, 2]"
0049302.png,3,"[3, 5, 8]"
0049309.png,3,"[3, 5, 2]"
0049310.png,3,"[3, 8, 7]"
0049315.png,3,"[3, 5, 2]"
0049326.png,3,"[3, 5, 4]"
0049327.png,3,"[3, 5, 2]"
0049329.png,3,"[3, 2, 7]"
0049332.png,3,"[3, 2, 5]"
0049335.png,3,"[3, 8, 2]"
0049339.png,3,"[3, 5, 7]"
0049343.png,3,"[3, 7, 5]"
0049357.png,3,"[3, 2, 5]"
0049360.png,3,"[3, 2, 1]"
0049366.png,3,"[3, 5, 8]"
0049368.png,3,"[3, 5, 1]"
0049376.png,3,"[3, 5, 8]"
0049387.png,3,"[3, 5, 7]"
0049389.png,3,"[3, 2, 5]"
0049397.png,3,"[3, 2, 6]"
0049400.png,3,"[3, 2, 5]"
0049413.png,3,"[3, 2, 7]"
0049417.png,3,"[3, 5, 2]"
0049422.png,3,"[3, 2, 7]"
0049425.png,3,"[3, 7, 2]"
0049427.png,3,"[3, 5, 2]"
0049430.png,3,"[3, 8, 9]"
0049441.png,3,"[3, 2, 8]"
0049463.png,3,"[3, 8, 2]"
0049465.png,3,"[3, 7, 5]"
0049466.png,3,"[3, 2, 5]"
0049469.png,3,"[3, 2, 5]"
0049474.png,3,"[3, 2, 7]"
0049478.png,3,"[3, 5, 2]"
0049493.png,6,"[6, 3, 2]"
0049494.png,3,"[3, 2, 5]"
0049508.png,3,"[3, 5, 2]"
0049516.png,3,"[3, 2, 7]"
0049517.png,3,"[3, 5, 2]"
0049520.png,3,"[3, 5, 6]"
0049540.png,3,"[3, 2, 5]"
0049542.png,3,"[3, 2, 5]"
0049545.png,3,"[3, 2, 7]"
0049546.png,3,"[3, 2, 5]"
0049547.png,3,"[3, 5, 7]"
0049548.png,3,"[3, 5, 2]"
0049554.png,3,"[3, 2, 5]"
0049555.png,3,"[3, 7, 2]"
0049556.png,3,"[3, 2, 7]"
0049557.png,3,"[3, 2, 5]"
0049559.png,3,"[3, 7, 1]"
0049560.png,3,"[3, 5, 6]"
0049562.png,3,"[3, 2, 7]"
0049574.png,3,"[3, 5, 2]"
0049575.png,3,"[3, 5, 2]"
0049576.png,3,"[3, 5, 2]"
0049582.png,3,"[3, 2, 5]"
0049585.png,3,"[3, 2, 5]"
0049586.png,5,"[5, 2, 3]"
0049589.png,3,"[3, 5, 2]"
0049590.png,3,"[3, 2, 5]"
0049593.png,3,"[3, 5, 2]"
0049602.png,3,"[3, 5, 2]"
0049605.png,3,"[3, 2, 5]"
0049607.png,3,"[3, 5, 2]"
0049609.png,3,"[3, 2, 5]"
0049613.png,3,"[3, 2, 5]"
0049628.png,3,"[3, 8, 2]"
0049629.png,3,"[3, 8, 2]"
0049632.png,3,"[3, 5, 2]"
0049634.png,3,"[3, 2, 8]"
0049660.png,3,"[3, 2, 5]"
0049678.png,2,"[2, 3, 7]"
0049679.png,3,"[3, 5, 2]"
0049682.png,3,"[3, 0, 6]"
0049688.png,3,"[3, 5, 4]"
0049708.png,3,"[3, 2, 5]"
0049712.png,3,"[3, 5, 9]"
0049715.png,3,"[3, 5, 2]"
0049717.png,3,"[3, 2, 7]"
0049729.png,7,"[7, 2, 3]"
0049735.png,3,"[3, 5, 8]"
0049741.png,3,"[3, 2, 5]"
0049744.png,3,"[3, 2, 5]"
0049746.png,3,"[3, 2, 6]"
0049751.png,3,"[3, 8, 2]"
0049768.png,3,"[3, 7, 2]"
0049772.png,3,"[3, 2, 7]"
0049776.png,3,"[3, 5, 2]"
0049777.png,3,"[3, 5, 2]"
0049779.png,7,"[7, 3, 4]"
0049786.png,3,"[3, 9, 6]"
0049788.png,3,"[3, 1, 5]"
0049790.png,3,"[3, 5, 2]"
0049812.png,3,"[3, 2, 5]"
0049843.png,3,"[3, 2, 5]"
0049848.png,3,"[3, 8, 5]"
0049849.png,3,"[3, 8, 5]"
0049862.png,3,"[3, 5, 2]"
0049864.png,3,"[3, 8, 4]"
0049866.png,3,"[3, 2, 5]"
0049870.png,3,"[3, 5, 4]"
0049875.png,8,"[8, 3, 9]"
0049876.png,3,"[3, 2, 5]"
0049881.png,3,"[3, 5, 7]"
0049887.png,3,"[3, 2, 5]"
0049892.png,3,"[3, 5, 2]"
0049894.png,3,"[3, 5, 2]"
0049906.png,3,"[3, 2, 5]"
0049908.png,3,"[3, 2, 5]"
0049916.png,3,"[3, 5, 2]"
0049926.png,3,"[3, 2, 5]"
0049932.png,3,"[3, 8, 2]"
0049935.png,3,"[3, 9, 5]"
0049939.png,3,"[3, 5, 2]"
0049942.png,3,"[3, 5, 2]"
0049944.png,3,"[3, 5, 2]"
0049957.png,3,"[3, 5, 2]"
0049965.png,3,"[3, 7, 8]"
0049977.png,3,"[3, 5, 2]"
0049978.png,3,"[3, 5, 4]"
0049981.png,3,"[3, 5, 7]"
0049989.png,3,"[3, 8, 0]"
0049992.png,3,"[3, 2, 7]"
0049994.png,3,"[3, 2, 8]"
0050001.png,3,"[3, 2, 7]"
0050002.png,3,"[3, 5, 6]"
0050013.png,3,"[3, 2, 8]"
0050015.png,3,"[3, 2, 7]"
0050016.png,3,"[3, 5, 7]"
0050019.png,3,"[3, 5, 7]"
0050023.png,3,"[3, 2, 5]"
0050029.png,3,"[3, 7, 2]"
0050032.png,3,"[3, 5, 2]"
0050037.png,3,"[3, 7, 9]"
0050047.png,3,"[3, 2, 5]"
0050059.png,3,"[3, 2, 5]"
0050064.png,3,"[3, 2, 9]"
0050066.png,3,"[3, 8, 2]"
0050071.png,3,"[3, 2, 8]"
0050075.png,3,"[3, 2, 5]"
0050078.png,2,"[2, 3, 8]"
0050080.png,3,"[3, 8, 9]"
0050084.png,3,"[3, 2, 7]"
0050091.png,3,"[3, 5, 2]"
0050098.png,3,"[3, 7, 2]"
0050110.png,3,"[3, 5, 2]"
0050117.png,3,"[3, 2, 7]"
0050123.png,9,"[9, 6, 3]"
0050124.png,3,"[3, 5, 2]"
0050125.png,3,"[3, 5, 7]"
0050134.png,3,"[3, 5, 2]"
0050144.png,3,"[3, 2, 9]"
0050146.png,3,"[3, 5, 2]"
0050151.png,3,"[3, 2, 9]"
0050153.png,3,"[3, 6, 5]"
0050159.png,3,"[3, 5, 8]"
0050169.png,3,"[3, 5, 6]"
0050170.png,3,"[3, 5, 7]"
0050174.png,3,"[3, 7, 9]"
0050182.png,3,"[3, 5, 7]"
0050184.png,5,"[5, 3, 6]"
0050192.png,3,"[3, 2, 7]"
0050199.png,3,"[3, 8, 7]"
0050210.png,2,"[2, 3, 7]"
0050211.png,2,"[2, 3, 7]"
0050216.png,3,"[3, 2, 8]"
0050218.png,3,"[3, 6, 9]"
0050219.png,3,"[3, 9, 5]"
0050227.png,3,"[3, 2, 5]"
0050229.png,3,"[3, 2, 5]"
0050230.png,5,"[5, 3, 6]"
0050234.png,3,"[3, 2, 7]"
0050236.png,3,"[3, 2, 5]"
0050237.png,3,"[3, 2, 5]"
0050238.png,3,"[3, 2, 7]"
0050246.png,3,"[3, 2, 7]"
0050255.png,3,"[3, 6, 5]"
0050263.png,3,"[3, 1, 2]"
0050264.png,3,"[3, 2, 5]"
0050266.png,3,"[3, 5, 4]"
0050273.png,3,"[3, 8, 5]"
0050292.png,3,"[3, 5, 7]"
0050295.png,3,"[3, 5, 9]"
0050299.png,3,"[3, 8, 5]"
0050312.png,3,"[3, 2, 5]"
0050313.png,3,"[3, 2, 5]"
0050315.png,3,"[3, 2, 5]"
0050320.png,3,"[3, 5, 2]"
0050323.png,3,"[3, 5, 2]"
0050326.png,3,"[3, 2, 5]"
0050328.png,3,"[3, 2, 5]"
0050338.png,3,"[3, 8, 6]"
0050342.png,3,"[3, 5, 2]"
0050343.png,3,"[3, 5, 6]"
0050354.png,3,"[3, 5, 2]"
0050355.png,3,"[3, 5, 2]"
0050356.png,3,"[3, 8, 9]"
0050361.png,3,"[3, 5, 2]"
0050365.png,3,"[3, 5, 2]"
0050367.png,3,"[3, 5, 2]"
0050369.png,3,"[3, 6, 5]"
0050382.png,3,"[3, 8, 9]"
0050383.png,8,"[8, 3, 9]"
0050385.png,8,"[8, 3, 6]"
0050389.png,3,"[3, 2, 7]"
0050394.png,3,"[3, 5, 2]"
0050418.png,3,"[3, 5, 8]"
0050424.png,3,"[3, 8, 9]"
0050430.png,3,"[3, 2, 5]"
0050431.png,3,"[3, 2, 8]"
0050438.png,3,"[3, 5, 2]"
0050441.png,3,"[3, 2, 8]"
0050444.png,3,"[3, 2, 8]"
0050447.png,3,"[3, 5, 9]"
0050458.png,3,"[3, 5, 2]"
0050465.png,3,"[3, 5, 2]"
0050474.png,3,"[3, 2, 8]"
0050488.png,6,"[6, 9, 3]"
0050491.png,3,"[3, 8, 5]"
0050495.png,3,"[3, 5, 2]"
0050497.png,3,"[3, 2, 8]"
0050503.png,3,"[3, 8, 2]"
0050504.png,3,"[3, 2, 5]"
0050508.png,3,"[3, 5, 2]"
0050512.png,3,"[3, 2, 5]"
0050520.png,3,"[3, 8, 6]"
0050524.png,3,"[3, 2, 8]"
0050531.png,3,"[3, 8, 5]"
0050547.png,3,"[3, 2, 7]"
0050550.png,3,"[3, 5, 2]"
0050557.png,3,"[3, 2, 5]"
0050558.png,3,"[3, 2, 5]"
0050573.png,3,"[3, 2, 7]"
0050577.png,3,"[3, 8, 6]"
0050583.png,3,"[3, 7, 8]"
0050594.png,3,"[3, 2, 7]"
0050596.png,3,"[3, 5, 2]"
0050600.png,3,"[3, 2, 5]"
0050606.png,3,"[3, 5, 2]"
0050610.png,3,"[3, 6, 8]"
0050617.png,3,"[3, 5, 2]"
0050619.png,3,"[3, 8, 5]"
0050621.png,3,"[3, 2, 5]"
0050624.png,3,"[3, 5, 6]"
0050625.png,3,"[3, 2, 5]"
0050632.png,3,"[3, 5, 6]"
0050644.png,3,"[3, 4, 2]"
0050659.png,3,"[3, 2, 5]"
0050660.png,3,"[3, 4, 2]"
0050668.png,3,"[3, 2, 7]"
0050674.png,3,"[3, 5, 8]"
0050675.png,3,"[3, 7, 8]"
0050679.png,3,"[3, 2, 5]"
0050694.png,3,"[3, 5, 2]"
0050698.png,3,"[3, 2, 7]"
0050701.png,3,"[3, 5, 2]"
0050703.png,3,"[3, 5, 2]"
0050704.png,3,"[3, 2, 8]"
0050709.png,3,"[3, 4, 7]"
0050717.png,3,"[3, 2, 5]"
0050722.png,3,"[3, 8, 2]"
0050724.png,3,"[3, 5, 7]"
0050733.png,5,"[5, 3, 8]"
0050741.png,3,"[3, 7, 2]"
0050742.png,3,"[3, 2, 7]"
0050744.png,3,"[3, 2, 8]"
0050772.png,3,"[3, 2, 7]"
0050773.png,3,"[3, 5, 2]"
0050775.png,3,"[3, 2, 7]"
0050779.png,3,"[3, 2, 5]"
0050789.png,3,"[3, 7, 2]"
0050790.png,3,"[3, 5, 8]"
0050796.png,3,"[3, 5, 2]"
0050797.png,3,"[3, 5, 1]"
0050821.png,3,"[3, 5, 7]"
0050827.png,3,"[3, 2, 5]"
0050846.png,3,"[3, 2, 5]"
0050850.png,3,"[3, 2, 8]"
0050851.png,3,"[3, 2, 8]"
0050858.png,3,"[3, 2, 8]"
0050860.png,3,"[3, 5, 2]"
0050863.png,3,"[3, 8, 2]"
0050866.png,3,"[3, 2, 5]"
0050867.png,3,"[3, 9, 5]"
0050879.png,3,"[3, 5, 2]"
0050883.png,3,"[3, 8, 6]"
0050885.png,3,"[3, 2, 5]"
0050892.png,3,"[3, 5, 2]"
0050895.png,3,"[3, 2, 8]"
0050904.png,3,"[3, 5, 2]"
0050908.png,5,"[5, 3, 6]"
0050909.png,2,"[2, 3, 5]"
0050910.png,3,"[3, 5, 4]"
0050913.png,3,"[3, 2, 8]"
0050919.png,3,"[3, 7, 5]"
0050924.png,3,"[3, 5, 2]"
0050930.png,3,"[3, 5, 2]"
0050933.png,3,"[3, 8, 5]"
0050947.png,3,"[3, 5, 2]"
0050950.png,3,"[3, 9, 8]"
0050954.png,5,"[5, 3, 8]"
0050957.png,3,"[3, 5, 7]"
0050960.png,3,"[3, 7, 2]"
0050966.png,3,"[3, 7, 5]"
0050968.png,3,"[3, 2, 8]"
0050972.png,3,"[3, 5, 8]"
0050974.png,9,"[9, 2, 8]"
0050977.png,3,"[3, 5, 2]"
0050982.png,3,"[3, 8, 5]"
0051000.png,3,"[3, 8, 2]"
0051002.png,3,"[3, 5, 7]"
0051017.png,3,"[3, 2, 5]"
0051022.png,3,"[3, 5, 2]"
0051024.png,3,"[3, 5, 4]"
0051025.png,3,"[3, 5, 2]"
0051027.png,3,"[3, 7, 5]"
0051043.png,3,"[3, 2, 7]"
0051048.png,3,"[3, 2, 5]"
0051050.png,3,"[3, 8, 2]"
0051055.png,3,"[3, 5, 9]"
0051060.png,6,"[6, 3, 0]"
0051077.png,3,"[3, 5, 2]"
0051082.png,3,"[3, 2, 8]"
0051084.png,3,"[3, 2, 5]"
0051085.png,3,"[3, 2, 5]"
0051096.png,3,"[3, 2, 8]"
0051097.png,3,"[3, 2, 5]"
0051102.png,2,"[2, 3, 8]"
0051107.png,3,"[3, 8, 5]"
0051108.png,3,"[3, 2, 7]"
0051118.png,3,"[3, 7, 1]"
0051119.png,3,"[3, 1, 5]"
0051122.png,3,"[3, 2, 5]"
0051134.png,3,"[3, 2, 6]"
0051149.png,3,"[3, 7, 2]"
0051150.png,3,"[3, 5, 2]"
0051157.png,3,"[3, 2, 7]"
0051160.png,3,"[3, 2, 1]"
0051163.png,3,"[3, 2, 8]"
0051165.png,3,"[3, 5, 2]"
0051168.png,3,"[3, 2, 5]"
0051171.png,3,"[3, 2, 5]"
0051173.png,3,"[3, 5, 7]"
0051186.png,3,"[3, 2, 7]"
0051191.png,3,"[3, 2, 7]"
0051192.png,3,"[3, 2, 8]"
0051195.png,3,"[3, 2, 7]"
0051197.png,3,"[3, 2, 7]"
0051198.png,3,"[3, 5, 7]"
0051203.png,3,"[3, 5, 2]"
0051206.png,3,"[3, 8, 2]"
0051210.png,3,"[3, 2, 8]"
0051214.png,3,"[3, 2, 5]"
0051220.png,3,"[3, 2, 5]"
0051227.png,3,"[3, 5, 7]"
0051228.png,3,"[3, 5, 8]"
0051236.png,3,"[3, 2, 5]"
0051245.png,3,"[3, 2, 5]"
0051246.png,0,"[0, 6, 3]"
0051247.png,3,"[3, 6, 5]"
0051251.png,3,"[3, 5, 2]"
0051259.png,4,"[4, 7, 9]"
0051262.png,4,"[4, 1, 7]"
0051267.png,4,"[4, 9, 6]"
0051281.png,4,"[4, 7, 9]"
0051288.png,4,"[4, 7, 2]"
0051296.png,4,"[4, 7, 9]"
0051297.png,4,"[4, 7, 9]"
0051307.png,4,"[4, 1, 7]"
0051308.png,4,"[4, 8, 6]"
0051309.png,6,"[6, 5, 4]"
0051313.png,4,"[4, 6, 7]"
0051316.png,4,"[4, 6, 8]"
0051320.png,4,"[4, 7, 8]"
0051321.png,4,"[4, 7, 9]"
0051323.png,4,"[4, 7, 9]"
0051327.png,4,"[4, 7, 6]"
0051330.png,4,"[4, 6, 9]"
0051333.png,4,"[4, 7, 9]"
0051337.png,4,"[4, 9, 7]"
0051339.png,4,"[4, 7, 9]"
0051356.png,4,"[4, 7, 9]"
0051367.png,4,"[4, 9, 6]"
0051370.png,4,"[4, 7, 8]"
0051373.png,4,"[4, 7, 2]"
0051390.png,4,"[4, 7, 1]"
0051393.png,4,"[4, 7, 9]"
0051394.png,4,"[4, 7, 1]"
0051398.png,4,"[4, 7, 1]"
0051403.png,4,"[4, 7, 8]"
0051404.png,4,"[4, 7, 8]"
0051409.png,4,"[4, 7, 9]"
0051413.png,4,"[4, 7, 9]"
0051425.png,4,"[4, 2, 7]"
0051426.png,4,"[4, 7, 9]"
0051428.png,1,"[1, 4, 6]"
0051436.png,4,"[4, 7, 1]"
0051449.png,4,"[4, 7, 9]"
0051450.png,4,"[4, 7, 9]"
0051452.png,4,"[4, 6, 2]"
0051455.png,4,"[4, 7, 9]"
0051458.png,4,"[4, 7, 8]"
0051459.png,4,"[4, 7, 1]"
0051491.png,4,"[4, 6, 7]"
0051492.png,4,"[4, 7, 6]"
0051493.png,4,"[4, 7, 9]"
0051494.png,4,"[4, 6, 2]"
0051497.png,4,"[4, 7, 9]"
0051509.png,4,"[4, 7, 1]"
0051510.png,4,"[4, 7, 9]"
0051513.png,4,"[4, 7, 1]"
0051517.png,4,"[4, 7, 9]"
0051519.png,4,"[4, 9, 6]"
0051526.png,4,"[4, 6, 2]"
0051527.png,4,"[4, 9, 6]"
0051536.png,4,"[4, 7, 9]"
0051537.png,4,"[4, 9, 7]"
0051538.png,4,"[4, 7, 6]"
0051539.png,4,"[4, 9, 7]"
0051545.png,4,"[4, 7, 9]"
0051550.png,4,"[4, 7, 9]"
0051555.png,4,"[4, 7, 9]"
0051559.png,9,"[9, 4, 6]"
0051560.png,4,"[4, 7, 9]"
0051563.png,4,"[4, 7, 1]"
0051565.png,4,"[4, 6, 7]"
0051566.png,4,"[4, 8, 6]"
0051568.png,4,"[4, 7, 9]"
0051580.png,4,"[4, 7, 8]"
0051585.png,4,"[4, 7, 9]"
0051586.png,4,"[4, 7, 9]"
0051597.png,4,"[4, 6, 7]"
0051602.png,4,"[4, 2, 7]"
0051604.png,4,"[4, 7, 6]"
0051606.png,4,"[4, 1, 9]"
0051610.png,4,"[4, 2, 6]"
0051622.png,4,"[4, 1, 7]"
0051634.png,4,"[4, 7, 2]"
0051643.png,4,"[4, 7, 6]"
0051647.png,4,"[4, 7, 2]"
0051648.png,4,"[4, 7, 8]"
0051649.png,4,"[4, 9, 7]"
0051669.png,4,"[4, 2, 7]"
0051670.png,4,"[4, 5, 7]"
0051672.png,4,"[4, 6, 7]"
0051675.png,4,"[4, 7, 8]"
0051683.png,4,"[4, 7, 9]"
0051688.png,4,"[4, 7, 8]"
0051700.png,4,"[4, 7, 1]"
0051706.png,4,"[4, 7, 6]"
0051711.png,4,"[4, 8, 6]"
0051716.png,4,"[4, 2, 6]"
0051721.png,4,"[4, 7, 9]"
0051726.png,4,"[4, 7, 5]"
0051731.png,4,"[4, 7, 1]"
0051747.png,4,"[4, 7, 9]"
0051751.png,4,"[4, 7, 8]"
0051756.png,4,"[4, 8, 6]"
0051757.png,4,"[4, 1, 7]"
0051761.png,4,"[4, 6, 9]"
0051771.png,4,"[4, 7, 6]"
0051772.png,4,"[4, 7, 9]"
0051774.png,4,"[4, 7, 6]"
0051775.png,4,"[4, 6, 7]"
0051783.png,4,"[4, 7, 1]"
0051784.png,4,"[4, 7, 9]"
0051788.png,4,"[4, 6, 9]"
0051789.png,4,"[4, 7, 9]"
0051792.png,4,"[4, 8, 3]"
0051802.png,4,"[4, 1, 7]"
0051805.png,4,"[4, 6, 9]"
0051806.png,4,"[4, 5, 6]"
0051807.png,4,"[4, 7, 2]"
0051809.png,4,"[4, 9, 7]"
0051825.png,4,"[4, 6, 9]"
0051827.png,4,"[4, 6, 9]"
0051828.png,4,"[4, 8, 3]"
0051829.png,4,"[4, 7, 9]"
0051831.png,4,"[4, 7, 3]"
0051832.png,4,"[4, 7, 3]"
0051837.png,4,"[4, 7, 9]"
0051838.png,4,"[4, 3, 8]"
0051840.png,4,"[4, 6, 7]"
0051841.png,4,"[4, 7, 9]"
0051851.png,4,"[4, 7, 9]"
0051861.png,4,"[4, 7, 6]"
0051862.png,4,"[4, 7, 9]"
0051864.png,4,"[4, 6, 9]"
0051867.png,4,"[4, 7, 1]"
0051873.png,4,"[4, 7, 9]"
0051874.png,4,"[4, 8, 7]"
0051883.png,4,"[4, 7, 8]"
0051884.png,4,"[4, 7, 8]"
0051885.png,4,"[4, 7, 9]"
0051890.png,4,"[4, 5, 8]"
0051912.png,9,"[9, 7, 4]"
0051914.png,4,"[4, 7, 6]"
0051921.png,4,"[4, 7, 8]"
0051924.png,4,"[4, 7, 6]"
0051928.png,4,"[4, 7, 9]"
0051935.png,4,"[4, 7, 9]"
0051938.png,4,"[4, 6, 5]"
0051942.png,4,"[4, 6, 7]"
0051943.png,4,"[4, 7, 2]"
0051946.png,4,"[4, 7, 5]"
0051947.png,4,"[4, 7, 2]"
0051949.png,4,"[4, 9, 7]"
0051958.png,4,"[4, 2, 6]"
0051959.png,4,"[4, 6, 7]"
0051961.png,4,"[4, 9, 5]"
0051965.png,4,"[4, 7, 1]"
0051966.png,4,"[4, 6, 7]"
0051987.png,4,"[4, 9, 6]"
0051994.png,4,"[4, 7, 2]"
0051999.png,4,"[4, 6, 7]"
0052000.png,4,"[4, 8, 7]"
0052003.png,4,"[4, 7, 9]"
0052010.png,4,"[4, 9, 2]"
0052011.png,4,"[4, 9, 6]"
0052014.png,4,"[4, 7, 9]"
0052017.png,4,"[4, 9, 7]"
0052018.png,4,"[4, 7, 9]"
0052021.png,4,"[4, 7, 9]"
0052022.png,4,"[4, 7, 6]"
0052026.png,4,"[4, 7, 8]"
0052027.png,4,"[4, 7, 1]"
0052031.png,4,"[4, 6, 8]"
0052036.png,4,"[4, 7, 6]"
0052038.png,4,"[4, 7, 8]"
0052041.png,4,"[4, 6, 9]"
0052045.png,4,"[4, 7, 9]"
0052054.png,4,"[4, 6, 8]"
0052059.png,4,"[4, 7, 9]"
0052060.png,4,"[4, 9, 8]"
0052067.png,4,"[4, 7, 1]"
0052073.png,4,"[4, 7, 1]"
0052079.png,4,"[4, 7, 9]"
0052082.png,4,"[4, 2, 8]"
0052086.png,4,"[4, 7, 1]"
0052090.png,4,"[4, 9, 6]"
0052097.png,4,"[4, 7, 1]"
0052098.png,4,"[4, 7, 5]"
0052099.png,4,"[4, 7, 9]"
0052103.png,4,"[4, 9, 8]"
0052113.png,4,"[4, 1, 7]"
0052116.png,4,"[4, 1, 2]"
0052117.png,4,"[4, 7, 0]"
0052121.png,4,"[4, 7, 1]"
0052125.png,4,"[4, 7, 1]"
0052132.png,4,"[4, 6, 7]"
0052133.png,4,"[4, 1, 7]"
0052135.png,4,"[4, 1, 6]"
0052139.png,4,"[4, 9, 7]"
0052143.png,4,"[4, 2, 5]"
0052146.png,4,"[4, 9, 7]"
0052152.png,4,"[4, 6, 9]"
0052156.png,4,"[4, 8, 7]"
0052159.png,4,"[4, 7, 9]"
0052170.png,4,"[4, 5, 7]"
0052176.png,4,"[4, 7, 8]"
0052177.png,4,"[4, 7, 9]"
0052186.png,4,"[4, 1, 7]"
0052187.png,4,"[4, 9, 1]"
0052189.png,4,"[4, 7, 1]"
0052193.png,2,"[2, 6, 4]"
0052194.png,4,"[4, 7, 9]"
0052198.png,4,"[4, 7, 9]"
0052199.png,4,"[4, 2, 7]"
0052205.png,4,"[4, 6, 9]"
0052216.png,4,"[4, 7, 1]"
0052220.png,4,"[4, 9, 2]"
0052222.png,4,"[4, 8, 7]"
0052227.png,4,"[4, 6, 7]"
0052234.png,4,"[4, 9, 6]"
0052236.png,4,"[4, 7, 6]"
0052240.png,4,"[4, 7, 8]"
0052242.png,6,"[6, 2, 7]"
0052243.png,6,"[6, 2, 7]"
0052244.png,4,"[4, 7, 2]"
0052245.png,4,"[4, 7, 8]"
0052252.png,6,"[6, 4, 5]"
0052261.png,4,"[4, 7, 9]"
0052268.png,4,"[4, 7, 8]"
0052269.png,4,"[4, 8, 7]"
0052272.png,4,"[4, 1, 7]"
0052281.png,7,"[7, 4, 1]"
0052287.png,4,"[4, 8, 6]"
0052289.png,4,"[4, 9, 7]"
0052292.png,4,"[4, 7, 6]"
0052297.png,4,"[4, 7, 8]"
0052317.png,4,"[4, 9, 7]"
0052319.png,4,"[4, 7, 9]"
0052322.png,4,"[4, 7, 9]"
0052329.png,4,"[4, 7, 1]"
0052336.png,4,"[4, 7, 3]"
0052344.png,4,"[4, 7, 5]"
0052349.png,4,"[4, 1, 7]"
0052350.png,4,"[4, 3, 7]"
0052358.png,4,"[4, 7, 8]"
0052360.png,4,"[4, 7, 9]"
0052372.png,4,"[4, 7, 8]"
0052381.png,4,"[4, 7, 9]"
0052382.png,4,"[4, 7, 5]"
0052390.png,4,"[4, 9, 7]"
0052392.png,4,"[4, 2, 9]"
0052393.png,4,"[4, 2, 7]"
0052399.png,4,"[4, 7, 9]"
0052414.png,4,"[4, 7, 6]"
0052422.png,4,"[4, 6, 9]"
0052423.png,4,"[4, 1, 7]"
0052428.png,4,"[4, 6, 2]"
0052429.png,4,"[4, 6, 7]"
0052430.png,4,"[4, 7, 6]"
0052431.png,4,"[4, 9, 7]"
0052438.png,4,"[4, 2, 6]"
0052442.png,4,"[4, 2, 6]"
0052443.png,4,"[4, 7, 2]"
0052444.png,4,"[4, 7, 9]"
0052466.png,4,"[4, 5, 6]"
0052469.png,4,"[4, 9, 6]"
0052478.png,4,"[4, 7, 6]"
0052480.png,4,"[4, 7, 8]"
0052484.png,4,"[4, 9, 6]"
0052491.png,4,"[4, 9, 7]"
0052495.png,4,"[4, 7, 2]"
0052500.png,4,"[4, 7, 8]"
0052504.png,2,"[2, 4, 7]"
0052506.png,4,"[4, 7, 5]"
0052508.png,4,"[4, 7, 9]"
0052509.png,4,"[4, 7, 8]"
0052512.png,4,"[4, 7, 9]"
0052519.png,4,"[4, 7, 8]"
0052541.png,4,"[4, 9, 7]"
0052543.png,4,"[4, 7, 1]"
0052548.png,4,"[4, 7, 9]"
0052567.png,4,"[4, 7, 8]"
0052568.png,4,"[4, 7, 8]"
0052571.png,4,"[4, 7, 8]"
0052574.png,4,"[4, 9, 8]"
0052576.png,4,"[4, 7, 6]"
0052577.png,4,"[4, 7, 1]"
0052578.png,4,"[4, 7, 8]"
0052579.png,4,"[4, 7, 5]"
0052581.png,4,"[4, 7, 9]"
0052586.png,4,"[4, 7, 9]"
0052592.png,4,"[4, 7, 9]"
0052600.png,5,"[5, 4, 6]"
0052605.png,4,"[4, 9, 7]"
0052607.png,4,"[4, 9, 6]"
0052612.png,4,"[4, 6, 7]"
0052614.png,4,"[4, 7, 9]"
0052621.png,4,"[4, 7, 1]"
0052622.png,4,"[4, 7, 6]"
0052627.png,4,"[4, 7, 5]"
0052633.png,4,"[4, 7, 9]"
0052638.png,4,"[4, 8, 6]"
0052642.png,4,"[4, 9, 6]"
0052648.png,4,"[4, 7, 9]"
0052650.png,4,"[4, 7, 6]"
0052654.png,4,"[4, 7, 5]"
0052658.png,4,"[4, 3, 7]"
0052660.png,4,"[4, 7, 5]"
0052663.png,4,"[4, 7, 1]"
0052667.png,4,"[4, 3, 7]"
0052669.png,4,"[4, 7, 9]"
0052679.png,4,"[4, 7, 6]"
0052680.png,4,"[4, 7, 9]"
0052683.png,4,"[4, 7, 9]"
0052684.png,4,"[4, 6, 7]"
0052686.png,4,"[4, 7, 9]"
0052690.png,4,"[4, 7, 5]"
0052703.png,4,"[4, 2, 3]"
0052708.png,4,"[4, 7, 9]"
0052721.png,4,"[4, 7, 5]"
0052722.png,4,"[4, 7, 6]"
0052725.png,4,"[4, 9, 7]"
0052732.png,4,"[4, 5, 7]"
0052733.png,4,"[4, 7, 9]"
0052735.png,4,"[4, 7, 2]"
0052737.png,4,"[4, 6, 7]"
0052742.png,4,"[4, 9, 6]"
0052744.png,4,"[4, 2, 7]"
0052745.png,4,"[4, 7, 2]"
0052746.png,4,"[4, 2, 8]"
0052761.png,4,"[4, 7, 8]"
0052766.png,4,"[4, 2, 8]"
0052770.png,4,"[4, 7, 8]"
0052772.png,4,"[4, 7, 6]"
0052774.png,4,"[4, 7, 6]"
0052786.png,4,"[4, 7, 1]"
0052796.png,4,"[4, 6, 7]"
0052801.png,4,"[4, 7, 1]"
0052811.png,4,"[4, 9, 7]"
0052812.png,4,"[4, 6, 8]"
0052816.png,4,"[4, 7, 1]"
0052823.png,4,"[4, 9, 7]"
0052829.png,4,"[4, 6, 9]"
0052835.png,4,"[4, 6, 9]"
0052844.png,4,"[4, 9, 6]"
0052850.png,4,"[4, 6, 7]"
0052852.png,4,"[4, 5, 2]"
0052857.png,4,"[4, 9, 7]"
0052859.png,4,"[4, 7, 9]"
0052862.png,4,"[4, 8, 2]"
0052865.png,4,"[4, 9, 6]"
0052869.png,4,"[4, 6, 7]"
0052877.png,4,"[4, 9, 8]"
0052879.png,4,"[4, 7, 2]"
0052882.png,4,"[4, 7, 9]"
0052889.png,6,"[6, 9, 4]"
0052892.png,4,"[4, 7, 6]"
0052893.png,4,"[4, 7, 1]"
0052894.png,4,"[4, 7, 2]"
0052904.png,4,"[4, 7, 6]"
0052909.png,4,"[4, 9, 6]"
0052911.png,4,"[4, 2, 8]"
0052912.png,4,"[4, 8, 7]"
0052914.png,4,"[4, 7, 1]"
0052922.png,4,"[4, 7, 9]"
0052923.png,4,"[4, 7, 1]"
0052936.png,4,"[4, 6, 7]"
0052937.png,4,"[4, 9, 7]"
0052938.png,4,"[4, 9, 6]"
0052946.png,4,"[4, 6, 2]"
0052948.png,4,"[4, 7, 5]"
0052954.png,4,"[4, 9, 7]"
0052970.png,4,"[4, 7, 9]"
0052973.png,4,"[4, 7, 6]"
0052987.png,4,"[4, 7, 9]"
0052996.png,4,"[4, 7, 9]"
0052997.png,4,"[4, 7, 9]"
0053001.png,4,"[4, 7, 8]"
0053029.png,4,"[4, 2, 3]"
0053036.png,4,"[4, 7, 2]"
0053038.png,4,"[4, 7, 9]"
0053040.png,4,"[4, 9, 8]"
0053041.png,4,"[4, 9, 7]"
0053049.png,4,"[4, 6, 7]"
0053056.png,4,"[4, 7, 9]"
0053064.png,4,"[4, 7, 8]"
0053076.png,2,"[2, 7, 4]"
0053081.png,4,"[4, 7, 3]"
0053088.png,4,"[4, 6, 8]"
0053099.png,4,"[4, 7, 5]"
0053101.png,4,"[4, 7, 8]"
0053102.png,4,"[4, 3, 7]"
0053104.png,4,"[4, 5, 6]"
0053105.png,4,"[4, 6, 5]"
0053108.png,4,"[4, 9, 6]"
0053110.png,4,"[4, 6, 2]"
0053112.png,4,"[4, 7, 9]"
0053113.png,4,"[4, 7, 9]"
0053131.png,4,"[4, 7, 2]"
0053137.png,4,"[4, 7, 5]"
0053151.png,4,"[4, 7, 9]"
0053153.png,4,"[4, 7, 5]"
0053154.png,4,"[4, 9, 7]"
0053162.png,4,"[4, 6, 9]"
0053172.png,4,"[4, 8, 7]"
0053175.png,4,"[4, 6, 5]"
0053177.png,4,"[4, 1, 2]"
0053179.png,4,"[4, 7, 9]"
0053183.png,4,"[4, 9, 6]"
0053185.png,4,"[4, 6, 7]"
0053190.png,4,"[4, 1, 7]"
0053196.png,4,"[4, 6, 7]"
0053199.png,4,"[4, 7, 6]"
0053215.png,4,"[4, 9, 7]"
0053221.png,4,"[4, 7, 9]"
0053223.png,4,"[4, 6, 7]"
0053226.png,4,"[4, 7, 2]"
0053232.png,4,"[4, 7, 8]"
0053243.png,4,"[4, 9, 7]"
0053255.png,4,"[4, 7, 9]"
0053258.png,4,"[4, 7, 9]"
0053264.png,4,"[4, 6, 2]"
0053266.png,4,"[4, 9, 6]"
0053275.png,4,"[4, 9, 7]"
0053282.png,4,"[4, 9, 6]"
0053287.png,4,"[4, 6, 7]"
0053290.png,4,"[4, 9, 6]"
0053300.png,6,"[6, 5, 2]"
0053318.png,4,"[4, 7, 8]"
0053320.png,4,"[4, 6, 8]"
0053321.png,4,"[4, 9, 6]"
0053323.png,4,"[4, 7, 9]"
0053326.png,4,"[4, 7, 8]"
0053327.png,4,"[4, 7, 1]"
0053328.png,4,"[4, 7, 9]"
0053331.png,4,"[4, 7, 8]"
0053335.png,4,"[4, 7, 8]"
0053340.png,4,"[4, 1, 6]"
0053344.png,4,"[4, 1, 7]"
0053351.png,4,"[4, 7, 9]"
0053369.png,4,"[4, 7, 1]"
0053376.png,4,"[4, 6, 5]"
0053383.png,4,"[4, 7, 5]"
0053387.png,4,"[4, 7, 9]"
0053388.png,4,"[4, 7, 6]"
0053395.png,4,"[4, 7, 9]"
0053397.png,4,"[4, 6, 2]"
0053399.png,4,"[4, 7, 2]"
0053418.png,4,"[4, 7, 2]"
0053421.png,4,"[4, 6, 8]"
0053428.png,4,"[4, 7, 2]"
0053429.png,4,"[4, 7, 2]"
0053430.png,4,"[4, 7, 8]"
0053435.png,4,"[4, 7, 2]"
0053437.png,4,"[4, 7, 1]"
0053443.png,4,"[4, 7, 5]"
0053447.png,4,"[4, 1, 7]"
0053450.png,2,"[2, 6, 7]"
0053462.png,4,"[4, 7, 9]"
0053464.png,4,"[4, 7, 9]"
0053467.png,4,"[4, 9, 7]"
0053474.png,4,"[4, 9, 6]"
0053475.png,4,"[4, 8, 7]"
0053477.png,4,"[4, 2, 7]"
0053481.png,4,"[4, 7, 5]"
0053482.png,4,"[4, 7, 1]"
0053483.png,4,"[4, 7, 5]"
0053484.png,4,"[4, 7, 9]"
0053489.png,4,"[4, 6, 5]"
0053491.png,4,"[4, 6, 9]"
0053494.png,4,"[4, 6, 2]"
0053496.png,4,"[4, 7, 2]"
0053498.png,4,"[4, 7, 9]"
0053511.png,4,"[4, 7, 9]"
0053513.png,4,"[4, 2, 9]"
0053516.png,4,"[4, 2, 7]"
0053519.png,4,"[4, 9, 6]"
0053520.png,4,"[4, 7, 8]"
0053525.png,4,"[4, 7, 9]"
0053531.png,4,"[4, 7, 9]"
0053535.png,4,"[4, 7, 2]"
0053536.png,4,"[4, 9, 7]"
0053546.png,4,"[4, 9, 7]"
0053583.png,4,"[4, 6, 9]"
0053587.png,4,"[4, 7, 1]"
0053588.png,4,"[4, 1, 7]"
0053589.png,4,"[4, 8, 6]"
0053597.png,4,"[4, 6, 5]"
0053599.png,4,"[4, 9, 7]"
0053600.png,4,"[4, 7, 8]"
0053607.png,4,"[4, 1, 7]"
0053614.png,4,"[4, 6, 1]"
0053617.png,4,"[4, 8, 9]"
0053619.png,4,"[4, 7, 1]"
0053623.png,4,"[4, 7, 9]"
0053631.png,4,"[4, 7, 1]"
0053632.png,4,"[4, 1, 6]"
0053633.png,4,"[4, 7, 1]"
0053636.png,4,"[4, 9, 2]"
0053639.png,4,"[4, 9, 6]"
0053640.png,4,"[4, 7, 3]"
0053649.png,4,"[4, 7, 1]"
0053652.png,4,"[4, 6, 1]"
0053667.png,4,"[4, 7, 9]"
0053672.png,4,"[4, 7, 8]"
0053687.png,4,"[4, 7, 8]"
0053700.png,4,"[4, 7, 8]"
0053702.png,4,"[4, 7, 8]"
0053712.png,4,"[4, 8, 5]"
0053713.png,4,"[4, 7, 9]"
0053715.png,4,"[4, 3, 2]"
0053721.png,4,"[4, 7, 8]"
0053722.png,4,"[4, 7, 1]"
0053733.png,4,"[4, 7, 9]"
0053736.png,4,"[4, 2, 9]"
0053738.png,4,"[4, 6, 8]"
0053739.png,4,"[4, 6, 7]"
0053749.png,4,"[4, 9, 8]"
0053752.png,4,"[4, 7, 9]"
0053754.png,4,"[4, 8, 7]"
0053755.png,4,"[4, 9, 8]"
0053762.png,4,"[4, 7, 6]"
0053766.png,4,"[4, 7, 9]"
0053771.png,4,"[4, 7, 8]"
0053782.png,4,"[4, 7, 9]"
0053783.png,4,"[4, 7, 6]"
0053792.png,4,"[4, 8, 2]"
0053794.png,4,"[4, 6, 9]"
0053808.png,4,"[4, 1, 3]"
0053825.png,4,"[4, 7, 3]"
0053826.png,4,"[4, 7, 1]"
0053828.png,4,"[4, 6, 9]"
0053829.png,4,"[4, 6, 9]"
0053830.png,4,"[4, 1, 7]"
0053838.png,4,"[4, 1, 7]"
0053846.png,4,"[4, 6, 9]"
0053850.png,4,"[4, 7, 9]"
0053864.png,4,"[4, 7, 1]"
0053865.png,4,"[4, 7, 6]"
0053866.png,4,"[4, 9, 2]"
0053868.png,4,"[4, 7, 9]"
0053871.png,4,"[4, 7, 6]"
0053880.png,4,"[4, 7, 8]"
0053884.png,4,"[4, 6, 7]"
0053886.png,4,"[4, 2, 7]"
0053891.png,4,"[4, 7, 8]"
0053895.png,4,"[4, 2, 6]"
0053902.png,4,"[4, 6, 5]"
0053903.png,4,"[4, 6, 7]"
0053916.png,4,"[4, 7, 6]"
0053922.png,4,"[4, 8, 9]"
0053925.png,4,"[4, 7, 9]"
0053926.png,4,"[4, 6, 7]"
0053929.png,4,"[4, 9, 6]"
0053936.png,4,"[4, 7, 1]"
0053937.png,4,"[4, 7, 1]"
0053938.png,4,"[4, 7, 8]"
0053951.png,4,"[4, 6, 9]"
0053952.png,4,"[4, 7, 8]"
0053953.png,4,"[4, 7, 9]"
0053959.png,4,"[4, 7, 1]"
0053960.png,4,"[4, 9, 6]"
0053974.png,4,"[4, 7, 6]"
0053977.png,4,"[4, 7, 9]"
0053981.png,4,"[4, 7, 6]"
0053988.png,4,"[4, 3, 7]"
0053990.png,4,"[4, 7, 9]"
0053993.png,4,"[4, 7, 1]"
0053994.png,4,"[4, 7, 8]"
0053999.png,4,"[4, 7, 1]"
0054008.png,4,"[4, 6, 7]"
0054013.png,4,"[4, 6, 9]"
0054018.png,4,"[4, 7, 9]"
0054020.png,4,"[4, 9, 1]"
0054030.png,4,"[4, 8, 7]"
0054034.png,4,"[4, 7, 1]"
0054040.png,4,"[4, 6, 9]"
0054049.png,4,"[4, 6, 5]"
0054050.png,4,"[4, 7, 1]"
0054059.png,4,"[4, 7, 8]"
0054065.png,4,"[4, 1, 9]"
0054067.png,9,"[9, 4, 6]"
0054069.png,4,"[4, 7, 6]"
0054073.png,4,"[4, 7, 6]"
0054075.png,4,"[4, 6, 7]"
0054083.png,4,"[4, 6, 7]"
0054087.png,4,"[4, 7, 3]"
0054093.png,4,"[4, 6, 9]"
0054097.png,4,"[4, 7, 9]"
0054114.png,4,"[4, 7, 2]"
0054118.png,4,"[4, 7, 8]"
0054119.png,4,"[4, 7, 9]"
0054120.png,4,"[4, 7, 6]"
0054127.png,4,"[4, 7, 6]"
0054132.png,4,"[4, 7, 8]"
0054139.png,4,"[4, 6, 9]"
0054141.png,4,"[4, 7, 9]"
0054144.png,4,"[4, 7, 9]"
0054150.png,4,"[4, 7, 6]"
0054152.png,4,"[4, 6, 9]"
0054153.png,4,"[4, 9, 6]"
0054159.png,4,"[4, 7, 6]"
0054165.png,4,"[4, 7, 1]"
0054170.png,4,"[4, 7, 1]"
0054173.png,4,"[4, 7, 9]"
0054181.png,4,"[4, 7, 2]"
0054190.png,4,"[4, 7, 3]"
0054192.png,4,"[4, 8, 9]"
0054195.png,4,"[4, 1, 9]"
0054196.png,4,"[4, 6, 8]"
0054198.png,4,"[4, 6, 2]"
0054200.png,4,"[4, 9, 8]"
0054202.png,4,"[4, 8, 9]"
0054209.png,4,"[4, 6, 7]"
0054210.png,4,"[4, 6, 2]"
0054211.png,4,"[4, 1, 6]"
0054213.png,4,"[4, 9, 7]"
0054218.png,4,"[4, 7, 9]"
0054219.png,4,"[4, 9, 7]"
0054230.png,4,"[4, 9, 6]"
0054236.png,4,"[4, 7, 8]"
0054237.png,4,"[4, 7, 9]"
0054243.png,4,"[4, 7, 9]"
0054246.png,4,"[4, 7, 1]"
0054248.png,4,"[4, 7, 2]"
0054249.png,4,"[4, 7, 9]"
0054254.png,6,"[6, 4, 5]"
0054260.png,4,"[4, 7, 8]"
0054265.png,4,"[4, 7, 2]"
0054268.png,4,"[4, 7, 2]"
0054276.png,4,"[4, 6, 8]"
0054278.png,4,"[4, 7, 1]"
0054280.png,4,"[4, 7, 1]"
0054285.png,4,"[4, 2, 6]"
0054286.png,4,"[4, 7, 1]"
0054289.png,4,"[4, 7, 1]"
0054290.png,4,"[4, 7, 6]"
0054297.png,4,"[4, 7, 6]"
0054308.png,4,"[4, 2, 5]"
0054313.png,4,"[4, 7, 2]"
0054314.png,4,"[4, 6, 7]"
0054315.png,4,"[4, 6, 9]"
0054325.png,4,"[4, 2, 9]"
0054329.png,4,"[4, 7, 6]"
0054332.png,4,"[4, 8, 9]"
0054335.png,4,"[4, 9, 6]"
0054347.png,6,"[6, 9, 5]"
0054361.png,4,"[4, 7, 1]"
0054362.png,4,"[4, 6, 8]"
0054369.png,4,"[4, 6, 9]"
0054370.png,4,"[4, 2, 6]"
0054371.png,4,"[4, 7, 9]"
0054373.png,4,"[4, 7, 1]"
0054380.png,4,"[4, 7, 2]"
0054388.png,4,"[4, 7, 8]"
0054391.png,4,"[4, 6, 5]"
0054392.png,4,"[4, 9, 7]"
0054398.png,4,"[4, 8, 7]"
0054402.png,4,"[4, 6, 7]"
0054407.png,4,"[4, 7, 9]"
0054408.png,4,"[4, 6, 5]"
0054412.png,4,"[4, 7, 9]"
0054415.png,4,"[4, 7, 9]"
0054422.png,4,"[4, 6, 7]"
0054423.png,4,"[4, 7, 6]"
0054426.png,4,"[4, 7, 9]"
0054427.png,4,"[4, 7, 1]"
0054428.png,4,"[4, 6, 5]"
0054438.png,4,"[4, 1, 3]"
0054451.png,4,"[4, 7, 9]"
0054452.png,4,"[4, 8, 6]"
0054457.png,4,"[4, 9, 7]"
0054463.png,4,"[4, 6, 9]"
0054467.png,4,"[4, 9, 7]"
0054475.png,4,"[4, 7, 9]"
0054484.png,4,"[4, 8, 6]"
0054489.png,4,"[4, 7, 9]"
0054499.png,4,"[4, 6, 9]"
0054502.png,4,"[4, 6, 9]"
0054508.png,4,"[4, 8, 6]"
0054526.png,4,"[4, 7, 6]"
0054528.png,4,"[4, 8, 9]"
0054530.png,4,"[4, 7, 1]"
0054541.png,4,"[4, 7, 1]"
0054546.png,4,"[4, 7, 9]"
0054547.png,4,"[4, 7, 9]"
0054549.png,4,"[4, 7, 6]"
0054551.png,4,"[4, 7, 6]"
0054556.png,4,"[4, 7, 6]"
0054568.png,9,"[9, 4, 7]"
0054574.png,4,"[4, 6, 9]"
0054578.png,4,"[4, 7, 5]"
0054584.png,4,"[4, 7, 9]"
0054585.png,4,"[4, 7, 9]"
0054604.png,4,"[4, 6, 5]"
0054620.png,4,"[4, 1, 6]"
0054622.png,4,"[4, 5, 8]"
0054631.png,4,"[4, 7, 9]"
0054632.png,4,"[4, 7, 1]"
0054650.png,4,"[4, 6, 8]"
0054651.png,4,"[4, 6, 7]"
0054662.png,4,"[4, 1, 7]"
0054663.png,4,"[4, 9, 1]"
0054668.png,4,"[4, 7, 1]"
0054669.png,4,"[4, 7, 1]"
0054671.png,4,"[4, 1, 9]"
0054673.png,4,"[4, 7, 9]"
0054674.png,4,"[4, 9, 3]"
0054675.png,4,"[4, 9, 6]"
0054682.png,4,"[4, 1, 9]"
0054695.png,4,"[4, 7, 9]"
0054697.png,4,"[4, 6, 9]"
0054701.png,4,"[4, 7, 9]"
0054707.png,4,"[4, 7, 9]"
0054717.png,4,"[4, 1, 7]"
0054721.png,4,"[4, 7, 1]"
0054726.png,4,"[4, 7, 9]"
0054729.png,4,"[4, 7, 9]"
0054731.png,4,"[4, 7, 1]"
0054734.png,4,"[4, 7, 1]"
0054735.png,4,"[4, 7, 1]"
0054736.png,4,"[4, 7, 9]"
0054756.png,4,"[4, 6, 9]"
0054758.png,7,"[7, 4, 2]"
0054760.png,4,"[4, 7, 5]"
0054764.png,4,"[4, 7, 1]"
0054765.png,4,"[4, 7, 1]"
0054769.png,4,"[4, 7, 1]"
0054770.png,4,"[4, 7, 5]"
0054784.png,4,"[4, 6, 5]"
0054785.png,4,"[4, 5, 7]"
0054794.png,4,"[4, 7, 8]"
0054796.png,4,"[4, 9, 7]"
0054798.png,4,"[4, 2, 5]"
0054799.png,4,"[4, 2, 5]"
0054802.png,4,"[4, 1, 7]"
0054803.png,4,"[4, 7, 1]"
0054805.png,4,"[4, 7, 5]"
0054806.png,4,"[4, 7, 9]"
0054809.png,4,"[4, 7, 9]"
0054810.png,4,"[4, 7, 9]"
0054811.png,4,"[4, 7, 9]"
0054816.png,4,"[4, 6, 9]"
0054822.png,4,"[4, 7, 9]"
0054826.png,4,"[4, 7, 1]"
0054828.png,4,"[4, 7, 9]"
0054832.png,4,"[4, 7, 1]"
0054835.png,4,"[4, 2, 6]"
0054839.png,4,"[4, 9, 7]"
0054840.png,4,"[4, 7, 1]"
0054842.png,4,"[4, 7, 9]"
0054844.png,4,"[4, 7, 1]"
0054853.png,4,"[4, 7, 1]"
0054857.png,4,"[4, 9, 7]"
0054861.png,4,"[4, 8, 9]"
0054863.png,4,"[4, 7, 9]"
0054880.png,4,"[4, 7, 1]"
0054883.png,4,"[4, 7, 1]"
0054888.png,4,"[4, 7, 1]"
0054889.png,4,"[4, 7, 1]"
0054891.png,4,"[4, 7, 9]"
0054900.png,1,"[1, 7, 4]"
0054903.png,6,"[6, 5, 4]"
0054905.png,4,"[4, 7, 9]"
0054920.png,1,"[1, 3, 4]"
0054921.png,4,"[4, 3, 6]"
0054924.png,4,"[4, 9, 5]"
0054941.png,4,"[4, 7, 9]"
0054942.png,4,"[4, 1, 7]"
0054943.png,4,"[4, 9, 7]"
0054945.png,4,"[4, 8, 2]"
0054952.png,4,"[4, 9, 7]"
0054953.png,4,"[4, 9, 7]"
0054958.png,4,"[4, 1, 7]"
0054961.png,4,"[4, 6, 9]"
0054964.png,4,"[4, 6, 9]"
0054982.png,4,"[4, 3, 7]"
0054984.png,4,"[4, 2, 3]"
0054985.png,4,"[4, 3, 8]"
0054991.png,4,"[4, 9, 7]"
0054997.png,4,"[4, 7, 9]"
0055005.png,4,"[4, 7, 5]"
0055007.png,4,"[4, 6, 9]"
0055015.png,4,"[4, 9, 6]"
0055018.png,4,"[4, 1, 7]"
0055021.png,4,"[4, 7, 1]"
0055022.png,4,"[4, 7, 6]"
0055023.png,4,"[4, 6, 7]"
0055025.png,4,"[4, 7, 9]"
0055026.png,4,"[4, 6, 7]"
0055032.png,4,"[4, 6, 9]"
0055033.png,4,"[4, 7, 9]"
0055036.png,9,"[9, 4, 7]"
0055038.png,4,"[4, 7, 5]"
0055039.png,4,"[4, 7, 9]"
0055040.png,4,"[4, 7, 8]"
0055045.png,4,"[4, 7, 9]"
0055053.png,4,"[4, 1, 7]"
0055054.png,4,"[4, 7, 6]"
0055055.png,4,"[4, 7, 9]"
0055060.png,4,"[4, 6, 9]"
0055062.png,4,"[4, 7, 9]"
0055064.png,4,"[4, 7, 9]"
0055065.png,4,"[4, 7, 6]"
0055069.png,4,"[4, 7, 6]"
0055071.png,4,"[4, 9, 7]"
0055072.png,4,"[4, 9, 7]"
0055073.png,4,"[4, 9, 6]"
0055077.png,4,"[4, 7, 1]"
0055079.png,4,"[4, 7, 2]"
0055085.png,4,"[4, 7, 2]"
0055086.png,4,"[4, 7, 1]"
0055088.png,4,"[4, 7, 8]"
0055093.png,4,"[4, 7, 8]"
0055095.png,4,"[4, 7, 9]"
0055099.png,4,"[4, 6, 9]"
0055104.png,4,"[4, 7, 5]"
0055106.png,4,"[4, 7, 1]"
0055113.png,4,"[4, 7, 2]"
0055114.png,4,"[4, 9, 6]"
0055124.png,4,"[4, 6, 5]"
0055131.png,4,"[4, 2, 9]"
0055132.png,4,"[4, 2, 6]"
0055137.png,4,"[4, 2, 7]"
0055144.png,4,"[4, 9, 7]"
0055145.png,4,"[4, 7, 6]"
0055147.png,4,"[4, 7, 8]"
0055158.png,4,"[4, 7, 9]"
0055163.png,4,"[4, 7, 1]"
0055171.png,4,"[4, 7, 9]"
0055178.png,4,"[4, 7, 9]"
0055180.png,4,"[4, 1, 2]"
0055188.png,4,"[4, 6, 7]"
0055190.png,4,"[4, 7, 9]"
0055196.png,4,"[4, 9, 6]"
0055198.png,4,"[4, 7, 9]"
0055208.png,4,"[4, 7, 9]"
0055209.png,4,"[4, 7, 9]"
0055211.png,4,"[4, 7, 9]"
0055213.png,4,"[4, 7, 9]"
0055218.png,4,"[4, 7, 9]"
0055226.png,4,"[4, 7, 6]"
0055229.png,4,"[4, 1, 7]"
0055235.png,4,"[4, 7, 2]"
0055239.png,4,"[4, 3, 1]"
0055240.png,4,"[4, 1, 7]"
0055247.png,4,"[4, 7, 9]"
0055249.png,4,"[4, 6, 2]"
0055250.png,4,"[4, 7, 2]"
0055252.png,4,"[4, 5, 2]"
0055263.png,4,"[4, 7, 9]"
0055266.png,4,"[4, 7, 6]"
0055272.png,4,"[4, 9, 6]"
0055277.png,4,"[4, 6, 9]"
0055282.png,4,"[4, 7, 6]"
0055287.png,4,"[4, 9, 6]"
0055288.png,4,"[4, 6, 2]"
0055293.png,4,"[4, 7, 1]"
0055298.png,4,"[4, 7, 5]"
0055306.png,4,"[4, 7, 9]"
0055310.png,4,"[4, 7, 6]"
0055315.png,4,"[4, 7, 9]"
0055322.png,4,"[4, 7, 9]"
0055325.png,4,"[4, 9, 7]"
0055355.png,4,"[4, 7, 8]"
0055359.png,4,"[4, 7, 1]"
0055369.png,4,"[4, 1, 2]"
0055379.png,4,"[4, 7, 1]"
0055380.png,4,"[4, 2, 6]"
0055382.png,4,"[4, 9, 6]"
0055391.png,4,"[4, 8, 9]"
0055392.png,4,"[4, 7, 9]"
0055395.png,4,"[4, 6, 9]"
0055400.png,4,"[4, 7, 9]"
0055420.png,4,"[4, 7, 2]"
0055422.png,4,"[4, 7, 2]"
0055424.png,4,"[4, 7, 8]"
0055440.png,4,"[4, 9, 7]"
0055447.png,4,"[4, 7, 9]"
0055450.png,4,"[4, 6, 3]"
0055453.png,4,"[4, 9, 6]"
0055456.png,4,"[4, 7, 9]"
0055458.png,4,"[4, 6, 9]"
0055463.png,4,"[4, 7, 6]"
0055472.png,4,"[4, 2, 7]"
0055473.png,4,"[4, 8, 2]"
0055478.png,4,"[4, 5, 7]"
0055484.png,4,"[4, 8, 9]"
0055485.png,4,"[4, 7, 9]"
0055488.png,4,"[4, 7, 6]"
0055492.png,4,"[4, 7, 6]"
0055496.png,4,"[4, 7, 9]"
0055501.png,4,"[4, 6, 1]"
0055504.png,4,"[4, 7, 9]"
0055508.png,4,"[4, 2, 7]"
0055509.png,4,"[4, 2, 7]"
0055517.png,4,"[4, 7, 9]"
0055519.png,4,"[4, 9, 7]"
0055521.png,4,"[4, 7, 1]"
0055535.png,4,"[4, 6, 7]"
0055537.png,4,"[4, 9, 7]"
0055542.png,4,"[4, 7, 2]"
0055543.png,4,"[4, 7, 6]"
0055555.png,4,"[4, 6, 7]"
0055558.png,4,"[4, 7, 9]"
0055564.png,4,"[4, 9, 6]"
0055565.png,4,"[4, 9, 6]"
0055567.png,4,"[4, 7, 3]"
0055568.png,4,"[4, 7, 2]"
0055573.png,4,"[4, 7, 6]"
0055580.png,4,"[4, 8, 6]"
0055585.png,4,"[4, 6, 9]"
0055592.png,4,"[4, 6, 8]"
0055594.png,4,"[4, 9, 7]"
0055596.png,4,"[4, 7, 1]"
0055608.png,4,"[4, 7, 9]"
0055609.png,4,"[4, 7, 9]"
0055610.png,4,"[4, 6, 8]"
0055620.png,4,"[4, 8, 9]"
0055622.png,4,"[4, 2, 6]"
0055623.png,4,"[4, 9, 6]"
0055624.png,4,"[4, 6, 7]"
0055625.png,4,"[4, 6, 7]"
0055631.png,4,"[4, 2, 6]"
0055638.png,4,"[4, 2, 7]"
0055639.png,4,"[4, 2, 7]"
0055646.png,4,"[4, 2, 7]"
0055648.png,4,"[4, 7, 9]"
0055652.png,4,"[4, 7, 8]"
0055655.png,4,"[4, 7, 1]"
0055657.png,4,"[4, 7, 1]"
0055666.png,4,"[4, 7, 1]"
0055670.png,4,"[4, 1, 2]"
0055671.png,4,"[4, 1, 7]"
0055672.png,4,"[4, 7, 6]"
0055681.png,4,"[4, 7, 1]"
0055682.png,4,"[4, 7, 8]"
0055683.png,4,"[4, 7, 8]"
0055685.png,4,"[4, 9, 5]"
0055687.png,4,"[4, 7, 9]"
0055694.png,4,"[4, 7, 9]"
0055696.png,4,"[4, 9, 6]"
0055697.png,4,"[4, 9, 6]"
0055698.png,4,"[4, 7, 1]"
0055703.png,4,"[4, 7, 2]"
0055704.png,4,"[4, 7, 1]"
0055715.png,4,"[4, 7, 9]"
0055729.png,4,"[4, 6, 7]"
0055732.png,4,"[4, 8, 9]"
0055734.png,4,"[4, 7, 9]"
0055752.png,4,"[4, 7, 6]"
0055753.png,4,"[4, 7, 1]"
0055755.png,4,"[4, 6, 3]"
0055756.png,4,"[4, 7, 8]"
0055769.png,4,"[4, 7, 9]"
0055779.png,4,"[4, 7, 8]"
0055786.png,4,"[4, 7, 6]"
0055790.png,4,"[4, 7, 8]"
0055791.png,4,"[4, 7, 9]"
0055798.png,4,"[4, 7, 6]"
0055805.png,4,"[4, 7, 8]"
0055810.png,4,"[4, 7, 5]"
0055823.png,4,"[4, 9, 8]"
0055832.png,4,"[4, 9, 8]"
0055836.png,4,"[4, 8, 7]"
0055837.png,4,"[4, 7, 9]"
0055846.png,4,"[4, 9, 8]"
0055855.png,4,"[4, 9, 6]"
0055860.png,4,"[4, 7, 9]"
0055861.png,4,"[4, 7, 9]"
0055862.png,4,"[4, 7, 9]"
0055867.png,4,"[4, 2, 7]"
0055868.png,4,"[4, 8, 7]"
0055874.png,4,"[4, 7, 6]"
0055877.png,7,"[7, 4, 2]"
0055879.png,4,"[4, 9, 6]"
0055898.png,4,"[4, 6, 7]"
0055900.png,4,"[4, 7, 6]"
0055901.png,4,"[4, 7, 2]"
0055905.png,4,"[4, 7, 9]"
0055906.png,2,"[2, 4, 6]"
0055908.png,4,"[4, 7, 9]"
0055917.png,4,"[4, 6, 7]"
0055921.png,4,"[4, 7, 6]"
0055926.png,4,"[4, 7, 6]"
0055930.png,4,"[4, 2, 5]"
0055933.png,4,"[4, 7, 6]"
0055934.png,4,"[4, 7, 8]"
0055937.png,4,"[4, 7, 1]"
0055940.png,4,"[4, 7, 9]"
0055941.png,4,"[4, 9, 7]"
0055965.png,4,"[4, 7, 9]"
0055967.png,4,"[4, 9, 7]"
0055985.png,4,"[4, 6, 7]"
0055986.png,4,"[4, 6, 9]"
0055988.png,4,"[4, 7, 9]"
0056001.png,4,"[4, 5, 7]"
0056006.png,4,"[4, 7, 5]"
0056007.png,4,"[4, 9, 7]"
0056012.png,4,"[4, 6, 9]"
0056019.png,4,"[4, 7, 2]"
0056023.png,4,"[4, 6, 9]"
0056029.png,4,"[4, 8, 7]"
0056031.png,4,"[4, 6, 8]"
0056035.png,6,"[6, 9, 8]"
0056038.png,4,"[4, 9, 6]"
0056043.png,4,"[4, 7, 9]"
0056050.png,4,"[4, 3, 8]"
0056053.png,4,"[4, 7, 9]"
0056057.png,4,"[4, 7, 6]"
0056072.png,4,"[4, 6, 8]"
0056073.png,4,"[4, 6, 9]"
0056074.png,4,"[4, 7, 6]"
0056080.png,4,"[4, 7, 6]"
0056093.png,4,"[4, 7, 6]"
0056104.png,4,"[4, 2, 7]"
0056105.png,4,"[4, 7, 2]"
0056110.png,4,"[4, 7, 6]"
0056115.png,4,"[4, 7, 1]"
0056122.png,4,"[4, 7, 1]"
0056125.png,4,"[4, 7, 8]"
0056135.png,4,"[4, 7, 9]"
0056147.png,4,"[4, 7, 9]"
0056151.png,4,"[4, 7, 2]"
0056155.png,4,"[4, 1, 9]"
0056158.png,4,"[4, 7, 2]"
0056167.png,4,"[4, 7, 9]"
0056172.png,4,"[4, 7, 1]"
0056180.png,4,"[4, 7, 6]"
0056190.png,4,"[4, 2, 6]"
0056193.png,4,"[4, 7, 1]"
0056209.png,4,"[4, 7, 8]"
0056211.png,4,"[4, 7, 9]"
0056215.png,4,"[4, 7, 8]"
0056220.png,4,"[4, 7, 8]"
0056223.png,4,"[4, 7, 9]"
0056224.png,4,"[4, 8, 5]"
0056229.png,4,"[4, 7, 1]"
0056236.png,4,"[4, 7, 3]"
0056238.png,4,"[4, 7, 6]"
0056239.png,4,"[4, 9, 6]"
0056243.png,4,"[4, 7, 9]"
0056247.png,4,"[4, 9, 7]"
0056248.png,4,"[4, 8, 5]"
0056263.png,4,"[4, 7, 9]"
0056273.png,4,"[4, 7, 9]"
0056279.png,4,"[4, 7, 6]"
0056283.png,4,"[4, 6, 7]"
0056285.png,4,"[4, 7, 5]"
0056288.png,4,"[4, 7, 1]"
0056290.png,4,"[4, 7, 1]"
0056294.png,4,"[4, 6, 2]"
0056307.png,4,"[4, 7, 1]"
0056313.png,4,"[4, 7, 1]"
0056317.png,4,"[4, 6, 7]"
0056321.png,4,"[4, 1, 6]"
0056324.png,4,"[4, 7, 6]"
0056331.png,9,"[9, 4, 7]"
0056335.png,4,"[4, 9, 6]"
0056341.png,4,"[4, 7, 1]"
0056344.png,4,"[4, 7, 1]"
0056347.png,4,"[4, 9, 6]"
0056349.png,4,"[4, 9, 7]"
0056350.png,4,"[4, 7, 5]"
0056354.png,4,"[4, 6, 9]"
0056359.png,4,"[4, 6, 5]"
0056368.png,6,"[6, 4, 2]"
0056370.png,4,"[4, 7, 9]"
0056376.png,4,"[4, 7, 5]"
0056377.png,4,"[4, 7, 8]"
0056400.png,4,"[4, 7, 1]"
0056422.png,4,"[4, 7, 6]"
0056426.png,4,"[4, 7, 9]"
0056433.png,4,"[4, 2, 6]"
0056440.png,4,"[4, 6, 7]"
0056443.png,4,"[4, 7, 8]"
0056447.png,4,"[4, 7, 9]"
0056449.png,4,"[4, 7, 9]"
0056452.png,4,"[4, 6, 7]"
0056456.png,4,"[4, 7, 1]"
0056459.png,4,"[4, 7, 6]"
0056460.png,4,"[4, 2, 9]"
0056464.png,4,"[4, 6, 7]"
0056465.png,9,"[9, 6, 4]"
0056469.png,4,"[4, 9, 7]"
0056471.png,4,"[4, 7, 9]"
0056477.png,4,"[4, 7, 1]"
0056480.png,4,"[4, 7, 2]"
0056481.png,4,"[4, 7, 6]"
0056491.png,4,"[4, 6, 9]"
0056493.png,4,"[4, 7, 1]"
0056498.png,4,"[4, 7, 9]"
0056502.png,4,"[4, 7, 9]"
0056513.png,4,"[4, 9, 7]"
0056515.png,4,"[4, 7, 6]"
0056528.png,4,"[4, 7, 1]"
0056530.png,4,"[4, 1, 7]"
0056531.png,4,"[4, 7, 1]"
0056537.png,4,"[4, 7, 9]"
0056539.png,4,"[4, 7, 9]"
0056551.png,4,"[4, 7, 6]"
0056553.png,4,"[4, 7, 1]"
0056555.png,4,"[4, 7, 5]"
0056568.png,4,"[4, 6, 5]"
0056569.png,4,"[4, 7, 6]"
0056580.png,4,"[4, 7, 6]"
0056584.png,4,"[4, 7, 6]"
0056591.png,4,"[4, 7, 9]"
0056598.png,4,"[4, 7, 8]"
0056601.png,4,"[4, 6, 8]"
0056602.png,4,"[4, 9, 7]"
0056604.png,4,"[4, 9, 7]"
0056606.png,4,"[4, 9, 5]"
0056611.png,4,"[4, 9, 7]"
0056614.png,7,"[7, 4, 2]"
0056622.png,4,"[4, 7, 6]"
0056623.png,4,"[4, 7, 9]"
0056636.png,4,"[4, 6, 7]"
0056646.png,4,"[4, 7, 5]"
0056652.png,4,"[4, 9, 1]"
0056661.png,4,"[4, 9, 7]"
0056667.png,4,"[4, 7, 9]"
0056669.png,4,"[4, 7, 9]"
0056671.png,4,"[4, 2, 5]"
0056672.png,4,"[4, 7, 1]"
0056673.png,4,"[4, 7, 6]"
0056679.png,4,"[4, 7, 9]"
0056683.png,4,"[4, 7, 9]"
0056696.png,4,"[4, 1, 7]"
0056703.png,4,"[4, 9, 7]"
0056705.png,4,"[4, 9, 1]"
0056706.png,4,"[4, 7, 9]"
0056709.png,4,"[4, 6, 1]"
0056710.png,4,"[4, 7, 9]"
0056716.png,4,"[4, 6, 9]"
0056721.png,4,"[4, 7, 1]"
0056722.png,4,"[4, 7, 8]"
0056724.png,4,"[4, 7, 9]"
0056727.png,4,"[4, 7, 1]"
0056731.png,4,"[4, 7, 9]"
0056733.png,4,"[4, 9, 6]"
0056739.png,4,"[4, 1, 2]"
0056742.png,4,"[4, 6, 2]"
0056744.png,4,"[4, 6, 1]"
0056747.png,4,"[4, 7, 3]"
0056751.png,4,"[4, 1, 7]"
0056754.png,4,"[4, 2, 7]"
0056756.png,4,"[4, 8, 9]"
0056763.png,4,"[4, 1, 7]"
0056765.png,4,"[4, 6, 9]"
0056768.png,4,"[4, 7, 9]"
0056804.png,4,"[4, 7, 6]"
0056809.png,4,"[4, 7, 9]"
0056813.png,4,"[4, 9, 7]"
0056821.png,4,"[4, 7, 9]"
0056825.png,4,"[4, 7, 9]"
0056826.png,4,"[4, 7, 6]"
0056830.png,4,"[4, 7, 1]"
0056837.png,4,"[4, 7, 9]"
0056838.png,4,"[4, 7, 2]"
0056841.png,4,"[4, 7, 9]"
0056854.png,4,"[4, 6, 9]"
0056855.png,4,"[4, 9, 6]"
0056863.png,4,"[4, 7, 9]"
0056866.png,4,"[4, 3, 7]"
0056868.png,4,"[4, 6, 2]"
0056875.png,4,"[4, 9, 7]"
0056887.png,4,"[4, 7, 6]"
0056889.png,4,"[4, 7, 1]"
0056893.png,4,"[4, 7, 1]"
0056898.png,4,"[4, 7, 6]"
0056899.png,4,"[4, 7, 9]"
0056904.png,4,"[4, 7, 9]"
0056922.png,4,"[4, 5, 6]"
0056926.png,4,"[4, 6, 5]"
0056929.png,4,"[4, 5, 6]"
0056940.png,4,"[4, 7, 8]"
0056943.png,4,"[4, 7, 6]"
0056944.png,4,"[4, 5, 7]"
0056945.png,4,"[4, 7, 6]"
0056953.png,4,"[4, 6, 7]"
0056955.png,4,"[4, 7, 5]"
0056960.png,4,"[4, 8, 7]"
0056961.png,4,"[4, 7, 6]"
0056962.png,4,"[4, 7, 9]"
0056965.png,4,"[4, 7, 8]"
0056971.png,4,"[4, 7, 8]"
0056976.png,4,"[4, 7, 8]"
0056979.png,4,"[4, 7, 6]"
0056980.png,4,"[4, 9, 6]"
0056990.png,4,"[4, 8, 7]"
0056993.png,4,"[4, 9, 6]"
0056997.png,4,"[4, 7, 8]"
0057002.png,4,"[4, 9, 6]"
0057009.png,4,"[4, 7, 1]"
0057021.png,4,"[4, 7, 2]"
0057025.png,4,"[4, 9, 8]"
0057030.png,4,"[4, 8, 7]"
0057031.png,4,"[4, 7, 9]"
0057036.png,4,"[4, 6, 9]"
0057040.png,4,"[4, 9, 7]"
0057042.png,4,"[4, 9, 7]"
0057043.png,4,"[4, 7, 9]"
0057052.png,4,"[4, 7, 3]"
0057063.png,4,"[4, 7, 9]"
0057065.png,4,"[4, 9, 7]"
0057069.png,4,"[4, 6, 9]"
0057075.png,4,"[4, 7, 1]"
0057080.png,4,"[4, 8, 3]"
0057085.png,4,"[4, 7, 9]"
0057087.png,4,"[4, 7, 9]"
0057091.png,4,"[4, 7, 9]"
0057097.png,4,"[4, 7, 9]"
0057098.png,4,"[4, 7, 1]"
0057099.png,4,"[4, 7, 1]"
0057107.png,4,"[4, 9, 6]"
0057111.png,4,"[4, 9, 7]"
0057113.png,4,"[4, 7, 9]"
0057114.png,4,"[4, 6, 7]"
0057117.png,4,"[4, 7, 9]"
0057124.png,4,"[4, 1, 8]"
0057127.png,4,"[4, 9, 6]"
0057131.png,4,"[4, 6, 8]"
0057145.png,4,"[4, 7, 6]"
0057156.png,4,"[4, 7, 5]"
0057157.png,4,"[4, 7, 9]"
0057159.png,4,"[4, 6, 2]"
0057160.png,4,"[4, 2, 6]"
0057163.png,4,"[4, 7, 9]"
0057166.png,4,"[4, 9, 8]"
0057182.png,4,"[4, 8, 7]"
0057184.png,9,"[9, 4, 6]"
0057189.png,9,"[9, 4, 6]"
0057194.png,4,"[4, 6, 9]"
0057195.png,4,"[4, 7, 6]"
0057196.png,4,"[4, 6, 7]"
0057206.png,4,"[4, 8, 3]"
0057210.png,4,"[4, 9, 6]"
0057215.png,4,"[4, 7, 9]"
0057219.png,4,"[4, 7, 9]"
0057220.png,6,"[6, 4, 5]"
0057232.png,4,"[4, 6, 7]"
0057238.png,4,"[4, 6, 7]"
0057242.png,4,"[4, 7, 5]"
0057243.png,4,"[4, 7, 6]"
0057248.png,4,"[4, 6, 9]"
0057250.png,4,"[4, 7, 5]"
0057251.png,4,"[4, 7, 8]"
0057257.png,4,"[4, 2, 6]"
0057258.png,4,"[4, 7, 6]"
0057260.png,4,"[4, 8, 6]"
0057264.png,4,"[4, 7, 9]"
0057271.png,4,"[4, 7, 1]"
0057274.png,4,"[4, 7, 6]"
0057283.png,4,"[4, 7, 6]"
0057301.png,4,"[4, 7, 6]"
0057311.png,4,"[4, 7, 8]"
0057315.png,4,"[4, 9, 6]"
0057321.png,4,"[4, 9, 6]"
0057334.png,4,"[4, 7, 9]"
0057335.png,4,"[4, 8, 9]"
0057340.png,4,"[4, 7, 8]"
0057344.png,4,"[4, 7, 8]"
0057359.png,4,"[4, 7, 6]"
0057360.png,4,"[4, 3, 6]"
0057362.png,4,"[4, 7, 2]"
0057379.png,4,"[4, 7, 8]"
0057386.png,4,"[4, 7, 1]"
0057406.png,4,"[4, 6, 2]"
0057407.png,4,"[4, 9, 6]"
0057408.png,4,"[4, 6, 7]"
0057414.png,4,"[4, 7, 8]"
0057417.png,4,"[4, 7, 1]"
0057429.png,4,"[4, 7, 9]"
0057431.png,4,"[4, 7, 6]"
0057434.png,4,"[4, 2, 3]"
0057445.png,4,"[4, 7, 9]"
0057446.png,4,"[4, 7, 6]"
0057448.png,4,"[4, 6, 7]"
0057455.png,4,"[4, 9, 6]"
0057456.png,4,"[4, 9, 7]"
0057459.png,4,"[4, 7, 9]"
0057469.png,4,"[4, 7, 1]"
0057472.png,4,"[4, 7, 6]"
0057474.png,4,"[4, 9, 6]"
0057482.png,4,"[4, 2, 8]"
0057503.png,4,"[4, 7, 9]"
0057506.png,4,"[4, 7, 9]"
0057514.png,4,"[4, 6, 2]"
0057515.png,4,"[4, 7, 9]"
0057519.png,4,"[4, 6, 7]"
0057526.png,4,"[4, 7, 1]"
0057527.png,4,"[4, 7, 6]"
0057531.png,4,"[4, 9, 7]"
0057548.png,4,"[4, 7, 8]"
0057557.png,4,"[4, 7, 9]"
0057559.png,4,"[4, 7, 9]"
0057562.png,4,"[4, 7, 1]"
0057574.png,4,"[4, 6, 7]"
0057575.png,4,"[4, 7, 6]"
0057580.png,4,"[4, 9, 8]"
0057581.png,4,"[4, 7, 6]"
0057586.png,4,"[4, 7, 6]"
0057593.png,4,"[4, 7, 9]"
0057594.png,4,"[4, 9, 7]"
0057602.png,4,"[4, 7, 1]"
0057608.png,4,"[4, 7, 2]"
0057609.png,4,"[4, 7, 6]"
0057614.png,4,"[4, 6, 8]"
0057615.png,4,"[4, 7, 9]"
0057616.png,4,"[4, 7, 1]"
0057621.png,4,"[4, 8, 7]"
0057625.png,4,"[4, 7, 6]"
0057626.png,4,"[4, 7, 9]"
0057630.png,4,"[4, 7, 9]"
0057632.png,4,"[4, 7, 2]"
0057637.png,4,"[4, 8, 9]"
0057638.png,4,"[4, 3, 7]"
0057647.png,4,"[4, 7, 6]"
0057650.png,4,"[4, 6, 2]"
0057657.png,4,"[4, 8, 7]"
0057661.png,4,"[4, 7, 8]"
0057668.png,4,"[4, 6, 7]"
0057670.png,4,"[4, 7, 9]"
0057672.png,4,"[4, 7, 9]"
0057673.png,4,"[4, 9, 6]"
0057674.png,4,"[4, 7, 1]"
0057678.png,4,"[4, 7, 9]"
0057681.png,4,"[4, 6, 9]"
0057682.png,4,"[4, 6, 7]"
0057691.png,4,"[4, 7, 9]"
0057693.png,4,"[4, 6, 1]"
0057699.png,4,"[4, 9, 7]"
0057705.png,4,"[4, 7, 9]"
0057706.png,4,"[4, 8, 2]"
0057707.png,4,"[4, 6, 8]"
0057716.png,4,"[4, 7, 9]"
0057725.png,4,"[4, 7, 9]"
0057726.png,4,"[4, 9, 7]"
0057727.png,4,"[4, 9, 7]"
0057731.png,4,"[4, 7, 1]"
0057733.png,4,"[4, 1, 6]"
0057735.png,4,"[4, 6, 8]"
0057737.png,4,"[4, 7, 9]"
0057738.png,4,"[4, 2, 7]"
0057744.png,4,"[4, 1, 6]"
0057745.png,4,"[4, 6, 9]"
0057752.png,4,"[4, 8, 6]"
0057759.png,4,"[4, 6, 7]"
0057769.png,4,"[4, 7, 6]"
0057771.png,4,"[4, 9, 6]"
0057775.png,4,"[4, 6, 9]"
0057789.png,4,"[4, 1, 9]"
0057791.png,4,"[4, 7, 1]"
0057796.png,4,"[4, 7, 9]"
0057797.png,4,"[4, 7, 9]"
0057798.png,4,"[4, 7, 9]"
0057818.png,4,"[4, 6, 7]"
0057819.png,4,"[4, 7, 6]"
0057820.png,4,"[4, 7, 8]"
0057831.png,4,"[4, 7, 6]"
0057835.png,4,"[4, 7, 5]"
0057840.png,4,"[4, 9, 6]"
0057843.png,4,"[4, 9, 2]"
0057849.png,4,"[4, 7, 8]"
0057851.png,4,"[4, 7, 6]"
0057852.png,4,"[4, 7, 9]"
0057853.png,4,"[4, 7, 9]"
0057856.png,8,"[8, 4, 9]"
0057858.png,4,"[4, 7, 9]"
0057862.png,4,"[4, 9, 6]"
0057872.png,4,"[4, 7, 6]"
0057874.png,4,"[4, 7, 9]"
0057876.png,9,"[9, 4, 7]"
0057878.png,4,"[4, 7, 2]"
0057884.png,4,"[4, 7, 1]"
0057886.png,4,"[4, 7, 8]"
0057893.png,4,"[4, 7, 1]"
0057894.png,4,"[4, 2, 1]"
0057895.png,4,"[4, 7, 1]"
0057904.png,4,"[4, 6, 7]"
0057906.png,4,"[4, 6, 9]"
0057908.png,4,"[4, 7, 6]"
0057909.png,4,"[4, 7, 8]"
0057916.png,4,"[4, 7, 1]"
0057926.png,4,"[4, 6, 9]"
0057943.png,4,"[4, 7, 8]"
0057947.png,4,"[4, 7, 9]"
0057955.png,4,"[4, 9, 7]"
0057956.png,4,"[4, 7, 8]"
0057961.png,4,"[4, 7, 8]"
0057962.png,4,"[4, 5, 6]"
0057979.png,4,"[4, 6, 9]"
0057985.png,4,"[4, 6, 7]"
0057996.png,4,"[4, 6, 3]"
0058017.png,4,"[4, 7, 1]"
0058026.png,4,"[4, 7, 9]"
0058033.png,4,"[4, 7, 1]"
0058036.png,4,"[4, 7, 6]"
0058042.png,4,"[4, 9, 6]"
0058049.png,4,"[4, 7, 2]"
0058053.png,0,"[0, 6, 8]"
0058054.png,4,"[4, 7, 6]"
0058062.png,4,"[4, 6, 7]"
0058065.png,4,"[4, 7, 9]"
0058074.png,4,"[4, 9, 6]"
0058085.png,4,"[4, 7, 9]"
0058088.png,4,"[4, 7, 6]"
0058095.png,4,"[4, 7, 9]"
0058096.png,4,"[4, 7, 6]"
0058098.png,4,"[4, 6, 7]"
0058099.png,4,"[4, 6, 9]"
0058101.png,4,"[4, 7, 1]"
0058105.png,4,"[4, 7, 6]"
0058119.png,4,"[4, 7, 6]"
0058123.png,4,"[4, 7, 8]"
0058127.png,4,"[4, 7, 1]"
0058134.png,9,"[9, 4, 7]"
0058135.png,4,"[4, 9, 8]"
0058138.png,4,"[4, 6, 7]"
0058146.png,4,"[4, 7, 2]"
0058147.png,4,"[4, 7, 9]"
0058150.png,4,"[4, 7, 6]"
0058155.png,4,"[4, 1, 7]"
0058156.png,4,"[4, 5, 7]"
0058160.png,4,"[4, 7, 8]"
0058165.png,4,"[4, 7, 9]"
0058174.png,4,"[4, 7, 5]"
0058180.png,4,"[4, 7, 9]"
0058182.png,4,"[4, 7, 6]"
0058188.png,4,"[4, 6, 2]"
0058194.png,4,"[4, 7, 5]"
0058198.png,4,"[4, 6, 9]"
0058205.png,4,"[4, 7, 9]"
0058206.png,4,"[4, 8, 5]"
0058210.png,4,"[4, 7, 9]"
0058212.png,4,"[4, 7, 9]"
0058214.png,4,"[4, 7, 6]"
0058216.png,4,"[4, 6, 5]"
0058223.png,4,"[4, 9, 3]"
0058228.png,4,"[4, 7, 9]"
0058247.png,4,"[4, 6, 9]"
0058248.png,4,"[4, 6, 7]"
0058257.png,4,"[4, 7, 9]"
0058259.png,4,"[4, 6, 8]"
0058263.png,4,"[4, 7, 6]"
0058264.png,4,"[4, 7, 8]"
0058268.png,4,"[4, 1, 6]"
0058280.png,4,"[4, 7, 9]"
0058285.png,4,"[4, 9, 5]"
0058294.png,4,"[4, 7, 2]"
0058297.png,4,"[4, 9, 7]"
0058303.png,4,"[4, 7, 2]"
0058305.png,4,"[4, 7, 9]"
0058321.png,4,"[4, 2, 8]"
0058328.png,4,"[4, 3, 6]"
0058334.png,4,"[4, 7, 2]"
0058338.png,4,"[4, 1, 7]"
0058339.png,4,"[4, 6, 9]"
0058343.png,4,"[4, 9, 7]"
0058345.png,4,"[4, 7, 5]"
0058349.png,4,"[4, 7, 1]"
0058354.png,4,"[4, 7, 5]"
0058366.png,4,"[4, 6, 5]"
0058367.png,4,"[4, 6, 2]"
0058372.png,4,"[4, 7, 9]"
0058374.png,4,"[4, 7, 2]"
0058379.png,9,"[9, 4, 7]"
0058380.png,4,"[4, 2, 9]"
0058381.png,4,"[4, 7, 9]"
0058382.png,4,"[4, 7, 5]"
0058387.png,4,"[4, 7, 1]"
0058395.png,4,"[4, 7, 6]"
0058399.png,4,"[4, 7, 9]"
0058408.png,4,"[4, 7, 1]"
0058410.png,4,"[4, 7, 8]"
0058411.png,4,"[4, 7, 1]"
0058419.png,4,"[4, 7, 6]"
0058421.png,4,"[4, 5, 7]"
0058422.png,4,"[4, 7, 9]"
0058436.png,4,"[4, 7, 6]"
0058450.png,4,"[4, 2, 6]"
0058451.png,4,"[4, 2, 7]"
0058453.png,4,"[4, 7, 8]"
0058466.png,4,"[4, 6, 7]"
0058468.png,4,"[4, 2, 5]"
0058473.png,4,"[4, 8, 7]"
0058477.png,4,"[4, 6, 7]"
0058478.png,4,"[4, 7, 9]"
0058480.png,4,"[4, 6, 8]"
0058482.png,4,"[4, 9, 7]"
0058483.png,4,"[4, 7, 9]"
0058487.png,4,"[4, 7, 6]"
0058489.png,4,"[4, 7, 1]"
0058492.png,4,"[4, 7, 8]"
0058499.png,4,"[4, 7, 5]"
0058502.png,4,"[4, 6, 5]"
0058506.png,4,"[4, 7, 6]"
0058509.png,4,"[4, 9, 7]"
0058510.png,4,"[4, 2, 5]"
0058513.png,4,"[4, 7, 9]"
0058523.png,4,"[4, 7, 9]"
0058524.png,4,"[4, 6, 7]"
0058529.png,4,"[4, 7, 9]"
0058532.png,4,"[4, 1, 3]"
0058534.png,4,"[4, 6, 7]"
0058536.png,4,"[4, 7, 9]"
0058542.png,4,"[4, 8, 3]"
0058543.png,4,"[4, 9, 8]"
0058545.png,4,"[4, 7, 1]"
0058546.png,4,"[4, 7, 6]"
0058547.png,4,"[4, 7, 9]"
0058555.png,4,"[4, 7, 9]"
0058563.png,4,"[4, 9, 7]"
0058569.png,4,"[4, 7, 9]"
0058580.png,4,"[4, 7, 5]"
0058587.png,4,"[4, 7, 8]"
0058588.png,4,"[4, 8, 7]"
0058591.png,4,"[4, 7, 9]"
0058610.png,4,"[4, 6, 5]"
0058617.png,4,"[4, 7, 9]"
0058623.png,4,"[4, 7, 1]"
0058625.png,4,"[4, 6, 7]"
0058629.png,2,"[2, 4, 6]"
0058630.png,4,"[4, 6, 9]"
0058637.png,4,"[4, 7, 9]"
0058641.png,4,"[4, 9, 7]"
0058642.png,4,"[4, 9, 7]"
0058644.png,4,"[4, 6, 8]"
0058656.png,4,"[4, 7, 9]"
0058668.png,4,"[4, 6, 8]"
0058671.png,4,"[4, 9, 6]"
0058677.png,4,"[4, 7, 6]"
0058684.png,4,"[4, 7, 8]"
0058687.png,9,"[9, 4, 6]"
0058688.png,4,"[4, 8, 7]"
0058702.png,4,"[4, 6, 5]"
0058717.png,4,"[4, 2, 7]"
0058722.png,4,"[4, 8, 7]"
0058724.png,4,"[4, 7, 8]"
0058725.png,4,"[4, 7, 9]"
0058727.png,4,"[4, 9, 1]"
0058729.png,4,"[4, 7, 1]"
0058735.png,4,"[4, 7, 1]"
0058738.png,4,"[4, 7, 2]"
0058741.png,4,"[4, 7, 1]"
0058750.png,4,"[4, 9, 7]"
0058751.png,4,"[4, 9, 7]"
0058753.png,4,"[4, 6, 2]"
0058755.png,4,"[4, 7, 9]"
0058758.png,4,"[4, 8, 7]"
0058761.png,4,"[4, 7, 2]"
0058771.png,4,"[4, 6, 2]"
0058784.png,4,"[4, 7, 1]"
0058785.png,4,"[4, 7, 9]"
0058793.png,4,"[4, 6, 7]"
0058798.png,4,"[4, 9, 8]"
0058799.png,4,"[4, 9, 6]"
0058801.png,9,"[9, 4, 6]"
0058804.png,4,"[4, 8, 7]"
0058808.png,4,"[4, 3, 8]"
0058823.png,4,"[4, 7, 9]"
0058826.png,4,"[4, 6, 7]"
0058833.png,4,"[4, 6, 9]"
0058835.png,4,"[4, 7, 1]"
0058846.png,4,"[4, 6, 7]"
0058848.png,9,"[9, 2, 4]"
0058850.png,4,"[4, 8, 9]"
0058852.png,4,"[4, 7, 6]"
0058854.png,4,"[4, 6, 5]"
0058856.png,4,"[4, 9, 6]"
0058864.png,4,"[4, 6, 9]"
0058870.png,4,"[4, 9, 7]"
0058873.png,4,"[4, 6, 9]"
0058874.png,4,"[4, 7, 8]"
0058885.png,4,"[4, 9, 7]"
0058888.png,4,"[4, 8, 7]"
0058889.png,4,"[4, 7, 9]"
0058894.png,4,"[4, 7, 8]"
0058896.png,4,"[4, 7, 2]"
0058897.png,4,"[4, 5, 8]"
0058900.png,4,"[4, 7, 8]"
0058905.png,4,"[4, 7, 9]"
0058918.png,4,"[4, 6, 3]"
0058920.png,4,"[4, 7, 6]"
0058923.png,4,"[4, 9, 6]"
0058929.png,4,"[4, 7, 8]"
0058939.png,4,"[4, 7, 9]"
0058940.png,4,"[4, 7, 1]"
0058947.png,4,"[4, 1, 9]"
0058971.png,4,"[4, 6, 9]"
0058974.png,4,"[4, 7, 9]"
0058975.png,4,"[4, 9, 6]"
0058977.png,4,"[4, 7, 9]"
0058978.png,4,"[4, 7, 2]"
0058981.png,4,"[4, 5, 7]"
0058991.png,4,"[4, 7, 2]"
0058995.png,4,"[4, 6, 7]"
0058996.png,4,"[4, 6, 2]"
0058997.png,4,"[4, 2, 7]"
0058999.png,4,"[4, 9, 6]"
0059000.png,4,"[4, 7, 5]"
0059005.png,4,"[4, 9, 7]"
0059007.png,4,"[4, 5, 7]"
0059013.png,4,"[4, 9, 8]"
0059016.png,4,"[4, 9, 7]"
0059020.png,4,"[4, 7, 6]"
0059023.png,4,"[4, 7, 6]"
0059027.png,4,"[4, 7, 5]"
0059039.png,4,"[4, 7, 2]"
0059041.png,4,"[4, 9, 2]"
0059044.png,4,"[4, 7, 9]"
0059053.png,4,"[4, 7, 8]"
0059054.png,4,"[4, 6, 8]"
0059055.png,4,"[4, 7, 6]"
0059067.png,4,"[4, 7, 2]"
0059069.png,4,"[4, 7, 9]"
0059074.png,9,"[9, 4, 7]"
0059075.png,4,"[4, 7, 3]"
0059080.png,4,"[4, 9, 2]"
0059085.png,4,"[4, 7, 9]"
0059086.png,4,"[4, 7, 6]"
0059097.png,4,"[4, 7, 9]"
0059102.png,8,"[8, 1, 0]"
0059103.png,8,"[8, 4, 7]"
0059106.png,4,"[4, 7, 8]"
0059107.png,4,"[4, 7, 9]"
0059119.png,4,"[4, 7, 1]"
0059123.png,4,"[4, 7, 6]"
0059129.png,4,"[4, 7, 9]"
0059135.png,4,"[4, 7, 9]"
0059138.png,4,"[4, 6, 7]"
0059144.png,4,"[4, 9, 7]"
0059145.png,4,"[4, 9, 7]"
0059153.png,4,"[4, 6, 9]"
0059154.png,4,"[4, 8, 7]"
0059156.png,4,"[4, 9, 1]"
0059161.png,4,"[4, 8, 7]"
0059165.png,4,"[4, 9, 7]"
0059169.png,4,"[4, 9, 7]"
0059170.png,4,"[4, 7, 9]"
0059172.png,4,"[4, 7, 8]"
0059175.png,4,"[4, 7, 9]"
0059187.png,4,"[4, 6, 7]"
0059192.png,4,"[4, 7, 8]"
0059194.png,2,"[2, 5, 4]"
0059214.png,4,"[4, 6, 5]"
0059222.png,4,"[4, 7, 8]"
0059223.png,4,"[4, 7, 9]"
0059235.png,4,"[4, 7, 9]"
0059237.png,4,"[4, 9, 6]"
0059238.png,4,"[4, 7, 9]"
0059242.png,4,"[4, 7, 5]"
0059243.png,4,"[4, 9, 7]"
0059246.png,4,"[4, 7, 9]"
0059247.png,4,"[4, 7, 6]"
0059251.png,4,"[4, 7, 9]"
0059257.png,4,"[4, 7, 5]"
0059260.png,4,"[4, 7, 1]"
0059261.png,4,"[4, 9, 6]"
0059273.png,4,"[4, 7, 9]"
0059281.png,4,"[4, 7, 9]"
0059294.png,4,"[4, 7, 8]"
0059297.png,4,"[4, 7, 9]"
0059303.png,4,"[4, 9, 6]"
0059306.png,4,"[4, 6, 3]"
0059312.png,4,"[4, 1, 7]"
0059313.png,4,"[4, 7, 9]"
0059317.png,4,"[4, 7, 9]"
0059319.png,4,"[4, 9, 6]"
0059320.png,4,"[4, 1, 7]"
0059333.png,4,"[4, 7, 9]"
0059336.png,4,"[4, 9, 6]"
0059341.png,4,"[4, 7, 1]"
0059354.png,4,"[4, 7, 6]"
0059355.png,4,"[4, 7, 2]"
0059360.png,4,"[4, 7, 6]"
0059371.png,4,"[4, 9, 7]"
0059375.png,4,"[4, 7, 8]"
0059377.png,4,"[4, 7, 9]"
0059384.png,4,"[4, 6, 3]"
0059389.png,4,"[4, 7, 8]"
0059390.png,4,"[4, 6, 2]"
0059393.png,4,"[4, 8, 6]"
0059401.png,4,"[4, 7, 8]"
0059402.png,4,"[4, 7, 8]"
0059407.png,4,"[4, 7, 1]"
0059411.png,4,"[4, 9, 7]"
0059416.png,4,"[4, 6, 9]"
0059429.png,4,"[4, 7, 1]"
0059430.png,4,"[4, 6, 9]"
0059438.png,2,"[2, 4, 7]"
0059439.png,4,"[4, 7, 0]"
0059443.png,4,"[4, 7, 8]"
0059449.png,4,"[4, 9, 7]"
0059452.png,4,"[4, 8, 5]"
0059459.png,4,"[4, 8, 5]"
0059461.png,4,"[4, 7, 9]"
0059463.png,4,"[4, 9, 7]"
0059473.png,4,"[4, 9, 7]"
0059478.png,4,"[4, 6, 7]"
0059487.png,9,"[9, 4, 6]"
0059496.png,4,"[4, 7, 6]"
0059505.png,4,"[4, 7, 6]"
0059513.png,4,"[4, 7, 8]"
0059515.png,9,"[9, 6, 4]"
0059516.png,4,"[4, 7, 1]"
0059517.png,4,"[4, 7, 1]"
0059518.png,4,"[4, 7, 8]"
0059522.png,2,"[2, 6, 4]"
0059533.png,4,"[4, 6, 2]"
0059540.png,4,"[4, 8, 9]"
0059542.png,4,"[4, 6, 2]"
0059550.png,4,"[4, 6, 8]"
0059558.png,4,"[4, 7, 9]"
0059559.png,4,"[4, 9, 7]"
0059561.png,4,"[4, 7, 5]"
0059568.png,4,"[4, 7, 8]"
0059582.png,4,"[4, 9, 6]"
0059583.png,4,"[4, 7, 6]"
0059584.png,4,"[4, 8, 2]"
0059589.png,4,"[4, 9, 6]"
0059597.png,4,"[4, 7, 8]"
0059604.png,4,"[4, 7, 8]"
0059605.png,4,"[4, 7, 5]"
0059611.png,4,"[4, 7, 2]"
0059624.png,4,"[4, 9, 7]"
0059626.png,4,"[4, 6, 8]"
0059635.png,4,"[4, 7, 9]"
0059642.png,4,"[4, 9, 6]"
0059645.png,4,"[4, 7, 9]"
0059649.png,4,"[4, 7, 1]"
0059651.png,4,"[4, 8, 9]"
0059654.png,4,"[4, 9, 7]"
0059662.png,4,"[4, 6, 9]"
0059665.png,4,"[4, 7, 1]"
0059666.png,4,"[4, 5, 6]"
0059675.png,4,"[4, 7, 6]"
0059676.png,4,"[4, 7, 8]"
0059681.png,4,"[4, 7, 9]"
0059685.png,4,"[4, 9, 7]"
0059686.png,4,"[4, 8, 6]"
0059700.png,4,"[4, 6, 9]"
0059703.png,4,"[4, 7, 1]"
0059707.png,4,"[4, 7, 1]"
0059708.png,4,"[4, 7, 1]"
0059711.png,4,"[4, 7, 9]"
0059721.png,4,"[4, 7, 9]"
0059731.png,4,"[4, 6, 7]"
0059736.png,4,"[4, 6, 9]"
0059738.png,4,"[4, 7, 9]"
0059740.png,4,"[4, 9, 6]"
0059745.png,4,"[4, 9, 7]"
0059749.png,4,"[4, 9, 6]"
0059752.png,4,"[4, 7, 1]"
0059755.png,4,"[4, 6, 9]"
0059757.png,4,"[4, 7, 9]"
0059758.png,4,"[4, 7, 6]"
0059761.png,4,"[4, 9, 6]"
0059765.png,4,"[4, 1, 7]"
0059767.png,4,"[4, 6, 7]"
0059772.png,4,"[4, 7, 6]"
0059773.png,4,"[4, 9, 7]"
0059785.png,4,"[4, 7, 9]"
0059792.png,4,"[4, 6, 9]"
0059793.png,4,"[4, 9, 5]"
0059800.png,4,"[4, 7, 6]"
0059802.png,4,"[4, 6, 1]"
0059804.png,4,"[4, 7, 8]"
0059807.png,4,"[4, 7, 6]"
0059808.png,4,"[4, 7, 2]"
0059809.png,4,"[4, 7, 3]"
0059810.png,4,"[4, 6, 9]"
0059811.png,4,"[4, 6, 9]"
0059813.png,4,"[4, 7, 9]"
0059817.png,4,"[4, 7, 6]"
0059823.png,4,"[4, 7, 9]"
0059829.png,4,"[4, 7, 1]"
0059834.png,4,"[4, 7, 9]"
0059839.png,4,"[4, 7, 9]"
0059847.png,4,"[4, 7, 9]"
0059848.png,4,"[4, 9, 7]"
0059855.png,4,"[4, 7, 1]"
0059857.png,9,"[9, 6, 4]"
0059862.png,4,"[4, 2, 6]"
0059865.png,4,"[4, 7, 8]"
0059866.png,5,"[5, 1, 4]"
0059867.png,4,"[4, 5, 2]"
0059887.png,4,"[4, 9, 8]"
0059893.png,4,"[4, 9, 7]"
0059900.png,4,"[4, 7, 6]"
0059910.png,4,"[4, 7, 9]"
0059912.png,4,"[4, 2, 7]"
0059914.png,4,"[4, 9, 7]"
0059930.png,4,"[4, 7, 2]"
0059935.png,4,"[4, 9, 7]"
0059954.png,4,"[4, 7, 9]"
0059958.png,4,"[4, 9, 7]"
0059967.png,9,"[9, 6, 4]"
0059968.png,4,"[4, 7, 9]"
0059969.png,4,"[4, 9, 7]"
0059978.png,4,"[4, 7, 1]"
0059980.png,4,"[4, 6, 2]"
0059982.png,4,"[4, 7, 9]"
0059993.png,4,"[4, 7, 8]"
0059996.png,4,"[4, 8, 7]"
0060004.png,4,"[4, 7, 9]"
0060008.png,4,"[4, 7, 6]"
0060015.png,4,"[4, 5, 7]"
0060019.png,4,"[4, 7, 9]"
0060031.png,4,"[4, 7, 9]"
0060043.png,4,"[4, 7, 9]"
0060045.png,4,"[4, 9, 6]"
0060050.png,4,"[4, 6, 7]"
0060068.png,4,"[4, 2, 5]"
0060074.png,4,"[4, 7, 9]"
0060075.png,4,"[4, 1, 7]"
0060078.png,4,"[4, 9, 8]"
0060079.png,4,"[4, 8, 9]"
0060084.png,4,"[4, 7, 6]"
0060087.png,4,"[4, 7, 2]"
0060090.png,4,"[4, 7, 9]"
0060104.png,4,"[4, 7, 9]"
0060108.png,4,"[4, 7, 6]"
0060114.png,4,"[4, 9, 8]"
0060123.png,4,"[4, 9, 7]"
0060135.png,4,"[4, 7, 6]"
0060138.png,4,"[4, 7, 1]"
0060139.png,4,"[4, 7, 1]"
0060146.png,4,"[4, 8, 9]"
0060148.png,4,"[4, 3, 6]"
0060159.png,4,"[4, 7, 9]"
0060169.png,4,"[4, 7, 1]"
0060170.png,4,"[4, 3, 8]"
0060172.png,4,"[4, 3, 5]"
0060174.png,4,"[4, 7, 9]"
0060181.png,4,"[4, 6, 5]"
0060183.png,4,"[4, 7, 5]"
0060187.png,4,"[4, 2, 1]"
0060192.png,4,"[4, 7, 3]"
0060194.png,4,"[4, 9, 7]"
0060198.png,4,"[4, 7, 8]"
0060209.png,4,"[4, 9, 8]"
0060214.png,4,"[4, 7, 6]"
0060219.png,4,"[4, 6, 7]"
0060229.png,4,"[4, 6, 7]"
0060233.png,4,"[4, 9, 1]"
0060241.png,4,"[4, 6, 9]"
0060245.png,4,"[4, 6, 2]"
0060253.png,4,"[4, 6, 9]"
0060257.png,4,"[4, 7, 9]"
0060263.png,4,"[4, 7, 1]"
0060265.png,4,"[4, 9, 7]"
0060269.png,4,"[4, 9, 7]"
0060271.png,4,"[4, 9, 7]"
0060273.png,4,"[4, 7, 9]"
0060279.png,4,"[4, 6, 8]"
0060284.png,4,"[4, 7, 9]"
0060285.png,4,"[4, 9, 7]"
0060289.png,4,"[4, 7, 2]"
0060292.png,4,"[4, 8, 9]"
0060298.png,4,"[4, 6, 2]"
0060326.png,4,"[4, 7, 2]"
0060328.png,4,"[4, 2, 5]"
0060330.png,4,"[4, 7, 8]"
0060346.png,4,"[4, 7, 8]"
0060351.png,4,"[4, 9, 7]"
0060360.png,4,"[4, 6, 7]"
0060361.png,4,"[4, 7, 9]"
0060363.png,4,"[4, 7, 6]"
0060370.png,9,"[9, 7, 3]"
0060373.png,4,"[4, 7, 9]"
0060384.png,4,"[4, 7, 6]"
0060387.png,4,"[4, 7, 8]"
0060391.png,4,"[4, 7, 8]"
0060395.png,4,"[4, 7, 0]"
0060397.png,4,"[4, 7, 1]"
0060398.png,4,"[4, 7, 1]"
0060402.png,4,"[4, 6, 8]"
0060410.png,4,"[4, 2, 6]"
0060414.png,4,"[4, 5, 6]"
0060415.png,4,"[4, 5, 6]"
0060421.png,4,"[4, 7, 6]"
0060422.png,4,"[4, 7, 9]"
0060429.png,4,"[4, 6, 7]"
0060430.png,4,"[4, 7, 8]"
0060446.png,4,"[4, 7, 8]"
0060468.png,4,"[4, 7, 8]"
0060469.png,4,"[4, 7, 8]"
0060470.png,4,"[4, 7, 9]"
0060479.png,4,"[4, 6, 9]"
0060483.png,7,"[7, 4, 2]"
0060484.png,4,"[4, 7, 2]"
0060491.png,4,"[4, 9, 7]"
0060493.png,4,"[4, 9, 7]"
0060500.png,4,"[4, 8, 7]"
0060503.png,4,"[4, 9, 6]"
0060508.png,6,"[6, 4, 2]"
0060511.png,4,"[4, 6, 9]"
0060516.png,4,"[4, 6, 9]"
0060520.png,4,"[4, 7, 6]"
0060521.png,4,"[4, 6, 2]"
0060524.png,4,"[4, 6, 0]"
0060526.png,6,"[6, 4, 2]"
0060528.png,4,"[4, 2, 7]"
0060535.png,4,"[4, 7, 2]"
0060536.png,4,"[4, 6, 9]"
0060539.png,4,"[4, 6, 7]"
0060557.png,4,"[4, 7, 1]"
0060562.png,4,"[4, 2, 7]"
0060567.png,4,"[4, 7, 3]"
0060569.png,4,"[4, 7, 2]"
0060576.png,4,"[4, 6, 7]"
0060577.png,4,"[4, 7, 6]"
0060589.png,4,"[4, 7, 6]"
0060594.png,4,"[4, 7, 9]"
0060596.png,4,"[4, 7, 1]"
0060599.png,4,"[4, 7, 1]"
0060600.png,4,"[4, 2, 6]"
0060604.png,4,"[4, 7, 8]"
0060607.png,4,"[4, 2, 9]"
0060621.png,4,"[4, 7, 9]"
0060626.png,4,"[4, 7, 6]"
0060630.png,4,"[4, 7, 6]"
0060637.png,4,"[4, 8, 7]"
0060639.png,4,"[4, 9, 7]"
0060641.png,4,"[4, 1, 7]"
0060646.png,4,"[4, 8, 7]"
0060658.png,4,"[4, 7, 6]"
0060659.png,4,"[4, 7, 9]"
0060660.png,4,"[4, 7, 6]"
0060661.png,4,"[4, 7, 6]"
0060664.png,4,"[4, 6, 7]"
0060671.png,4,"[4, 9, 5]"
0060683.png,4,"[4, 9, 6]"
0060685.png,4,"[4, 7, 6]"
0060689.png,4,"[4, 9, 6]"
0060699.png,4,"[4, 7, 9]"
0060716.png,4,"[4, 1, 7]"
0060727.png,4,"[4, 7, 8]"
0060745.png,4,"[4, 1, 7]"
0060746.png,4,"[4, 9, 7]"
0060750.png,4,"[4, 2, 7]"
0060753.png,4,"[4, 6, 5]"
0060754.png,4,"[4, 7, 2]"
0060755.png,4,"[4, 9, 6]"
0060775.png,4,"[4, 6, 9]"
0060780.png,4,"[4, 9, 7]"
0060786.png,4,"[4, 7, 8]"
0060787.png,4,"[4, 7, 9]"
0060788.png,4,"[4, 2, 9]"
0060800.png,4,"[4, 7, 2]"
0060801.png,4,"[4, 2, 7]"
0060806.png,4,"[4, 7, 1]"
0060810.png,4,"[4, 7, 8]"
0060815.png,4,"[4, 7, 9]"
0060816.png,4,"[4, 9, 6]"
0060829.png,4,"[4, 7, 8]"
0060831.png,4,"[4, 7, 9]"
0060834.png,4,"[4, 6, 9]"
0060839.png,4,"[4, 9, 7]"
0060840.png,4,"[4, 8, 2]"
0060845.png,4,"[4, 9, 7]"
0060849.png,4,"[4, 7, 8]"
0060859.png,4,"[4, 9, 7]"
0060869.png,4,"[4, 7, 1]"
0060891.png,4,"[4, 6, 9]"
0060895.png,4,"[4, 9, 7]"
0060910.png,4,"[4, 7, 6]"
0060913.png,4,"[4, 9, 1]"
0060914.png,4,"[4, 7, 1]"
0060918.png,4,"[4, 7, 1]"
0060921.png,4,"[4, 7, 1]"
0060923.png,4,"[4, 7, 6]"
0060929.png,4,"[4, 7, 1]"
0060934.png,4,"[4, 2, 8]"
0060948.png,4,"[4, 7, 9]"
0060952.png,4,"[4, 9, 6]"
0060954.png,4,"[4, 7, 9]"
0060957.png,4,"[4, 7, 1]"
0060972.png,4,"[4, 7, 9]"
0060977.png,4,"[4, 7, 1]"
0060978.png,4,"[4, 7, 9]"
0060984.png,4,"[4, 7, 6]"
0060992.png,4,"[4, 9, 2]"
0060999.png,4,"[4, 7, 6]"
0061004.png,4,"[4, 7, 6]"
0061012.png,4,"[4, 6, 5]"
0061017.png,4,"[4, 7, 9]"
0061030.png,4,"[4, 7, 9]"
0061031.png,4,"[4, 9, 7]"
0061033.png,4,"[4, 7, 6]"
0061034.png,4,"[4, 6, 9]"
0061039.png,4,"[4, 1, 7]"
0061042.png,4,"[4, 7, 6]"
0061046.png,4,"[4, 7, 6]"
0061049.png,4,"[4, 7, 1]"
0061050.png,4,"[4, 7, 6]"
0061051.png,4,"[4, 7, 1]"
0061054.png,4,"[4, 7, 6]"
0061055.png,4,"[4, 7, 6]"
0061057.png,4,"[4, 2, 3]"
0061059.png,4,"[4, 7, 9]"
0061060.png,4,"[4, 6, 7]"
0061061.png,4,"[4, 7, 9]"
0061063.png,4,"[4, 7, 2]"
0061064.png,4,"[4, 7, 8]"
0061070.png,4,"[4, 7, 9]"
0061071.png,4,"[4, 7, 1]"
0061073.png,4,"[4, 7, 1]"
0061074.png,4,"[4, 7, 9]"
0061078.png,4,"[4, 6, 9]"
0061080.png,4,"[4, 6, 7]"
0061089.png,4,"[4, 7, 2]"
0061090.png,4,"[4, 6, 7]"
0061091.png,4,"[4, 7, 1]"
0061095.png,4,"[4, 2, 7]"
0061096.png,4,"[4, 7, 9]"
0061102.png,4,"[4, 6, 2]"
0061112.png,4,"[4, 7, 9]"
0061114.png,4,"[4, 6, 8]"
0061121.png,4,"[4, 7, 9]"
0061124.png,4,"[4, 7, 8]"
0061127.png,4,"[4, 6, 9]"
0061130.png,4,"[4, 7, 6]"
0061134.png,4,"[4, 7, 2]"
0061140.png,4,"[4, 1, 7]"
0061143.png,4,"[4, 8, 7]"
0061145.png,4,"[4, 7, 9]"
0061154.png,4,"[4, 7, 9]"
0061165.png,4,"[4, 7, 9]"
0061170.png,4,"[4, 7, 2]"
0061172.png,4,"[4, 1, 3]"
0061178.png,4,"[4, 7, 8]"
0061193.png,4,"[4, 7, 8]"
0061194.png,4,"[4, 6, 5]"
0061203.png,4,"[4, 7, 2]"
0061204.png,4,"[4, 7, 2]"
0061207.png,4,"[4, 6, 9]"
0061211.png,4,"[4, 7, 2]"
0061216.png,4,"[4, 6, 5]"
0061225.png,4,"[4, 8, 9]"
0061229.png,4,"[4, 7, 1]"
0061234.png,4,"[4, 7, 9]"
0061243.png,4,"[4, 9, 7]"
0061253.png,4,"[4, 7, 2]"
0061257.png,4,"[4, 7, 1]"
0061270.png,4,"[4, 7, 2]"
0061274.png,4,"[4, 6, 5]"
0061289.png,4,"[4, 7, 9]"
0061290.png,4,"[4, 7, 2]"
0061292.png,4,"[4, 7, 6]"
0061296.png,4,"[4, 7, 8]"
0061304.png,4,"[4, 7, 9]"
0061313.png,4,"[4, 7, 9]"
0061316.png,4,"[4, 6, 1]"
0061322.png,4,"[4, 7, 6]"
0061323.png,4,"[4, 6, 9]"
0061324.png,4,"[4, 7, 1]"
0061325.png,4,"[4, 7, 1]"
0061331.png,4,"[4, 7, 6]"
0061332.png,4,"[4, 7, 9]"
0061336.png,4,"[4, 7, 9]"
0061337.png,4,"[4, 6, 9]"
0061347.png,7,"[7, 1, 9]"
0061351.png,4,"[4, 7, 2]"
0061352.png,4,"[4, 9, 7]"
0061364.png,4,"[4, 7, 9]"
0061371.png,4,"[4, 7, 6]"
0061378.png,4,"[4, 7, 5]"
0061380.png,4,"[4, 7, 6]"
0061386.png,4,"[4, 1, 2]"
0061389.png,4,"[4, 9, 6]"
0061391.png,4,"[4, 7, 1]"
0061400.png,6,"[6, 4, 5]"
0061407.png,4,"[4, 9, 7]"
0061409.png,4,"[4, 6, 9]"
0061413.png,4,"[4, 9, 1]"
0061418.png,4,"[4, 2, 6]"
0061419.png,4,"[4, 2, 6]"
0061421.png,4,"[4, 7, 6]"
0061424.png,4,"[4, 7, 1]"
0061425.png,4,"[4, 9, 7]"
0061427.png,4,"[4, 7, 1]"
0061438.png,4,"[4, 7, 9]"
0061445.png,4,"[4, 9, 7]"
0061447.png,4,"[4, 9, 6]"
0061448.png,4,"[4, 7, 9]"
0061453.png,4,"[4, 7, 9]"
0061455.png,4,"[4, 9, 7]"
0061460.png,4,"[4, 6, 8]"
0061464.png,4,"[4, 6, 7]"
0061471.png,4,"[4, 7, 6]"
0061473.png,4,"[4, 9, 6]"
0061486.png,4,"[4, 7, 6]"
0061490.png,4,"[4, 7, 1]"
0061496.png,4,"[4, 9, 7]"
0061505.png,4,"[4, 7, 9]"
0061510.png,4,"[4, 7, 8]"
0061512.png,4,"[4, 7, 2]"
0061517.png,4,"[4, 7, 1]"
0061531.png,4,"[4, 7, 9]"
0061533.png,4,"[4, 7, 2]"
0061535.png,4,"[4, 6, 2]"
0061551.png,4,"[4, 7, 9]"
0061556.png,4,"[4, 6, 7]"
0061557.png,4,"[4, 7, 6]"
0061559.png,4,"[4, 6, 9]"
0061560.png,4,"[4, 7, 8]"
0061582.png,4,"[4, 8, 6]"
0061586.png,4,"[4, 8, 2]"
0061588.png,4,"[4, 6, 7]"
0061598.png,4,"[4, 7, 9]"
0061607.png,4,"[4, 6, 9]"
0061616.png,4,"[4, 7, 9]"
0061627.png,4,"[4, 7, 2]"
0061629.png,4,"[4, 7, 2]"
0061642.png,4,"[4, 7, 9]"
0061649.png,4,"[4, 7, 1]"
0061653.png,4,"[4, 7, 8]"
0061659.png,4,"[4, 7, 2]"
0061660.png,4,"[4, 7, 9]"
0061662.png,4,"[4, 7, 6]"
0061663.png,4,"[4, 7, 8]"
0061664.png,4,"[4, 7, 2]"
0061677.png,4,"[4, 7, 1]"
0061681.png,4,"[4, 7, 5]"
0061694.png,4,"[4, 6, 7]"
0061701.png,4,"[4, 8, 7]"
0061708.png,4,"[4, 2, 7]"
0061709.png,4,"[4, 7, 6]"
0061710.png,4,"[4, 7, 5]"
0061711.png,4,"[4, 6, 8]"
0061712.png,4,"[4, 7, 1]"
0061714.png,4,"[4, 7, 8]"
0061717.png,4,"[4, 6, 9]"
0061719.png,4,"[4, 7, 8]"
0061723.png,4,"[4, 7, 1]"
0061727.png,4,"[4, 7, 9]"
0061735.png,4,"[4, 6, 2]"
0061742.png,4,"[4, 6, 2]"
0061756.png,4,"[4, 7, 2]"
0061761.png,4,"[4, 7, 6]"
0061765.png,4,"[4, 7, 9]"
0061766.png,4,"[4, 7, 9]"
0061768.png,4,"[4, 7, 2]"
0061772.png,4,"[4, 7, 5]"
0061774.png,4,"[4, 8, 7]"
0061777.png,4,"[4, 7, 2]"
0061782.png,4,"[4, 7, 8]"
0061788.png,4,"[4, 7, 8]"
0061793.png,4,"[4, 7, 9]"
0061800.png,4,"[4, 7, 6]"
0061812.png,4,"[4, 7, 5]"
0061813.png,4,"[4, 7, 9]"
0061817.png,4,"[4, 7, 6]"
0061828.png,4,"[4, 7, 6]"
0061839.png,4,"[4, 7, 9]"
0061842.png,4,"[4, 9, 6]"
0061844.png,4,"[4, 7, 6]"
0061846.png,4,"[4, 7, 5]"
0061850.png,4,"[4, 7, 9]"
0061858.png,4,"[4, 7, 9]"
0061860.png,4,"[4, 6, 7]"
0061881.png,4,"[4, 6, 9]"
0061886.png,4,"[4, 6, 7]"
0061887.png,4,"[4, 7, 6]"
0061894.png,4,"[4, 7, 3]"
0061898.png,4,"[4, 7, 8]"
0061900.png,4,"[4, 3, 6]"
0061901.png,4,"[4, 7, 8]"
0061907.png,4,"[4, 7, 8]"
0061918.png,4,"[4, 7, 3]"
0061926.png,4,"[4, 7, 5]"
0061932.png,4,"[4, 7, 5]"
0061933.png,4,"[4, 7, 8]"
0061934.png,4,"[4, 7, 9]"
0061949.png,4,"[4, 7, 9]"
0061960.png,4,"[4, 7, 9]"
0061961.png,4,"[4, 7, 1]"
0061967.png,4,"[4, 8, 2]"
0061972.png,4,"[4, 2, 8]"
0061978.png,4,"[4, 1, 7]"
0061981.png,4,"[4, 2, 7]"
0061983.png,4,"[4, 1, 7]"
0061989.png,4,"[4, 7, 8]"
0061998.png,4,"[4, 7, 8]"
0062007.png,4,"[4, 7, 9]"
0062009.png,4,"[4, 7, 8]"
0062016.png,4,"[4, 9, 6]"
0062023.png,4,"[4, 2, 7]"
0062035.png,4,"[4, 9, 7]"
0062036.png,4,"[4, 8, 2]"
0062040.png,4,"[4, 8, 7]"
0062041.png,4,"[4, 9, 7]"
0062045.png,4,"[4, 2, 7]"
0062050.png,4,"[4, 6, 7]"
0062051.png,4,"[4, 7, 9]"
0062052.png,4,"[4, 1, 7]"
0062057.png,4,"[4, 9, 7]"
0062070.png,4,"[4, 7, 9]"
0062079.png,4,"[4, 7, 6]"
0062082.png,4,"[4, 7, 6]"
0062087.png,4,"[4, 7, 1]"
0062095.png,4,"[4, 1, 7]"
0062096.png,4,"[4, 1, 7]"
0062098.png,4,"[4, 7, 6]"
0062099.png,4,"[4, 7, 1]"
0062104.png,7,"[7, 2, 3]"
0062112.png,4,"[4, 7, 9]"
0062114.png,4,"[4, 7, 9]"
0062115.png,4,"[4, 7, 9]"
0062123.png,4,"[4, 7, 1]"
0062128.png,4,"[4, 7, 1]"
0062131.png,4,"[4, 9, 7]"
0062138.png,2,"[2, 6, 5]"
0062139.png,2,"[2, 6, 4]"
0062147.png,4,"[4, 7, 1]"
0062150.png,4,"[4, 1, 7]"
0062154.png,4,"[4, 5, 7]"
0062166.png,4,"[4, 6, 5]"
0062167.png,4,"[4, 1, 9]"
0062170.png,4,"[4, 7, 9]"
0062183.png,4,"[4, 7, 8]"
0062187.png,4,"[4, 7, 9]"
0062193.png,4,"[4, 6, 9]"
0062196.png,4,"[4, 7, 8]"
0062203.png,4,"[4, 7, 6]"
0062205.png,4,"[4, 6, 9]"
0062208.png,4,"[4, 7, 6]"
0062221.png,4,"[4, 7, 9]"
0062225.png,4,"[4, 7, 2]"
0062246.png,4,"[4, 6, 5]"
0062247.png,4,"[4, 7, 1]"
0062255.png,4,"[4, 6, 7]"
0062256.png,4,"[4, 7, 8]"
0062258.png,4,"[4, 6, 7]"
0062261.png,4,"[4, 9, 7]"
0062262.png,4,"[4, 7, 9]"
0062263.png,4,"[4, 9, 8]"
0062274.png,4,"[4, 6, 2]"
0062278.png,4,"[4, 7, 8]"
0062279.png,4,"[4, 7, 8]"
0062300.png,4,"[4, 7, 1]"
0062301.png,4,"[4, 7, 9]"
0062304.png,4,"[4, 6, 7]"
0062305.png,4,"[4, 8, 7]"
0062307.png,4,"[4, 7, 9]"
0062312.png,4,"[4, 7, 9]"
0062324.png,4,"[4, 7, 9]"
0062329.png,4,"[4, 7, 1]"
0062332.png,4,"[4, 7, 9]"
0062338.png,4,"[4, 2, 7]"
0062339.png,4,"[4, 7, 5]"
0062340.png,9,"[9, 7, 4]"
0062341.png,9,"[9, 4, 1]"
0062344.png,4,"[4, 7, 9]"
0062345.png,4,"[4, 9, 7]"
0062348.png,4,"[4, 7, 6]"
0062354.png,4,"[4, 7, 5]"
0062357.png,4,"[4, 9, 6]"
0062374.png,4,"[4, 7, 9]"
0062382.png,4,"[4, 6, 3]"
0062385.png,4,"[4, 7, 9]"
0062393.png,4,"[4, 7, 6]"
0062394.png,4,"[4, 7, 1]"
0062396.png,4,"[4, 9, 6]"
0062398.png,4,"[4, 7, 9]"
0062400.png,4,"[4, 7, 1]"
0062402.png,4,"[4, 7, 9]"
0062403.png,4,"[4, 6, 9]"
0062404.png,4,"[4, 7, 6]"
0062405.png,4,"[4, 7, 6]"
0062407.png,4,"[4, 7, 6]"
0062413.png,4,"[4, 7, 1]"
0062417.png,4,"[4, 7, 9]"
0062420.png,4,"[4, 8, 7]"
0062424.png,4,"[4, 7, 8]"
0062430.png,4,"[4, 7, 8]"
0062438.png,4,"[4, 7, 9]"
0062439.png,4,"[4, 7, 9]"
0062444.png,4,"[4, 7, 8]"
0062446.png,4,"[4, 7, 1]"
0062451.png,4,"[4, 7, 2]"
0062452.png,4,"[4, 7, 9]"
0062481.png,4,"[4, 7, 9]"
0062486.png,4,"[4, 7, 9]"
0062490.png,4,"[4, 7, 6]"
0062497.png,4,"[4, 7, 2]"
0062500.png,4,"[4, 7, 1]"
0062501.png,4,"[4, 7, 1]"
0062506.png,4,"[4, 7, 6]"
0062508.png,4,"[4, 9, 7]"
0062510.png,4,"[4, 7, 5]"
0062511.png,4,"[4, 7, 2]"
0062525.png,4,"[4, 7, 9]"
0062526.png,4,"[4, 7, 9]"
0062528.png,4,"[4, 9, 6]"
0062530.png,4,"[4, 3, 1]"
0062537.png,4,"[4, 7, 9]"
0062539.png,6,"[6, 9, 4]"
0062541.png,4,"[4, 5, 1]"
0062543.png,4,"[4, 6, 7]"
0062545.png,4,"[4, 8, 9]"
0062547.png,4,"[4, 6, 7]"
0062557.png,4,"[4, 7, 9]"
0062566.png,4,"[4, 1, 7]"
0062572.png,4,"[4, 7, 1]"
0062574.png,4,"[4, 8, 3]"
0062577.png,4,"[4, 7, 9]"
0062587.png,4,"[4, 7, 9]"
0062595.png,4,"[4, 7, 9]"
0062610.png,4,"[4, 7, 5]"
0062613.png,4,"[4, 7, 2]"
0062616.png,4,"[4, 7, 6]"
0062620.png,4,"[4, 6, 9]"
0062621.png,4,"[4, 6, 9]"
0062639.png,4,"[4, 1, 6]"
0062651.png,4,"[4, 7, 1]"
0062656.png,4,"[4, 7, 8]"
0062660.png,4,"[4, 7, 9]"
0062662.png,4,"[4, 7, 3]"
0062664.png,4,"[4, 7, 9]"
0062667.png,4,"[4, 7, 1]"
0062670.png,4,"[4, 6, 8]"
0062676.png,4,"[4, 7, 9]"
0062677.png,4,"[4, 7, 9]"
0062681.png,4,"[4, 6, 7]"
0062686.png,4,"[4, 7, 9]"
0062694.png,4,"[4, 7, 1]"
0062712.png,4,"[4, 9, 7]"
0062716.png,4,"[4, 1, 7]"
0062717.png,4,"[4, 1, 8]"
0062721.png,4,"[4, 9, 7]"
0062722.png,4,"[4, 9, 7]"
0062730.png,4,"[4, 8, 7]"
0062731.png,4,"[4, 7, 8]"
0062735.png,4,"[4, 7, 9]"
0062737.png,4,"[4, 7, 9]"
0062748.png,4,"[4, 7, 6]"
0062756.png,4,"[4, 3, 9]"
0062757.png,4,"[4, 1, 9]"
0062762.png,4,"[4, 7, 3]"
0062773.png,4,"[4, 7, 6]"
0062784.png,4,"[4, 6, 9]"
0062787.png,4,"[4, 7, 9]"
0062792.png,4,"[4, 7, 9]"
0062805.png,4,"[4, 9, 7]"
0062811.png,4,"[4, 7, 9]"
0062812.png,4,"[4, 7, 1]"
0062813.png,4,"[4, 7, 6]"
0062817.png,4,"[4, 7, 6]"
0062823.png,4,"[4, 8, 7]"
0062824.png,4,"[4, 8, 7]"
0062827.png,4,"[4, 7, 9]"
0062829.png,4,"[4, 7, 9]"
0062830.png,4,"[4, 9, 6]"
0062831.png,4,"[4, 7, 9]"
0062832.png,4,"[4, 9, 6]"
0062836.png,4,"[4, 5, 6]"
0062845.png,4,"[4, 7, 8]"
0062850.png,4,"[4, 6, 5]"
0062854.png,4,"[4, 7, 6]"
0062865.png,4,"[4, 7, 2]"
0062870.png,4,"[4, 6, 9]"
0062871.png,4,"[4, 6, 1]"
0062881.png,4,"[4, 7, 2]"
0062882.png,4,"[4, 7, 6]"
0062883.png,4,"[4, 7, 6]"
0062889.png,4,"[4, 7, 9]"
0062896.png,4,"[4, 7, 9]"
0062900.png,4,"[4, 7, 2]"
0062903.png,4,"[4, 7, 9]"
0062913.png,4,"[4, 7, 6]"
0062915.png,4,"[4, 7, 5]"
0062922.png,4,"[4, 8, 7]"
0062928.png,4,"[4, 7, 3]"
0062942.png,5,"[5, 7, 3]"
0062954.png,5,"[5, 3, 2]"
0062961.png,5,"[5, 8, 3]"
0062962.png,5,"[5, 6, 3]"
0062964.png,5,"[5, 3, 8]"
0062978.png,5,"[5, 3, 6]"
0062981.png,5,"[5, 8, 3]"
0062983.png,5,"[5, 3, 7]"
0062989.png,5,"[5, 6, 3]"
0062992.png,5,"[5, 3, 4]"
0062997.png,5,"[5, 3, 6]"
0063000.png,5,"[5, 3, 9]"
0063016.png,5,"[5, 3, 8]"
0063038.png,5,"[5, 8, 6]"
0063044.png,5,"[5, 3, 8]"
0063054.png,5,"[5, 3, 6]"
0063055.png,5,"[5, 3, 6]"
0063082.png,5,"[5, 6, 2]"
0063083.png,5,"[5, 6, 3]"
0063085.png,5,"[5, 3, 6]"
0063095.png,5,"[5, 3, 6]"
0063100.png,5,"[5, 3, 8]"
0063110.png,5,"[5, 6, 7]"
0063122.png,5,"[5, 3, 6]"
0063124.png,5,"[5, 3, 8]"
0063130.png,5,"[5, 6, 3]"
0063141.png,5,"[5, 3, 2]"
0063144.png,5,"[5, 3, 6]"
0063145.png,5,"[5, 3, 8]"
0063146.png,5,"[5, 8, 3]"
0063149.png,5,"[5, 3, 2]"
0063150.png,5,"[5, 6, 3]"
0063151.png,5,"[5, 6, 3]"
0063154.png,5,"[5, 3, 8]"
0063157.png,5,"[5, 6, 2]"
0063167.png,5,"[5, 3, 4]"
0063169.png,5,"[5, 3, 2]"
0063171.png,5,"[5, 6, 3]"
0063172.png,5,"[5, 8, 9]"
0063176.png,5,"[5, 3, 2]"
0063178.png,5,"[5, 9, 3]"
0063190.png,5,"[5, 3, 6]"
0063196.png,5,"[5, 6, 3]"
0063206.png,5,"[5, 3, 8]"
0063207.png,5,"[5, 3, 8]"
0063218.png,5,"[5, 6, 3]"
0063221.png,5,"[5, 6, 3]"
0063230.png,5,"[5, 6, 8]"
0063232.png,5,"[5, 3, 4]"
0063236.png,5,"[5, 3, 8]"
0063241.png,5,"[5, 2, 8]"
0063242.png,5,"[5, 3, 7]"
0063245.png,5,"[5, 6, 2]"
0063248.png,8,"[8, 0, 2]"
0063249.png,6,"[6, 8, 5]"
0063250.png,5,"[5, 8, 6]"
0063258.png,5,"[5, 3, 2]"
0063261.png,5,"[5, 6, 3]"
0063263.png,5,"[5, 2, 7]"
0063264.png,5,"[5, 3, 6]"
0063274.png,5,"[5, 3, 8]"
0063277.png,5,"[5, 3, 2]"
0063283.png,5,"[5, 3, 7]"
0063285.png,5,"[5, 6, 2]"
0063289.png,5,"[5, 2, 8]"
0063294.png,5,"[5, 3, 8]"
0063304.png,5,"[5, 8, 3]"
0063319.png,5,"[5, 3, 1]"
0063335.png,5,"[5, 3, 8]"
0063340.png,5,"[5, 6, 8]"
0063350.png,5,"[5, 3, 9]"
0063363.png,5,"[5, 3, 8]"
0063366.png,5,"[5, 3, 6]"
0063372.png,5,"[5, 3, 6]"
0063384.png,5,"[5, 3, 6]"
0063388.png,5,"[5, 3, 8]"
0063393.png,5,"[5, 6, 3]"
0063406.png,5,"[5, 8, 3]"
0063410.png,5,"[5, 6, 3]"
0063419.png,5,"[5, 3, 7]"
0063420.png,5,"[5, 3, 1]"
0063422.png,5,"[5, 3, 6]"
0063424.png,5,"[5, 9, 8]"
0063425.png,5,"[5, 6, 9]"
0063426.png,5,"[5, 6, 3]"
0063433.png,5,"[5, 3, 6]"
0063441.png,5,"[5, 3, 6]"
0063442.png,5,"[5, 3, 2]"
0063446.png,5,"[5, 3, 4]"
0063447.png,5,"[5, 4, 3]"
0063449.png,8,"[8, 3, 5]"
0063454.png,5,"[5, 3, 8]"
0063457.png,3,"[3, 8, 5]"
0063461.png,5,"[5, 3, 6]"
0063462.png,5,"[5, 3, 9]"
0063464.png,5,"[5, 9, 3]"
0063467.png,5,"[5, 1, 6]"
0063474.png,5,"[5, 9, 2]"
0063476.png,5,"[5, 6, 9]"
0063482.png,5,"[5, 6, 3]"
0063490.png,5,"[5, 6, 9]"
0063492.png,5,"[5, 3, 6]"
0063494.png,5,"[5, 6, 9]"
0063501.png,5,"[5, 3, 7]"
0063503.png,5,"[5, 3, 2]"
0063508.png,5,"[5, 3, 8]"
0063509.png,5,"[5, 3, 8]"
0063518.png,5,"[5, 3, 6]"
0063519.png,5,"[5, 3, 2]"
0063523.png,5,"[5, 2, 8]"
0063540.png,8,"[8, 5, 2]"
0063543.png,5,"[5, 3, 7]"
0063546.png,5,"[5, 3, 8]"
0063556.png,5,"[5, 6, 8]"
0063566.png,5,"[5, 8, 3]"
0063567.png,5,"[5, 8, 3]"
0063568.png,5,"[5, 8, 3]"
0063569.png,5,"[5, 6, 3]"
0063574.png,5,"[5, 3, 6]"
0063578.png,5,"[5, 2, 7]"
0063580.png,5,"[5, 3, 9]"
0063588.png,5,"[5, 8, 3]"
0063598.png,5,"[5, 3, 8]"
0063601.png,7,"[7, 4, 5]"
0063605.png,5,"[5, 6, 3]"
0063611.png,5,"[5, 8, 6]"
0063615.png,5,"[5, 3, 8]"
0063625.png,5,"[5, 3, 2]"
0063626.png,5,"[5, 3, 9]"
0063627.png,5,"[5, 3, 7]"
0063629.png,5,"[5, 6, 3]"
0063638.png,5,"[5, 7, 4]"
0063640.png,5,"[5, 6, 9]"
0063643.png,5,"[5, 6, 8]"
0063652.png,5,"[5, 3, 9]"
0063655.png,5,"[5, 6, 8]"
0063660.png,6,"[6, 3, 9]"
0063664.png,5,"[5, 3, 8]"
0063667.png,5,"[5, 8, 3]"
0063674.png,5,"[5, 2, 6]"
0063679.png,5,"[5, 3, 7]"
0063688.png,5,"[5, 3, 6]"
0063692.png,5,"[5, 6, 9]"
0063693.png,5,"[5, 6, 9]"
0063695.png,5,"[5, 3, 7]"
0063700.png,5,"[5, 3, 8]"
0063704.png,5,"[5, 3, 8]"
0063706.png,5,"[5, 3, 2]"
0063709.png,5,"[5, 6, 3]"
0063713.png,5,"[5, 6, 3]"
0063714.png,5,"[5, 4, 3]"
0063719.png,5,"[5, 6, 3]"
0063721.png,5,"[5, 2, 8]"
0063724.png,5,"[5, 3, 9]"
0063726.png,5,"[5, 3, 6]"
0063730.png,5,"[5, 3, 2]"
0063736.png,5,"[5, 3, 8]"
0063738.png,5,"[5, 3, 6]"
0063740.png,5,"[5, 8, 6]"
0063749.png,5,"[5, 3, 6]"
0063752.png,5,"[5, 3, 6]"
0063753.png,5,"[5, 7, 3]"
0063763.png,5,"[5, 3, 6]"
0063802.png,5,"[5, 3, 8]"
0063804.png,5,"[5, 3, 8]"
0063810.png,5,"[5, 3, 8]"
0063811.png,5,"[5, 6, 8]"
0063812.png,5,"[5, 6, 2]"
0063819.png,5,"[5, 3, 6]"
0063832.png,5,"[5, 3, 6]"
0063853.png,3,"[3, 5, 6]"
0063866.png,5,"[5, 3, 6]"
0063874.png,5,"[5, 6, 3]"
0063875.png,5,"[5, 3, 6]"
0063878.png,5,"[5, 3, 9]"
0063883.png,5,"[5, 3, 9]"
0063895.png,5,"[5, 3, 6]"
0063897.png,5,"[5, 3, 6]"
0063899.png,5,"[5, 3, 2]"
0063900.png,5,"[5, 3, 6]"
0063907.png,5,"[5, 3, 7]"
0063908.png,5,"[5, 3, 2]"
0063911.png,5,"[5, 3, 1]"
0063917.png,5,"[5, 2, 7]"
0063918.png,5,"[5, 3, 7]"
0063924.png,5,"[5, 3, 6]"
0063928.png,5,"[5, 3, 6]"
0063942.png,5,"[5, 3, 8]"
0063946.png,5,"[5, 9, 6]"
0063950.png,5,"[5, 9, 3]"
0063951.png,5,"[5, 6, 9]"
0063952.png,5,"[5, 3, 6]"
0063957.png,5,"[5, 3, 6]"
0063960.png,5,"[5, 6, 3]"
0063963.png,5,"[5, 6, 3]"
0063965.png,5,"[5, 3, 6]"
0063970.png,5,"[5, 3, 2]"
0063976.png,5,"[5, 3, 6]"
0063984.png,5,"[5, 3, 6]"
0063995.png,5,"[5, 7, 3]"
0063998.png,5,"[5, 3, 2]"
0064002.png,5,"[5, 3, 6]"
0064005.png,5,"[5, 6, 9]"
0064007.png,5,"[5, 3, 2]"
0064013.png,5,"[5, 6, 9]"
0064024.png,5,"[5, 3, 6]"
0064027.png,5,"[5, 6, 3]"
0064030.png,5,"[5, 6, 3]"
0064031.png,5,"[5, 3, 6]"
0064033.png,5,"[5, 6, 3]"
0064036.png,5,"[5, 3, 6]"
0064044.png,5,"[5, 3, 6]"
0064049.png,5,"[5, 3, 8]"
0064057.png,5,"[5, 4, 7]"
0064060.png,8,"[8, 6, 9]"
0064068.png,5,"[5, 3, 8]"
0064073.png,5,"[5, 3, 2]"
0064075.png,5,"[5, 3, 6]"
0064082.png,5,"[5, 6, 8]"
0064083.png,5,"[5, 2, 3]"
0064087.png,5,"[5, 4, 2]"
0064098.png,5,"[5, 3, 4]"
0064102.png,5,"[5, 9, 6]"
0064103.png,5,"[5, 9, 8]"
0064105.png,5,"[5, 3, 7]"
0064111.png,8,"[8, 5, 6]"
0064112.png,5,"[5, 2, 3]"
0064119.png,5,"[5, 3, 1]"
0064122.png,5,"[5, 3, 6]"
0064128.png,5,"[5, 9, 8]"
0064131.png,5,"[5, 4, 3]"
0064143.png,5,"[5, 3, 7]"
0064144.png,5,"[5, 3, 8]"
0064145.png,5,"[5, 3, 6]"
0064146.png,5,"[5, 7, 9]"
0064152.png,5,"[5, 3, 8]"
0064154.png,5,"[5, 3, 6]"
0064159.png,5,"[5, 6, 3]"
0064160.png,5,"[5, 3, 8]"
0064162.png,5,"[5, 6, 4]"
0064176.png,5,"[5, 3, 6]"
0064180.png,0,"[0, 2, 8]"
0064186.png,5,"[5, 3, 6]"
0064187.png,5,"[5, 3, 2]"
0064195.png,5,"[5, 8, 9]"
0064197.png,5,"[5, 8, 6]"
0064203.png,5,"[5, 8, 3]"
0064204.png,5,"[5, 4, 6]"
0064206.png,5,"[5, 3, 6]"
0064212.png,5,"[5, 9, 8]"
0064213.png,5,"[5, 9, 6]"
0064222.png,5,"[5, 3, 8]"
0064226.png,5,"[5, 7, 3]"
0064230.png,5,"[5, 3, 9]"
0064232.png,5,"[5, 6, 8]"
0064234.png,5,"[5, 3, 9]"
0064244.png,5,"[5, 3, 6]"
0064246.png,5,"[5, 3, 6]"
0064249.png,5,"[5, 3, 2]"
0064255.png,5,"[5, 1, 3]"
0064258.png,5,"[5, 3, 4]"
0064261.png,5,"[5, 3, 6]"
0064262.png,5,"[5, 3, 8]"
0064283.png,5,"[5, 3, 6]"
0064290.png,5,"[5, 3, 6]"
0064291.png,5,"[5, 3, 8]"
0064294.png,5,"[5, 3, 6]"
0064297.png,5,"[5, 3, 7]"
0064298.png,5,"[5, 3, 7]"
0064304.png,3,"[3, 5, 0]"
0064308.png,5,"[5, 8, 3]"
0064312.png,5,"[5, 3, 6]"
0064315.png,5,"[5, 3, 6]"
0064316.png,2,"[2, 3, 7]"
0064317.png,2,"[2, 3, 5]"
0064318.png,6,"[6, 5, 2]"
0064322.png,5,"[5, 3, 6]"
0064330.png,5,"[5, 6, 3]"
0064336.png,5,"[5, 3, 1]"
0064338.png,5,"[5, 3, 6]"
0064339.png,5,"[5, 3, 6]"
0064344.png,5,"[5, 3, 6]"
0064348.png,5,"[5, 8, 9]"
0064352.png,5,"[5, 3, 6]"
0064355.png,5,"[5, 9, 6]"
0064359.png,5,"[5, 3, 2]"
0064360.png,5,"[5, 2, 8]"
0064363.png,5,"[5, 6, 3]"
0064369.png,5,"[5, 3, 6]"
0064371.png,5,"[5, 4, 6]"
0064373.png,5,"[5, 3, 6]"
0064386.png,5,"[5, 6, 9]"
0064392.png,5,"[5, 3, 7]"
0064398.png,5,"[5, 9, 2]"
0064404.png,5,"[5, 8, 2]"
0064408.png,5,"[5, 3, 6]"
0064409.png,5,"[5, 6, 4]"
0064410.png,5,"[5, 6, 4]"
0064411.png,5,"[5, 2, 3]"
0064421.png,5,"[5, 3, 6]"
0064422.png,5,"[5, 3, 7]"
0064427.png,8,"[8, 5, 2]"
0064429.png,5,"[5, 3, 6]"
0064432.png,5,"[5, 3, 2]"
0064455.png,5,"[5, 3, 6]"
0064463.png,5,"[5, 3, 7]"
0064470.png,5,"[5, 8, 2]"
0064488.png,5,"[5, 3, 9]"
0064520.png,8,"[8, 9, 6]"
0064523.png,5,"[5, 9, 8]"
0064530.png,5,"[5, 3, 7]"
0064531.png,5,"[5, 3, 7]"
0064536.png,5,"[5, 3, 6]"
0064552.png,5,"[5, 3, 7]"
0064553.png,5,"[5, 3, 7]"
0064565.png,5,"[5, 3, 9]"
0064568.png,5,"[5, 9, 8]"
0064577.png,5,"[5, 3, 2]"
0064578.png,5,"[5, 8, 2]"
0064583.png,5,"[5, 3, 6]"
0064588.png,5,"[5, 3, 6]"
0064590.png,5,"[5, 3, 9]"
0064594.png,5,"[5, 3, 9]"
0064596.png,5,"[5, 3, 8]"
0064604.png,5,"[5, 7, 3]"
0064608.png,5,"[5, 3, 9]"
0064609.png,5,"[5, 2, 3]"
0064612.png,5,"[5, 3, 6]"
0064614.png,5,"[5, 3, 2]"
0064618.png,5,"[5, 3, 8]"
0064623.png,5,"[5, 9, 6]"
0064628.png,5,"[5, 8, 9]"
0064640.png,5,"[5, 3, 2]"
0064644.png,5,"[5, 3, 6]"
0064659.png,5,"[5, 3, 2]"
0064666.png,5,"[5, 3, 6]"
0064668.png,5,"[5, 8, 7]"
0064669.png,5,"[5, 2, 3]"
0064670.png,5,"[5, 3, 2]"
0064685.png,5,"[5, 8, 2]"
0064687.png,5,"[5, 3, 8]"
0064689.png,5,"[5, 3, 7]"
0064703.png,5,"[5, 3, 6]"
0064705.png,5,"[5, 8, 2]"
0064706.png,5,"[5, 6, 8]"
0064708.png,5,"[5, 6, 3]"
0064714.png,5,"[5, 9, 3]"
0064721.png,5,"[5, 3, 7]"
0064733.png,5,"[5, 3, 1]"
0064735.png,5,"[5, 3, 2]"
0064739.png,5,"[5, 3, 7]"
0064744.png,5,"[5, 3, 6]"
0064748.png,6,"[6, 5, 3]"
0064750.png,5,"[5, 6, 3]"
0064751.png,5,"[5, 6, 3]"
0064753.png,5,"[5, 3, 8]"
0064755.png,5,"[5, 3, 6]"
0064756.png,5,"[5, 3, 6]"
0064768.png,5,"[5, 3, 6]"
0064771.png,5,"[5, 3, 6]"
0064778.png,5,"[5, 3, 6]"
0064780.png,5,"[5, 2, 4]"
0064788.png,5,"[5, 9, 8]"
0064790.png,5,"[5, 3, 6]"
0064799.png,5,"[5, 3, 7]"
0064802.png,5,"[5, 4, 3]"
0064803.png,5,"[5, 8, 3]"
0064805.png,5,"[5, 3, 7]"
0064807.png,5,"[5, 1, 3]"
0064812.png,5,"[5, 3, 6]"
0064815.png,5,"[5, 3, 2]"
0064817.png,5,"[5, 6, 3]"
0064819.png,5,"[5, 3, 2]"
0064832.png,5,"[5, 3, 6]"
0064842.png,5,"[5, 3, 8]"
0064847.png,5,"[5, 3, 7]"
0064848.png,5,"[5, 3, 6]"
0064857.png,5,"[5, 3, 8]"
0064862.png,5,"[5, 3, 8]"
0064865.png,5,"[5, 4, 6]"
0064867.png,5,"[5, 3, 6]"
0064874.png,5,"[5, 6, 4]"
0064883.png,5,"[5, 3, 6]"
0064884.png,5,"[5, 7, 3]"
0064885.png,5,"[5, 6, 4]"
0064894.png,5,"[5, 3, 2]"
0064895.png,5,"[5, 3, 1]"
0064897.png,5,"[5, 3, 7]"
0064904.png,5,"[5, 3, 7]"
0064909.png,5,"[5, 3, 6]"
0064919.png,5,"[5, 3, 6]"
0064930.png,5,"[5, 6, 3]"
0064932.png,5,"[5, 3, 1]"
0064936.png,5,"[5, 3, 2]"
0064937.png,3,"[3, 5, 7]"
0064942.png,5,"[5, 3, 8]"
0064947.png,5,"[5, 8, 6]"
0064951.png,5,"[5, 3, 7]"
0064957.png,5,"[5, 3, 6]"
0064963.png,5,"[5, 3, 7]"
0064969.png,5,"[5, 3, 6]"
0064975.png,5,"[5, 3, 2]"
0064976.png,5,"[5, 3, 6]"
0064977.png,5,"[5, 6, 3]"
0064984.png,5,"[5, 8, 3]"
0065000.png,5,"[5, 8, 3]"
0065004.png,5,"[5, 9, 4]"
0065008.png,5,"[5, 2, 1]"
0065010.png,5,"[5, 6, 3]"
0065016.png,5,"[5, 3, 9]"
0065021.png,5,"[5, 8, 2]"
0065022.png,5,"[5, 3, 8]"
0065026.png,5,"[5, 8, 3]"
0065027.png,5,"[5, 6, 3]"
0065040.png,5,"[5, 3, 8]"
0065046.png,5,"[5, 3, 6]"
0065048.png,5,"[5, 3, 9]"
0065070.png,5,"[5, 3, 8]"
0065071.png,5,"[5, 3, 8]"
0065080.png,5,"[5, 6, 3]"
0065085.png,5,"[5, 6, 3]"
0065088.png,5,"[5, 2, 3]"
0065100.png,5,"[5, 8, 2]"
0065101.png,5,"[5, 3, 2]"
0065108.png,5,"[5, 7, 3]"
0065113.png,5,"[5, 2, 8]"
0065117.png,5,"[5, 6, 9]"
0065119.png,5,"[5, 3, 6]"
0065132.png,5,"[5, 8, 6]"
0065135.png,5,"[5, 8, 2]"
0065148.png,5,"[5, 6, 3]"
0065152.png,5,"[5, 3, 6]"
0065158.png,5,"[5, 6, 3]"
0065160.png,5,"[5, 7, 4]"
0065163.png,5,"[5, 6, 3]"
0065167.png,5,"[5, 3, 6]"
0065172.png,5,"[5, 3, 8]"
0065181.png,5,"[5, 6, 8]"
0065185.png,5,"[5, 6, 3]"
0065192.png,5,"[5, 3, 6]"
0065203.png,5,"[5, 3, 2]"
0065209.png,5,"[5, 3, 9]"
0065215.png,5,"[5, 3, 6]"
0065216.png,5,"[5, 3, 7]"
0065219.png,5,"[5, 3, 6]"
0065230.png,5,"[5, 3, 6]"
0065235.png,5,"[5, 9, 7]"
0065236.png,5,"[5, 6, 4]"
0065237.png,5,"[5, 3, 6]"
0065245.png,5,"[5, 3, 4]"
0065247.png,5,"[5, 3, 6]"
0065263.png,5,"[5, 3, 7]"
0065273.png,5,"[5, 3, 9]"
0065278.png,5,"[5, 3, 8]"
0065281.png,5,"[5, 3, 4]"
0065284.png,5,"[5, 6, 3]"
0065289.png,5,"[5, 9, 6]"
0065290.png,5,"[5, 3, 8]"
0065293.png,5,"[5, 3, 2]"
0065296.png,5,"[5, 8, 3]"
0065298.png,5,"[5, 6, 2]"
0065300.png,5,"[5, 3, 8]"
0065305.png,5,"[5, 6, 9]"
0065306.png,5,"[5, 3, 4]"
0065308.png,5,"[5, 3, 6]"
0065313.png,5,"[5, 6, 3]"
0065316.png,5,"[5, 3, 8]"
0065323.png,5,"[5, 6, 3]"
0065324.png,5,"[5, 2, 3]"
0065327.png,5,"[5, 4, 6]"
0065337.png,5,"[5, 9, 6]"
0065349.png,5,"[5, 3, 6]"
0065355.png,5,"[5, 3, 6]"
0065357.png,5,"[5, 6, 3]"
0065358.png,5,"[5, 3, 6]"
0065364.png,7,"[7, 3, 5]"
0065365.png,5,"[5, 7, 3]"
0065382.png,5,"[5, 6, 3]"
0065390.png,5,"[5, 6, 9]"
0065391.png,5,"[5, 6, 3]"
0065400.png,5,"[5, 3, 8]"
0065404.png,5,"[5, 8, 6]"
0065407.png,5,"[5, 9, 6]"
0065409.png,5,"[5, 3, 2]"
0065425.png,5,"[5, 2, 3]"
0065427.png,5,"[5, 9, 7]"
0065438.png,5,"[5, 9, 2]"
0065440.png,5,"[5, 3, 2]"
0065458.png,5,"[5, 7, 2]"
0065469.png,5,"[5, 6, 3]"
0065471.png,5,"[5, 2, 3]"
0065483.png,5,"[5, 3, 7]"
0065484.png,5,"[5, 2, 3]"
0065491.png,5,"[5, 3, 6]"
0065495.png,5,"[5, 3, 6]"
0065496.png,6,"[6, 5, 2]"
0065507.png,5,"[5, 2, 3]"
0065509.png,5,"[5, 3, 9]"
0065514.png,5,"[5, 2, 8]"
0065515.png,5,"[5, 8, 3]"
0065521.png,5,"[5, 7, 3]"
0065526.png,5,"[5, 3, 2]"
0065527.png,5,"[5, 3, 6]"
0065530.png,5,"[5, 6, 3]"
0065533.png,5,"[5, 3, 9]"
0065534.png,5,"[5, 3, 8]"
0065539.png,5,"[5, 9, 6]"
0065540.png,5,"[5, 6, 3]"
0065549.png,5,"[5, 6, 2]"
0065567.png,5,"[5, 3, 6]"
0065570.png,5,"[5, 3, 2]"
0065571.png,5,"[5, 3, 6]"
0065574.png,5,"[5, 8, 6]"
0065576.png,5,"[5, 7, 6]"
0065579.png,5,"[5, 3, 9]"
0065580.png,5,"[5, 3, 7]"
0065583.png,3,"[3, 5, 7]"
0065585.png,5,"[5, 3, 7]"
0065591.png,5,"[5, 3, 6]"
0065602.png,5,"[5, 3, 6]"
0065604.png,5,"[5, 3, 7]"
0065606.png,5,"[5, 3, 6]"
0065608.png,5,"[5, 3, 8]"
0065611.png,5,"[5, 3, 4]"
0065623.png,5,"[5, 3, 2]"
0065626.png,5,"[5, 2, 6]"
0065635.png,5,"[5, 3, 2]"
0065640.png,5,"[5, 3, 6]"
0065642.png,5,"[5, 3, 6]"
0065643.png,5,"[5, 3, 6]"
0065647.png,5,"[5, 3, 2]"
0065648.png,5,"[5, 6, 7]"
0065656.png,5,"[5, 3, 9]"
0065659.png,5,"[5, 3, 6]"
0065662.png,5,"[5, 9, 6]"
0065664.png,5,"[5, 8, 6]"
0065680.png,5,"[5, 3, 6]"
0065682.png,5,"[5, 3, 7]"
0065702.png,5,"[5, 3, 6]"
0065704.png,5,"[5, 8, 3]"
0065705.png,5,"[5, 3, 6]"
0065707.png,5,"[5, 3, 6]"
0065711.png,5,"[5, 6, 3]"
0065720.png,5,"[5, 3, 6]"
0065725.png,5,"[5, 6, 3]"
0065726.png,8,"[8, 5, 9]"
0065738.png,5,"[5, 6, 8]"
0065755.png,5,"[5, 3, 6]"
0065757.png,5,"[5, 3, 4]"
0065759.png,5,"[5, 3, 7]"
0065765.png,5,"[5, 7, 3]"
0065768.png,5,"[5, 6, 3]"
0065772.png,5,"[5, 3, 9]"
0065773.png,5,"[5, 3, 6]"
0065774.png,5,"[5, 3, 6]"
0065776.png,5,"[5, 3, 6]"
0065786.png,5,"[5, 3, 2]"
0065787.png,5,"[5, 3, 2]"
0065799.png,5,"[5, 3, 7]"
0065803.png,5,"[5, 3, 9]"
0065804.png,5,"[5, 3, 8]"
0065808.png,5,"[5, 3, 8]"
0065809.png,5,"[5, 3, 8]"
0065815.png,5,"[5, 3, 6]"
0065816.png,5,"[5, 8, 6]"
0065818.png,5,"[5, 3, 6]"
0065822.png,5,"[5, 3, 9]"
0065824.png,5,"[5, 3, 2]"
0065835.png,5,"[5, 6, 2]"
0065839.png,5,"[5, 3, 6]"
0065841.png,5,"[5, 9, 3]"
0065843.png,5,"[5, 4, 2]"
0065845.png,5,"[5, 3, 6]"
0065847.png,5,"[5, 3, 2]"
0065850.png,5,"[5, 6, 3]"
0065855.png,5,"[5, 8, 2]"
0065858.png,5,"[5, 3, 8]"
0065861.png,5,"[5, 3, 6]"
0065863.png,5,"[5, 3, 6]"
0065868.png,5,"[5, 3, 7]"
0065869.png,3,"[3, 5, 6]"
0065872.png,5,"[5, 3, 9]"
0065887.png,5,"[5, 6, 3]"
0065888.png,5,"[5, 8, 9]"
0065889.png,5,"[5, 9, 6]"
0065893.png,5,"[5, 3, 7]"
0065895.png,1,"[1, 5, 8]"
0065900.png,5,"[5, 3, 6]"
0065901.png,5,"[5, 3, 6]"
0065903.png,5,"[5, 3, 1]"
0065905.png,5,"[5, 3, 6]"
0065906.png,5,"[5, 3, 6]"
0065915.png,7,"[7, 3, 2]"
0065919.png,5,"[5, 3, 9]"
0065920.png,5,"[5, 3, 6]"
0065928.png,3,"[3, 5, 7]"
0065934.png,5,"[5, 3, 7]"
0065935.png,7,"[7, 3, 5]"
0065940.png,5,"[5, 3, 6]"
0065944.png,5,"[5, 3, 9]"
0065959.png,5,"[5, 3, 2]"
0065961.png,5,"[5, 3, 4]"
0065974.png,5,"[5, 8, 2]"
0065977.png,5,"[5, 3, 6]"
0065980.png,5,"[5, 3, 8]"
0065991.png,5,"[5, 3, 6]"
0065994.png,5,"[5, 3, 8]"
0065998.png,5,"[5, 3, 6]"
0065999.png,5,"[5, 3, 7]"
0066001.png,5,"[5, 2, 7]"
0066003.png,5,"[5, 1, 3]"
0066010.png,5,"[5, 2, 3]"
0066011.png,5,"[5, 3, 8]"
0066012.png,5,"[5, 6, 9]"
0066013.png,5,"[5, 6, 3]"
0066026.png,5,"[5, 3, 6]"
0066029.png,5,"[5, 3, 6]"
0066048.png,5,"[5, 3, 6]"
0066059.png,5,"[5, 8, 3]"
0066065.png,5,"[5, 2, 3]"
0066069.png,5,"[5, 3, 7]"
0066093.png,5,"[5, 6, 3]"
0066103.png,5,"[5, 3, 7]"
0066108.png,5,"[5, 3, 7]"
0066114.png,5,"[5, 6, 9]"
0066116.png,5,"[5, 3, 6]"
0066119.png,5,"[5, 3, 7]"
0066121.png,5,"[5, 3, 2]"
0066128.png,5,"[5, 8, 3]"
0066135.png,5,"[5, 3, 2]"
0066144.png,5,"[5, 3, 7]"
0066145.png,5,"[5, 6, 3]"
0066156.png,5,"[5, 8, 3]"
0066157.png,5,"[5, 8, 6]"
0066160.png,5,"[5, 3, 6]"
0066169.png,5,"[5, 7, 3]"
0066170.png,5,"[5, 8, 6]"
0066179.png,5,"[5, 8, 3]"
0066183.png,5,"[5, 3, 7]"
0066186.png,5,"[5, 6, 8]"
0066187.png,5,"[5, 6, 3]"
0066194.png,5,"[5, 8, 6]"
0066206.png,5,"[5, 3, 6]"
0066208.png,5,"[5, 3, 2]"
0066210.png,5,"[5, 3, 8]"
0066213.png,5,"[5, 6, 2]"
0066214.png,5,"[5, 9, 6]"
0066222.png,5,"[5, 8, 3]"
0066225.png,5,"[5, 3, 6]"
0066226.png,5,"[5, 3, 8]"
0066229.png,5,"[5, 3, 9]"
0066239.png,5,"[5, 8, 3]"
0066240.png,5,"[5, 8, 7]"
0066246.png,5,"[5, 3, 8]"
0066247.png,5,"[5, 3, 8]"
0066250.png,5,"[5, 6, 3]"
0066256.png,5,"[5, 3, 2]"
0066258.png,5,"[5, 3, 9]"
0066265.png,5,"[5, 3, 9]"
0066271.png,5,"[5, 9, 6]"
0066272.png,5,"[5, 3, 8]"
0066280.png,5,"[5, 6, 3]"
0066290.png,8,"[8, 6, 5]"
0066293.png,5,"[5, 9, 8]"
0066302.png,5,"[5, 2, 3]"
0066309.png,5,"[5, 3, 7]"
0066312.png,5,"[5, 3, 6]"
0066314.png,5,"[5, 3, 8]"
0066319.png,5,"[5, 3, 7]"
0066330.png,5,"[5, 6, 8]"
0066344.png,5,"[5, 3, 7]"
0066346.png,5,"[5, 7, 3]"
0066351.png,5,"[5, 7, 3]"
0066360.png,5,"[5, 3, 8]"
0066369.png,5,"[5, 3, 4]"
0066375.png,5,"[5, 3, 4]"
0066387.png,5,"[5, 8, 7]"
0066388.png,5,"[5, 4, 6]"
0066389.png,5,"[5, 6, 3]"
0066391.png,5,"[5, 8, 3]"
0066392.png,5,"[5, 6, 2]"
0066395.png,5,"[5, 3, 2]"
0066397.png,5,"[5, 3, 6]"
0066400.png,3,"[3, 6, 5]"
0066402.png,3,"[3, 5, 6]"
0066403.png,5,"[5, 3, 6]"
0066404.png,5,"[5, 6, 9]"
0066409.png,5,"[5, 3, 2]"
0066421.png,5,"[5, 3, 1]"
0066425.png,5,"[5, 6, 3]"
0066431.png,5,"[5, 3, 6]"
0066439.png,5,"[5, 3, 7]"
0066442.png,5,"[5, 3, 6]"
0066446.png,5,"[5, 9, 3]"
0066450.png,5,"[5, 3, 2]"
0066451.png,7,"[7, 5, 3]"
0066455.png,5,"[5, 3, 6]"
0066463.png,5,"[5, 3, 8]"
0066469.png,5,"[5, 8, 3]"
0066473.png,5,"[5, 1, 3]"
0066474.png,5,"[5, 8, 3]"
0066477.png,5,"[5, 9, 8]"
0066478.png,5,"[5, 3, 1]"
0066485.png,5,"[5, 6, 3]"
0066490.png,5,"[5, 6, 9]"
0066499.png,5,"[5, 3, 4]"
0066505.png,5,"[5, 3, 7]"
0066508.png,5,"[5, 6, 8]"
0066512.png,5,"[5, 3, 4]"
0066513.png,5,"[5, 3, 6]"
0066514.png,5,"[5, 3, 2]"
0066517.png,5,"[5, 4, 3]"
0066518.png,0,"[0, 3, 2]"
0066520.png,5,"[5, 6, 7]"
0066521.png,5,"[5, 6, 3]"
0066522.png,5,"[5, 3, 6]"
0066535.png,1,"[1, 5, 3]"
0066536.png,5,"[5, 3, 6]"
0066537.png,5,"[5, 3, 7]"
0066538.png,5,"[5, 3, 8]"
0066544.png,5,"[5, 3, 6]"
0066550.png,5,"[5, 3, 6]"
0066556.png,5,"[5, 3, 6]"
0066563.png,5,"[5, 3, 6]"
0066566.png,5,"[5, 3, 6]"
0066570.png,5,"[5, 6, 3]"
0066572.png,5,"[5, 3, 6]"
0066575.png,5,"[5, 3, 6]"
0066578.png,5,"[5, 8, 6]"
0066586.png,5,"[5, 3, 6]"
0066588.png,5,"[5, 3, 6]"
0066609.png,5,"[5, 6, 3]"
0066610.png,5,"[5, 3, 6]"
0066642.png,5,"[5, 6, 3]"
0066670.png,5,"[5, 8, 9]"
0066677.png,5,"[5, 3, 2]"
0066680.png,5,"[5, 3, 8]"
0066682.png,5,"[5, 3, 6]"
0066697.png,5,"[5, 3, 6]"
0066703.png,5,"[5, 3, 6]"
0066713.png,5,"[5, 2, 3]"
0066721.png,2,"[2, 3, 5]"
0066726.png,5,"[5, 6, 9]"
0066727.png,5,"[5, 6, 3]"
0066743.png,5,"[5, 3, 8]"
0066749.png,5,"[5, 6, 3]"
0066751.png,5,"[5, 6, 3]"
0066752.png,5,"[5, 3, 6]"
0066753.png,5,"[5, 3, 6]"
0066754.png,5,"[5, 7, 2]"
0066763.png,5,"[5, 6, 3]"
0066767.png,5,"[5, 6, 9]"
0066772.png,5,"[5, 3, 2]"
0066779.png,5,"[5, 3, 6]"
0066781.png,5,"[5, 2, 3]"
0066782.png,5,"[5, 3, 9]"
0066783.png,5,"[5, 3, 2]"
0066786.png,5,"[5, 3, 2]"
0066787.png,5,"[5, 3, 6]"
0066795.png,5,"[5, 3, 6]"
0066812.png,5,"[5, 3, 2]"
0066813.png,5,"[5, 3, 2]"
0066821.png,5,"[5, 3, 6]"
0066822.png,5,"[5, 3, 6]"
0066824.png,5,"[5, 3, 6]"
0066825.png,5,"[5, 6, 3]"
0066830.png,5,"[5, 3, 2]"
0066834.png,5,"[5, 2, 8]"
0066849.png,5,"[5, 3, 6]"
0066857.png,5,"[5, 3, 6]"
0066866.png,5,"[5, 3, 6]"
0066867.png,5,"[5, 3, 6]"
0066872.png,5,"[5, 6, 4]"
0066873.png,5,"[5, 3, 4]"
0066874.png,5,"[5, 3, 2]"
0066877.png,5,"[5, 3, 2]"
0066885.png,5,"[5, 3, 6]"
0066887.png,5,"[5, 7, 2]"
0066889.png,5,"[5, 3, 2]"
0066891.png,5,"[5, 8, 3]"
0066904.png,5,"[5, 3, 8]"
0066907.png,5,"[5, 3, 6]"
0066911.png,5,"[5, 9, 6]"
0066937.png,5,"[5, 3, 6]"
0066970.png,5,"[5, 7, 9]"
0066973.png,5,"[5, 7, 6]"
0066974.png,3,"[3, 5, 8]"
0066975.png,5,"[5, 3, 6]"
0066976.png,5,"[5, 9, 8]"
0066984.png,5,"[5, 7, 8]"
0066985.png,5,"[5, 7, 1]"
0066987.png,5,"[5, 6, 8]"
0066998.png,5,"[5, 6, 8]"
0067001.png,5,"[5, 8, 6]"
0067008.png,5,"[5, 3, 8]"
0067017.png,5,"[5, 6, 3]"
0067019.png,5,"[5, 3, 9]"
0067021.png,5,"[5, 6, 3]"
0067038.png,5,"[5, 6, 3]"
0067047.png,5,"[5, 8, 2]"
0067051.png,5,"[5, 2, 0]"
0067068.png,5,"[5, 3, 7]"
0067071.png,5,"[5, 3, 6]"
0067072.png,5,"[5, 8, 3]"
0067090.png,5,"[5, 3, 6]"
0067092.png,5,"[5, 4, 3]"
0067102.png,5,"[5, 3, 9]"
0067107.png,3,"[3, 5, 9]"
0067112.png,5,"[5, 3, 6]"
0067117.png,5,"[5, 8, 3]"
0067123.png,5,"[5, 3, 7]"
0067132.png,5,"[5, 3, 2]"
0067139.png,5,"[5, 9, 6]"
0067141.png,5,"[5, 6, 3]"
0067145.png,5,"[5, 7, 3]"
0067146.png,5,"[5, 8, 6]"
0067155.png,5,"[5, 3, 2]"
0067156.png,5,"[5, 6, 3]"
0067172.png,5,"[5, 6, 8]"
0067175.png,5,"[5, 3, 2]"
0067178.png,5,"[5, 3, 2]"
0067181.png,5,"[5, 3, 2]"
0067185.png,5,"[5, 7, 3]"
0067200.png,5,"[5, 9, 3]"
0067201.png,5,"[5, 3, 4]"
0067202.png,5,"[5, 3, 2]"
0067205.png,5,"[5, 8, 3]"
0067209.png,5,"[5, 7, 3]"
0067214.png,5,"[5, 8, 6]"
0067218.png,5,"[5, 6, 3]"
0067224.png,5,"[5, 2, 3]"
0067236.png,5,"[5, 8, 3]"
0067237.png,5,"[5, 6, 4]"
0067243.png,5,"[5, 3, 7]"
0067244.png,3,"[3, 5, 2]"
0067246.png,5,"[5, 7, 6]"
0067255.png,5,"[5, 6, 9]"
0067264.png,5,"[5, 2, 6]"
0067273.png,5,"[5, 6, 3]"
0067274.png,5,"[5, 3, 7]"
0067285.png,5,"[5, 3, 8]"
0067287.png,5,"[5, 6, 9]"
0067288.png,5,"[5, 6, 3]"
0067296.png,5,"[5, 3, 6]"
0067308.png,5,"[5, 3, 9]"
0067310.png,5,"[5, 6, 3]"
0067312.png,5,"[5, 2, 3]"
0067314.png,5,"[5, 3, 9]"
0067317.png,5,"[5, 3, 6]"
0067318.png,5,"[5, 3, 2]"
0067324.png,5,"[5, 3, 6]"
0067325.png,5,"[5, 6, 3]"
0067334.png,5,"[5, 6, 3]"
0067340.png,5,"[5, 3, 6]"
0067342.png,5,"[5, 3, 6]"
0067345.png,5,"[5, 3, 1]"
0067346.png,5,"[5, 3, 8]"
0067348.png,5,"[5, 4, 6]"
0067363.png,5,"[5, 7, 3]"
0067366.png,5,"[5, 6, 3]"
0067369.png,5,"[5, 2, 4]"
0067371.png,5,"[5, 3, 6]"
0067374.png,8,"[8, 5, 6]"
0067380.png,5,"[5, 3, 6]"
0067385.png,5,"[5, 3, 6]"
0067390.png,5,"[5, 3, 9]"
0067391.png,5,"[5, 3, 2]"
0067392.png,5,"[5, 3, 4]"
0067393.png,5,"[5, 3, 6]"
0067401.png,5,"[5, 9, 8]"
0067407.png,5,"[5, 3, 6]"
0067409.png,5,"[5, 3, 6]"
0067416.png,5,"[5, 3, 6]"
0067419.png,5,"[5, 3, 6]"
0067423.png,5,"[5, 3, 9]"
0067424.png,5,"[5, 3, 6]"
0067426.png,5,"[5, 3, 6]"
0067433.png,5,"[5, 3, 2]"
0067436.png,5,"[5, 2, 7]"
0067443.png,5,"[5, 3, 8]"
0067449.png,5,"[5, 3, 2]"
0067453.png,5,"[5, 6, 7]"
0067456.png,5,"[5, 3, 9]"
0067458.png,5,"[5, 3, 7]"
0067463.png,5,"[5, 6, 3]"
0067466.png,5,"[5, 9, 3]"
0067476.png,5,"[5, 6, 3]"
0067478.png,5,"[5, 3, 8]"
0067481.png,5,"[5, 3, 9]"
0067484.png,5,"[5, 8, 2]"
0067487.png,5,"[5, 3, 1]"
0067488.png,5,"[5, 3, 8]"
0067492.png,5,"[5, 6, 8]"
0067506.png,5,"[5, 8, 3]"
0067513.png,5,"[5, 8, 3]"
0067514.png,5,"[5, 1, 3]"
0067516.png,5,"[5, 3, 6]"
0067517.png,5,"[5, 3, 7]"
0067519.png,5,"[5, 1, 2]"
0067522.png,7,"[7, 5, 2]"
0067523.png,7,"[7, 5, 2]"
0067524.png,5,"[5, 1, 7]"
0067535.png,5,"[5, 3, 4]"
0067541.png,5,"[5, 3, 7]"
0067545.png,5,"[5, 3, 6]"
0067547.png,5,"[5, 6, 3]"
0067549.png,5,"[5, 3, 6]"
0067553.png,5,"[5, 3, 6]"
0067563.png,5,"[5, 3, 8]"
0067570.png,5,"[5, 4, 6]"
0067571.png,5,"[5, 6, 4]"
0067573.png,5,"[5, 3, 1]"
0067576.png,5,"[5, 8, 6]"
0067577.png,5,"[5, 8, 2]"
0067581.png,5,"[5, 6, 9]"
0067583.png,5,"[5, 2, 6]"
0067587.png,5,"[5, 8, 6]"
0067592.png,5,"[5, 3, 4]"
0067608.png,5,"[5, 3, 4]"
0067610.png,5,"[5, 3, 6]"
0067611.png,5,"[5, 3, 7]"
0067616.png,5,"[5, 3, 6]"
0067618.png,5,"[5, 8, 3]"
0067624.png,5,"[5, 3, 8]"
0067625.png,5,"[5, 6, 3]"
0067627.png,5,"[5, 3, 6]"
0067629.png,5,"[5, 3, 7]"
0067634.png,5,"[5, 6, 3]"
0067635.png,5,"[5, 6, 3]"
0067641.png,5,"[5, 8, 3]"
0067642.png,5,"[5, 2, 3]"
0067644.png,5,"[5, 2, 8]"
0067655.png,2,"[2, 5, 7]"
0067656.png,5,"[5, 6, 8]"
0067657.png,5,"[5, 8, 6]"
0067659.png,8,"[8, 5, 2]"
0067660.png,5,"[5, 8, 6]"
0067662.png,5,"[5, 3, 6]"
0067664.png,5,"[5, 3, 6]"
0067665.png,5,"[5, 3, 7]"
0067678.png,5,"[5, 8, 2]"
0067680.png,5,"[5, 2, 3]"
0067681.png,5,"[5, 3, 2]"
0067686.png,5,"[5, 3, 6]"
0067692.png,5,"[5, 3, 6]"
0067699.png,5,"[5, 3, 6]"
0067705.png,5,"[5, 3, 7]"
0067707.png,5,"[5, 3, 7]"
0067712.png,5,"[5, 3, 7]"
0067719.png,5,"[5, 3, 2]"
0067720.png,5,"[5, 3, 7]"
0067723.png,5,"[5, 6, 3]"
0067725.png,5,"[5, 8, 6]"
0067738.png,5,"[5, 3, 4]"
0067739.png,5,"[5, 3, 4]"
0067753.png,5,"[5, 6, 9]"
0067755.png,5,"[5, 2, 3]"
0067756.png,5,"[5, 8, 3]"
0067770.png,5,"[5, 3, 8]"
0067777.png,5,"[5, 3, 8]"
0067784.png,5,"[5, 6, 9]"
0067790.png,3,"[3, 5, 2]"
0067792.png,5,"[5, 3, 6]"
0067794.png,5,"[5, 7, 6]"
0067795.png,5,"[5, 6, 9]"
0067796.png,5,"[5, 3, 8]"
0067797.png,5,"[5, 3, 8]"
0067798.png,5,"[5, 3, 7]"
0067814.png,5,"[5, 6, 3]"
0067823.png,5,"[5, 3, 8]"
0067836.png,5,"[5, 8, 2]"
0067842.png,5,"[5, 3, 6]"
0067843.png,5,"[5, 3, 6]"
0067853.png,5,"[5, 3, 8]"
0067854.png,5,"[5, 3, 4]"
0067856.png,5,"[5, 8, 3]"
0067858.png,5,"[5, 3, 6]"
0067863.png,5,"[5, 8, 9]"
0067872.png,5,"[5, 3, 2]"
0067873.png,5,"[5, 3, 2]"
0067892.png,5,"[5, 3, 7]"
0067895.png,5,"[5, 3, 7]"
0067897.png,5,"[5, 3, 7]"
0067916.png,5,"[5, 3, 2]"
0067927.png,5,"[5, 3, 6]"
0067935.png,5,"[5, 3, 6]"
0067940.png,5,"[5, 6, 3]"
0067947.png,5,"[5, 3, 6]"
0067949.png,5,"[5, 2, 6]"
0067951.png,5,"[5, 8, 2]"
0067952.png,5,"[5, 2, 6]"
0067953.png,5,"[5, 3, 7]"
0067959.png,5,"[5, 2, 3]"
0067962.png,5,"[5, 6, 3]"
0067969.png,3,"[3, 2, 7]"
0067970.png,3,"[3, 5, 2]"
0067971.png,3,"[3, 7, 2]"
0067974.png,5,"[5, 3, 8]"
0067977.png,5,"[5, 3, 2]"
0067979.png,5,"[5, 2, 7]"
0067981.png,5,"[5, 7, 4]"
0067988.png,5,"[5, 3, 6]"
0067992.png,5,"[5, 6, 3]"
0067997.png,5,"[5, 7, 3]"
0068005.png,5,"[5, 3, 6]"
0068006.png,5,"[5, 3, 6]"
0068010.png,5,"[5, 3, 6]"
0068013.png,5,"[5, 6, 3]"
0068014.png,5,"[5, 3, 6]"
0068015.png,5,"[5, 3, 6]"
0068017.png,5,"[5, 6, 3]"
0068021.png,5,"[5, 3, 8]"
0068023.png,5,"[5, 3, 1]"
0068034.png,5,"[5, 3, 6]"
0068060.png,5,"[5, 7, 1]"
0068064.png,6,"[6, 5, 7]"
0068078.png,5,"[5, 6, 9]"
0068083.png,5,"[5, 3, 6]"
0068093.png,5,"[5, 3, 6]"
0068096.png,5,"[5, 2, 8]"
0068100.png,5,"[5, 3, 2]"
0068116.png,5,"[5, 3, 8]"
0068118.png,5,"[5, 9, 3]"
0068119.png,5,"[5, 3, 2]"
0068123.png,5,"[5, 6, 3]"
0068124.png,5,"[5, 3, 8]"
0068125.png,5,"[5, 3, 7]"
0068126.png,5,"[5, 3, 7]"
0068133.png,5,"[5, 3, 6]"
0068134.png,5,"[5, 6, 8]"
0068135.png,5,"[5, 3, 6]"
0068136.png,5,"[5, 3, 6]"
0068137.png,5,"[5, 3, 7]"
0068141.png,5,"[5, 3, 6]"
0068146.png,5,"[5, 8, 9]"
0068153.png,5,"[5, 3, 6]"
0068157.png,2,"[2, 3, 5]"
0068162.png,5,"[5, 2, 3]"
0068165.png,5,"[5, 3, 6]"
0068169.png,5,"[5, 6, 9]"
0068170.png,5,"[5, 6, 9]"
0068171.png,5,"[5, 3, 2]"
0068178.png,5,"[5, 2, 3]"
0068179.png,5,"[5, 3, 2]"
0068185.png,5,"[5, 3, 6]"
0068191.png,5,"[5, 2, 3]"
0068193.png,5,"[5, 1, 3]"
0068194.png,5,"[5, 8, 3]"
0068195.png,5,"[5, 3, 4]"
0068198.png,5,"[5, 9, 3]"
0068204.png,5,"[5, 3, 7]"
0068206.png,3,"[3, 5, 4]"
0068212.png,5,"[5, 3, 8]"
0068226.png,5,"[5, 3, 8]"
0068234.png,8,"[8, 6, 9]"
0068238.png,5,"[5, 7, 9]"
0068241.png,5,"[5, 3, 8]"
0068242.png,5,"[5, 7, 6]"
0068259.png,5,"[5, 3, 8]"
0068261.png,5,"[5, 3, 6]"
0068267.png,5,"[5, 6, 2]"
0068280.png,5,"[5, 3, 6]"
0068300.png,5,"[5, 8, 2]"
0068306.png,3,"[3, 8, 5]"
0068314.png,5,"[5, 6, 3]"
0068317.png,5,"[5, 3, 6]"
0068323.png,5,"[5, 2, 7]"
0068337.png,5,"[5, 3, 6]"
0068347.png,5,"[5, 3, 6]"
0068348.png,5,"[5, 3, 7]"
0068352.png,5,"[5, 3, 2]"
0068353.png,5,"[5, 3, 1]"
0068362.png,5,"[5, 4, 6]"
0068364.png,5,"[5, 3, 7]"
0068372.png,5,"[5, 8, 9]"
0068373.png,5,"[5, 8, 7]"
0068378.png,5,"[5, 6, 3]"
0068379.png,5,"[5, 3, 7]"
0068385.png,5,"[5, 8, 3]"
0068390.png,5,"[5, 3, 7]"
0068391.png,5,"[5, 3, 7]"
0068395.png,5,"[5, 8, 6]"
0068400.png,5,"[5, 8, 3]"
0068410.png,5,"[5, 3, 6]"
0068428.png,5,"[5, 8, 6]"
0068434.png,5,"[5, 7, 3]"
0068437.png,5,"[5, 2, 1]"
0068450.png,5,"[5, 4, 6]"
0068455.png,5,"[5, 3, 6]"
0068457.png,5,"[5, 3, 7]"
0068461.png,5,"[5, 2, 8]"
0068462.png,5,"[5, 8, 3]"
0068464.png,5,"[5, 6, 4]"
0068465.png,5,"[5, 6, 3]"
0068471.png,5,"[5, 2, 3]"
0068472.png,5,"[5, 3, 8]"
0068485.png,5,"[5, 3, 6]"
0068486.png,5,"[5, 3, 2]"
0068498.png,5,"[5, 3, 6]"
0068500.png,5,"[5, 3, 6]"
0068501.png,5,"[5, 3, 6]"
0068503.png,8,"[8, 5, 9]"
0068506.png,8,"[8, 2, 6]"
0068517.png,5,"[5, 3, 1]"
0068520.png,5,"[5, 8, 3]"
0068526.png,5,"[5, 3, 1]"
0068533.png,5,"[5, 6, 3]"
0068537.png,5,"[5, 8, 6]"
0068542.png,5,"[5, 3, 9]"
0068543.png,5,"[5, 3, 9]"
0068545.png,3,"[3, 5, 2]"
0068548.png,5,"[5, 8, 3]"
0068555.png,5,"[5, 3, 6]"
0068558.png,5,"[5, 8, 6]"
0068564.png,5,"[5, 6, 8]"
0068567.png,5,"[5, 3, 6]"
0068571.png,5,"[5, 3, 6]"
0068581.png,5,"[5, 6, 8]"
0068590.png,5,"[5, 8, 9]"
0068594.png,5,"[5, 9, 7]"
0068595.png,5,"[5, 3, 8]"
0068603.png,5,"[5, 3, 6]"
0068604.png,5,"[5, 8, 3]"
0068605.png,5,"[5, 3, 8]"
0068614.png,3,"[3, 5, 8]"
0068616.png,5,"[5, 3, 9]"
0068619.png,5,"[5, 8, 2]"
0068639.png,5,"[5, 7, 6]"
0068643.png,5,"[5, 3, 6]"
0068647.png,5,"[5, 3, 2]"
0068657.png,5,"[5, 3, 6]"
0068659.png,5,"[5, 2, 3]"
0068668.png,5,"[5, 6, 9]"
0068669.png,5,"[5, 3, 6]"
0068671.png,5,"[5, 3, 2]"
0068674.png,5,"[5, 6, 7]"
0068678.png,5,"[5, 3, 6]"
0068683.png,5,"[5, 3, 6]"
0068684.png,5,"[5, 3, 9]"
0068689.png,5,"[5, 3, 7]"
0068692.png,5,"[5, 3, 6]"
0068695.png,5,"[5, 6, 8]"
0068699.png,5,"[5, 3, 6]"
0068708.png,6,"[6, 5, 4]"
0068709.png,5,"[5, 6, 4]"
0068711.png,5,"[5, 3, 2]"
0068713.png,5,"[5, 3, 6]"
0068714.png,5,"[5, 8, 3]"
0068716.png,5,"[5, 3, 8]"
0068718.png,5,"[5, 3, 9]"
0068721.png,5,"[5, 3, 2]"
0068729.png,5,"[5, 3, 6]"
0068730.png,5,"[5, 3, 6]"
0068732.png,5,"[5, 3, 7]"
0068733.png,5,"[5, 3, 4]"
0068734.png,5,"[5, 7, 8]"
0068743.png,5,"[5, 3, 6]"
0068747.png,5,"[5, 3, 7]"
0068750.png,5,"[5, 3, 6]"
0068752.png,5,"[5, 3, 6]"
0068760.png,9,"[9, 5, 8]"
0068763.png,5,"[5, 3, 7]"
0068764.png,5,"[5, 3, 2]"
0068770.png,5,"[5, 3, 2]"
0068771.png,5,"[5, 8, 3]"
0068780.png,5,"[5, 6, 3]"
0068782.png,5,"[5, 3, 8]"
0068790.png,5,"[5, 2, 6]"
0068791.png,5,"[5, 2, 6]"
0068793.png,5,"[5, 3, 4]"
0068794.png,5,"[5, 3, 7]"
0068799.png,5,"[5, 7, 8]"
0068800.png,5,"[5, 7, 6]"
0068801.png,5,"[5, 7, 3]"
0068803.png,5,"[5, 6, 2]"
0068806.png,5,"[5, 3, 6]"
0068809.png,5,"[5, 6, 9]"
0068813.png,5,"[5, 3, 6]"
0068814.png,5,"[5, 3, 8]"
0068824.png,5,"[5, 6, 9]"
0068826.png,5,"[5, 3, 6]"
0068832.png,5,"[5, 3, 6]"
0068839.png,5,"[5, 3, 9]"
0068840.png,5,"[5, 3, 7]"
0068842.png,5,"[5, 6, 8]"
0068850.png,8,"[8, 5, 6]"
0068857.png,5,"[5, 3, 8]"
0068858.png,5,"[5, 8, 6]"
0068863.png,5,"[5, 9, 7]"
0068867.png,5,"[5, 3, 2]"
0068870.png,5,"[5, 3, 8]"
0068873.png,5,"[5, 6, 8]"
0068879.png,5,"[5, 3, 6]"
0068880.png,5,"[5, 3, 4]"
0068881.png,5,"[5, 3, 7]"
0068885.png,5,"[5, 3, 1]"
0068886.png,5,"[5, 3, 2]"
0068887.png,5,"[5, 2, 3]"
0068889.png,5,"[5, 8, 9]"
0068896.png,5,"[5, 8, 7]"
0068899.png,5,"[5, 3, 9]"
0068902.png,5,"[5, 6, 3]"
0068914.png,5,"[5, 3, 6]"
0068916.png,5,"[5, 6, 9]"
0068919.png,5,"[5, 2, 6]"
0068923.png,5,"[5, 3, 6]"
0068924.png,5,"[5, 3, 6]"
0068930.png,5,"[5, 3, 2]"
0068933.png,5,"[5, 3, 2]"
0068944.png,5,"[5, 3, 6]"
0068957.png,5,"[5, 6, 3]"
0068961.png,5,"[5, 3, 6]"
0068965.png,5,"[5, 3, 8]"
0068983.png,5,"[5, 3, 6]"
0068985.png,5,"[5, 6, 3]"
0068991.png,5,"[5, 6, 3]"
0068993.png,5,"[5, 1, 3]"
0068995.png,5,"[5, 3, 6]"
0068998.png,5,"[5, 3, 6]"
0069000.png,6,"[6, 3, 5]"
0069001.png,3,"[3, 5, 6]"
0069002.png,5,"[5, 3, 8]"
0069005.png,5,"[5, 3, 2]"
0069009.png,5,"[5, 3, 6]"
0069010.png,5,"[5, 3, 6]"
0069016.png,5,"[5, 3, 8]"
0069021.png,5,"[5, 3, 6]"
0069025.png,5,"[5, 6, 3]"
0069031.png,5,"[5, 3, 6]"
0069039.png,5,"[5, 3, 6]"
0069051.png,5,"[5, 3, 7]"
0069052.png,5,"[5, 9, 6]"
0069054.png,5,"[5, 8, 3]"
0069057.png,5,"[5, 3, 6]"
0069058.png,5,"[5, 3, 6]"
0069061.png,5,"[5, 3, 7]"
0069064.png,5,"[5, 3, 6]"
0069065.png,5,"[5, 3, 6]"
0069067.png,5,"[5, 3, 2]"
0069072.png,5,"[5, 2, 3]"
0069081.png,5,"[5, 3, 6]"
0069087.png,5,"[5, 8, 2]"
0069089.png,5,"[5, 3, 8]"
0069092.png,5,"[5, 7, 9]"
0069093.png,5,"[5, 7, 9]"
0069097.png,5,"[5, 3, 6]"
0069114.png,5,"[5, 8, 6]"
0069119.png,5,"[5, 6, 3]"
0069125.png,5,"[5, 6, 3]"
0069131.png,7,"[7, 3, 2]"
0069135.png,5,"[5, 3, 8]"
0069139.png,5,"[5, 6, 8]"
0069142.png,5,"[5, 3, 6]"
0069145.png,5,"[5, 6, 3]"
0069146.png,5,"[5, 2, 3]"
0069155.png,5,"[5, 2, 3]"
0069160.png,5,"[5, 6, 9]"
0069162.png,5,"[5, 3, 7]"
0069166.png,5,"[5, 3, 4]"
0069174.png,5,"[5, 6, 9]"
0069175.png,5,"[5, 6, 9]"
0069181.png,5,"[5, 6, 3]"
0069188.png,5,"[5, 3, 4]"
0069189.png,5,"[5, 4, 3]"
0069190.png,5,"[5, 9, 7]"
0069198.png,5,"[5, 3, 8]"
0069200.png,5,"[5, 3, 8]"
0069201.png,5,"[5, 3, 6]"
0069204.png,5,"[5, 3, 7]"
0069210.png,5,"[5, 3, 6]"
0069213.png,5,"[5, 3, 7]"
0069214.png,5,"[5, 6, 8]"
0069216.png,5,"[5, 6, 8]"
0069219.png,5,"[5, 3, 6]"
0069231.png,5,"[5, 3, 7]"
0069232.png,5,"[5, 6, 8]"
0069250.png,5,"[5, 3, 6]"
0069259.png,5,"[5, 2, 7]"
0069262.png,5,"[5, 4, 3]"
0069263.png,5,"[5, 3, 7]"
0069268.png,5,"[5, 6, 9]"
0069273.png,5,"[5, 2, 6]"
0069283.png,5,"[5, 2, 3]"
0069285.png,5,"[5, 3, 2]"
0069286.png,5,"[5, 2, 3]"
0069287.png,5,"[5, 3, 6]"
0069291.png,5,"[5, 7, 6]"
0069309.png,5,"[5, 1, 3]"
0069313.png,5,"[5, 3, 2]"
0069324.png,5,"[5, 3, 7]"
0069325.png,5,"[5, 3, 4]"
0069329.png,5,"[5, 3, 6]"
0069334.png,5,"[5, 3, 9]"
0069352.png,5,"[5, 6, 3]"
0069354.png,5,"[5, 4, 2]"
0069356.png,5,"[5, 6, 3]"
0069357.png,5,"[5, 6, 3]"
0069365.png,5,"[5, 3, 2]"
0069366.png,9,"[9, 3, 5]"
0069368.png,5,"[5, 9, 6]"
0069377.png,5,"[5, 8, 4]"
0069385.png,5,"[5, 3, 1]"
0069390.png,5,"[5, 8, 2]"
0069391.png,5,"[5, 6, 3]"
0069400.png,5,"[5, 3, 8]"
0069411.png,5,"[5, 8, 7]"
0069412.png,5,"[5, 3, 8]"
0069428.png,5,"[5, 3, 6]"
0069429.png,5,"[5, 6, 3]"
0069432.png,5,"[5, 3, 6]"
0069438.png,5,"[5, 8, 3]"
0069441.png,5,"[5, 7, 2]"
0069446.png,5,"[5, 3, 2]"
0069453.png,5,"[5, 6, 2]"
0069460.png,5,"[5, 9, 6]"
0069465.png,5,"[5, 7, 4]"
0069472.png,0,"[0, 2, 6]"
0069482.png,5,"[5, 2, 9]"
0069483.png,5,"[5, 3, 6]"
0069489.png,5,"[5, 3, 2]"
0069492.png,5,"[5, 3, 7]"
0069495.png,5,"[5, 6, 3]"
0069496.png,5,"[5, 3, 6]"
0069502.png,5,"[5, 3, 6]"
0069503.png,5,"[5, 3, 4]"
0069508.png,5,"[5, 3, 8]"
0069513.png,5,"[5, 8, 3]"
0069515.png,5,"[5, 3, 2]"
0069521.png,5,"[5, 3, 2]"
0069527.png,5,"[5, 3, 6]"
0069529.png,5,"[5, 6, 3]"
0069530.png,5,"[5, 3, 8]"
0069532.png,5,"[5, 3, 9]"
0069536.png,5,"[5, 7, 9]"
0069548.png,5,"[5, 3, 6]"
0069549.png,5,"[5, 3, 8]"
0069550.png,5,"[5, 3, 2]"
0069554.png,5,"[5, 3, 6]"
0069560.png,5,"[5, 6, 4]"
0069565.png,3,"[3, 5, 7]"
0069571.png,5,"[5, 4, 7]"
0069573.png,5,"[5, 3, 9]"
0069574.png,5,"[5, 8, 3]"
0069580.png,5,"[5, 8, 6]"
0069581.png,5,"[5, 3, 6]"
0069583.png,5,"[5, 3, 6]"
0069584.png,5,"[5, 3, 9]"
0069587.png,5,"[5, 3, 6]"
0069589.png,5,"[5, 3, 2]"
0069592.png,2,"[2, 5, 6]"
0069593.png,5,"[5, 4, 6]"
0069596.png,5,"[5, 3, 6]"
0069599.png,5,"[5, 6, 3]"
0069605.png,7,"[7, 3, 9]"
0069609.png,3,"[3, 5, 7]"
0069613.png,3,"[3, 5, 6]"
0069618.png,5,"[5, 3, 6]"
0069619.png,5,"[5, 3, 7]"
0069625.png,5,"[5, 3, 6]"
0069633.png,5,"[5, 3, 6]"
0069640.png,5,"[5, 3, 7]"
0069642.png,5,"[5, 7, 6]"
0069644.png,5,"[5, 6, 3]"
0069649.png,5,"[5, 3, 7]"
0069657.png,7,"[7, 5, 8]"
0069662.png,5,"[5, 6, 3]"
0069671.png,5,"[5, 6, 9]"
0069672.png,5,"[5, 8, 6]"
0069677.png,5,"[5, 3, 6]"
0069691.png,5,"[5, 6, 8]"
0069697.png,5,"[5, 3, 6]"
0069698.png,2,"[2, 6, 0]"
0069705.png,5,"[5, 3, 6]"
0069710.png,5,"[5, 3, 6]"
0069714.png,5,"[5, 8, 3]"
0069720.png,5,"[5, 6, 3]"
0069725.png,5,"[5, 3, 6]"
0069734.png,5,"[5, 8, 3]"
0069735.png,5,"[5, 3, 8]"
0069736.png,5,"[5, 3, 6]"
0069745.png,5,"[5, 6, 3]"
0069752.png,5,"[5, 3, 6]"
0069774.png,5,"[5, 3, 6]"
0069779.png,5,"[5, 9, 8]"
0069792.png,5,"[5, 3, 6]"
0069810.png,5,"[5, 3, 4]"
0069812.png,5,"[5, 3, 8]"
0069815.png,5,"[5, 3, 7]"
0069816.png,5,"[5, 3, 6]"
0069832.png,5,"[5, 3, 2]"
0069838.png,5,"[5, 6, 2]"
0069843.png,5,"[5, 3, 6]"
0069850.png,5,"[5, 8, 3]"
0069859.png,5,"[5, 3, 8]"
0069865.png,5,"[5, 3, 7]"
0069867.png,5,"[5, 3, 1]"
0069875.png,5,"[5, 3, 6]"
0069878.png,5,"[5, 3, 6]"
0069885.png,5,"[5, 3, 6]"
0069898.png,5,"[5, 3, 6]"
0069907.png,5,"[5, 3, 6]"
0069910.png,5,"[5, 3, 7]"
0069918.png,3,"[3, 7, 5]"
0069931.png,5,"[5, 3, 7]"
0069935.png,5,"[5, 3, 2]"
0069941.png,5,"[5, 7, 2]"
0069949.png,5,"[5, 3, 6]"
0069961.png,5,"[5, 4, 3]"
0069963.png,5,"[5, 3, 8]"
0069964.png,5,"[5, 3, 7]"
0069966.png,5,"[5, 3, 2]"
0069967.png,5,"[5, 2, 8]"
0069976.png,5,"[5, 7, 2]"
0069980.png,7,"[7, 5, 2]"
0069982.png,5,"[5, 6, 4]"
0069992.png,3,"[3, 5, 2]"
0069996.png,5,"[5, 3, 2]"
0070001.png,5,"[5, 9, 8]"
0070012.png,5,"[5, 2, 6]"
0070015.png,5,"[5, 3, 8]"
0070018.png,5,"[5, 8, 3]"
0070021.png,5,"[5, 3, 7]"
0070025.png,5,"[5, 6, 3]"
0070027.png,5,"[5, 3, 7]"
0070028.png,5,"[5, 8, 6]"
0070030.png,5,"[5, 3, 6]"
0070033.png,5,"[5, 6, 8]"
0070034.png,5,"[5, 8, 9]"
0070043.png,5,"[5, 6, 3]"
0070054.png,5,"[5, 6, 9]"
0070062.png,5,"[5, 3, 9]"
0070065.png,5,"[5, 3, 6]"
0070068.png,5,"[5, 3, 8]"
0070071.png,5,"[5, 3, 2]"
0070076.png,5,"[5, 3, 8]"
0070095.png,5,"[5, 3, 6]"
0070102.png,5,"[5, 8, 6]"
0070103.png,5,"[5, 6, 8]"
0070106.png,5,"[5, 6, 3]"
0070113.png,5,"[5, 3, 7]"
0070115.png,5,"[5, 3, 6]"
0070119.png,5,"[5, 1, 3]"
0070121.png,5,"[5, 3, 7]"
0070122.png,8,"[8, 5, 6]"
0070133.png,5,"[5, 3, 2]"
0070135.png,5,"[5, 3, 7]"
0070136.png,5,"[5, 3, 7]"
0070137.png,6,"[6, 5, 3]"
0070142.png,5,"[5, 9, 8]"
0070148.png,5,"[5, 8, 6]"
0070149.png,5,"[5, 6, 2]"
0070160.png,5,"[5, 3, 4]"
0070163.png,5,"[5, 3, 6]"
0070164.png,5,"[5, 3, 7]"
0070169.png,5,"[5, 3, 7]"
0070174.png,3,"[3, 2, 8]"
0070183.png,5,"[5, 3, 6]"
0070184.png,5,"[5, 6, 3]"
0070187.png,5,"[5, 3, 6]"
0070189.png,5,"[5, 3, 6]"
0070196.png,5,"[5, 6, 3]"
0070197.png,5,"[5, 6, 9]"
0070198.png,5,"[5, 3, 2]"
0070201.png,5,"[5, 3, 2]"
0070212.png,5,"[5, 6, 3]"
0070217.png,5,"[5, 3, 6]"
0070218.png,5,"[5, 3, 6]"
0070221.png,5,"[5, 3, 6]"
0070232.png,5,"[5, 3, 6]"
0070238.png,5,"[5, 6, 9]"
0070242.png,5,"[5, 3, 6]"
0070243.png,5,"[5, 3, 6]"
0070246.png,5,"[5, 3, 6]"
0070249.png,5,"[5, 2, 3]"
0070250.png,5,"[5, 3, 6]"
0070256.png,5,"[5, 3, 8]"
0070261.png,5,"[5, 3, 2]"
0070263.png,5,"[5, 6, 3]"
0070265.png,5,"[5, 3, 2]"
0070275.png,5,"[5, 6, 3]"
0070282.png,5,"[5, 3, 4]"
0070283.png,5,"[5, 3, 7]"
0070292.png,5,"[5, 8, 9]"
0070310.png,5,"[5, 9, 6]"
0070316.png,5,"[5, 2, 6]"
0070320.png,5,"[5, 2, 3]"
0070325.png,5,"[5, 3, 6]"
0070328.png,5,"[5, 3, 6]"
0070334.png,8,"[8, 3, 5]"
0070335.png,8,"[8, 5, 3]"
0070342.png,5,"[5, 3, 6]"
0070354.png,5,"[5, 6, 3]"
0070360.png,5,"[5, 6, 3]"
0070364.png,3,"[3, 5, 8]"
0070368.png,5,"[5, 2, 7]"
0070374.png,5,"[5, 2, 3]"
0070378.png,5,"[5, 6, 3]"
0070384.png,5,"[5, 3, 6]"
0070390.png,5,"[5, 2, 6]"
0070391.png,5,"[5, 6, 3]"
0070395.png,5,"[5, 3, 6]"
0070401.png,5,"[5, 8, 6]"
0070402.png,5,"[5, 6, 2]"
0070406.png,5,"[5, 8, 6]"
0070414.png,5,"[5, 3, 6]"
0070417.png,5,"[5, 3, 6]"
0070424.png,5,"[5, 3, 4]"
0070431.png,5,"[5, 6, 9]"
0070436.png,5,"[5, 3, 8]"
0070439.png,5,"[5, 3, 6]"
0070441.png,5,"[5, 3, 7]"
0070450.png,5,"[5, 3, 6]"
0070456.png,5,"[5, 3, 6]"
0070464.png,5,"[5, 6, 3]"
0070468.png,5,"[5, 9, 7]"
0070470.png,5,"[5, 2, 8]"
0070471.png,5,"[5, 4, 3]"
0070472.png,5,"[5, 3, 6]"
0070489.png,5,"[5, 3, 2]"
0070492.png,5,"[5, 3, 6]"
0070499.png,5,"[5, 8, 3]"
0070501.png,5,"[5, 3, 2]"
0070503.png,5,"[5, 7, 3]"
0070507.png,5,"[5, 3, 7]"
0070511.png,5,"[5, 7, 2]"
0070516.png,5,"[5, 3, 2]"
0070518.png,5,"[5, 3, 6]"
0070520.png,5,"[5, 3, 6]"
0070521.png,5,"[5, 6, 2]"
0070522.png,5,"[5, 3, 2]"
0070523.png,5,"[5, 3, 2]"
0070530.png,5,"[5, 3, 2]"
0070531.png,5,"[5, 3, 2]"
0070532.png,5,"[5, 7, 3]"
0070538.png,5,"[5, 6, 3]"
0070549.png,5,"[5, 3, 6]"
0070552.png,5,"[5, 3, 2]"
0070553.png,5,"[5, 3, 2]"
0070556.png,5,"[5, 2, 8]"
0070557.png,5,"[5, 3, 6]"
0070563.png,5,"[5, 3, 6]"
0070568.png,5,"[5, 8, 9]"
0070572.png,2,"[2, 3, 5]"
0070578.png,5,"[5, 3, 8]"
0070581.png,5,"[5, 3, 6]"
0070594.png,5,"[5, 7, 2]"
0070596.png,5,"[5, 3, 6]"
0070598.png,5,"[5, 3, 9]"
0070601.png,5,"[5, 3, 2]"
0070602.png,5,"[5, 7, 9]"
0070604.png,5,"[5, 8, 3]"
0070605.png,5,"[5, 3, 8]"
0070608.png,5,"[5, 6, 3]"
0070618.png,5,"[5, 6, 3]"
0070622.png,5,"[5, 9, 3]"
0070623.png,5,"[5, 3, 9]"
0070625.png,5,"[5, 6, 3]"
0070629.png,5,"[5, 6, 8]"
0070633.png,5,"[5, 3, 6]"
0070634.png,3,"[3, 8, 2]"
0070635.png,5,"[5, 3, 2]"
0070638.png,5,"[5, 6, 8]"
0070640.png,5,"[5, 3, 9]"
0070642.png,5,"[5, 6, 9]"
0070643.png,5,"[5, 6, 8]"
0070655.png,5,"[5, 6, 3]"
0070667.png,5,"[5, 3, 6]"
0070673.png,5,"[5, 6, 4]"
0070696.png,5,"[5, 6, 3]"
0070699.png,5,"[5, 3, 2]"
0070700.png,5,"[5, 6, 3]"
0070707.png,5,"[5, 3, 2]"
0070716.png,5,"[5, 3, 8]"
0070719.png,6,"[6, 5, 3]"
0070729.png,5,"[5, 3, 2]"
0070730.png,5,"[5, 3, 8]"
0070744.png,5,"[5, 3, 9]"
0070746.png,5,"[5, 3, 8]"
0070755.png,5,"[5, 6, 3]"
0070757.png,5,"[5, 7, 3]"
0070759.png,5,"[5, 2, 6]"
0070770.png,5,"[5, 3, 6]"
0070776.png,5,"[5, 6, 4]"
0070777.png,5,"[5, 7, 9]"
0070793.png,5,"[5, 6, 3]"
0070794.png,5,"[5, 6, 2]"
0070795.png,5,"[5, 2, 6]"
0070797.png,5,"[5, 3, 7]"
0070799.png,5,"[5, 6, 3]"
0070808.png,5,"[5, 2, 7]"
0070811.png,5,"[5, 3, 9]"
0070819.png,5,"[5, 3, 6]"
0070826.png,5,"[5, 3, 9]"
0070832.png,5,"[5, 3, 6]"
0070839.png,5,"[5, 6, 3]"
0070845.png,5,"[5, 3, 2]"
0070867.png,5,"[5, 4, 3]"
0070869.png,5,"[5, 8, 3]"
0070887.png,5,"[5, 6, 3]"
0070888.png,5,"[5, 3, 6]"
0070895.png,5,"[5, 6, 9]"
0070906.png,3,"[3, 5, 7]"
0070909.png,5,"[5, 3, 6]"
0070915.png,5,"[5, 8, 3]"
0070916.png,5,"[5, 3, 8]"
0070929.png,5,"[5, 3, 7]"
0070933.png,5,"[5, 8, 9]"
0070934.png,5,"[5, 3, 6]"
0070935.png,5,"[5, 3, 6]"
0070940.png,3,"[3, 5, 8]"
0070947.png,5,"[5, 3, 6]"
0070948.png,5,"[5, 3, 8]"
0070954.png,5,"[5, 7, 3]"
0070955.png,5,"[5, 3, 7]"
0070956.png,5,"[5, 6, 8]"
0070964.png,5,"[5, 8, 2]"
0070968.png,5,"[5, 3, 6]"
0070981.png,5,"[5, 3, 2]"
0070983.png,5,"[5, 3, 6]"
0070987.png,5,"[5, 3, 8]"
0070991.png,5,"[5, 6, 3]"
0070995.png,5,"[5, 3, 6]"
0070997.png,5,"[5, 6, 2]"
0071000.png,5,"[5, 6, 8]"
0071007.png,5,"[5, 6, 3]"
0071008.png,5,"[5, 3, 7]"
0071018.png,5,"[5, 6, 3]"
0071019.png,5,"[5, 7, 3]"
0071024.png,5,"[5, 3, 8]"
0071025.png,5,"[5, 6, 8]"
0071028.png,5,"[5, 3, 7]"
0071030.png,5,"[5, 3, 6]"
0071032.png,5,"[5, 3, 6]"
0071033.png,5,"[5, 3, 6]"
0071043.png,5,"[5, 6, 2]"
0071052.png,5,"[5, 2, 6]"
0071058.png,5,"[5, 8, 2]"
0071060.png,5,"[5, 3, 9]"
0071068.png,5,"[5, 6, 3]"
0071069.png,5,"[5, 6, 3]"
0071072.png,5,"[5, 7, 8]"
0071080.png,5,"[5, 6, 3]"
0071090.png,5,"[5, 3, 4]"
0071101.png,5,"[5, 3, 8]"
0071103.png,5,"[5, 3, 6]"
0071105.png,5,"[5, 3, 7]"
0071118.png,5,"[5, 3, 2]"
0071120.png,5,"[5, 6, 3]"
0071124.png,5,"[5, 3, 8]"
0071125.png,5,"[5, 3, 4]"
0071128.png,5,"[5, 6, 3]"
0071130.png,5,"[5, 3, 2]"
0071132.png,5,"[5, 7, 2]"
0071141.png,5,"[5, 3, 7]"
0071144.png,5,"[5, 3, 6]"
0071148.png,5,"[5, 3, 2]"
0071159.png,5,"[5, 3, 6]"
0071164.png,3,"[3, 5, 8]"
0071170.png,5,"[5, 3, 6]"
0071179.png,5,"[5, 6, 4]"
0071181.png,5,"[5, 6, 9]"
0071186.png,5,"[5, 6, 3]"
0071188.png,5,"[5, 3, 6]"
0071194.png,5,"[5, 3, 8]"
0071207.png,5,"[5, 7, 3]"
0071213.png,5,"[5, 3, 2]"
0071215.png,5,"[5, 3, 7]"
0071217.png,5,"[5, 3, 8]"
0071238.png,5,"[5, 3, 8]"
0071240.png,8,"[8, 3, 1]"
0071253.png,5,"[5, 6, 9]"
0071256.png,5,"[5, 3, 6]"
0071261.png,5,"[5, 3, 2]"
0071262.png,5,"[5, 3, 9]"
0071264.png,5,"[5, 3, 4]"
0071265.png,5,"[5, 3, 6]"
0071268.png,5,"[5, 6, 4]"
0071269.png,5,"[5, 3, 6]"
0071276.png,5,"[5, 3, 6]"
0071286.png,5,"[5, 6, 8]"
0071292.png,5,"[5, 3, 6]"
0071295.png,5,"[5, 3, 6]"
0071300.png,5,"[5, 3, 4]"
0071312.png,5,"[5, 3, 9]"
0071313.png,5,"[5, 3, 6]"
0071317.png,5,"[5, 3, 7]"
0071324.png,5,"[5, 8, 3]"
0071333.png,5,"[5, 3, 6]"
0071343.png,5,"[5, 7, 2]"
0071346.png,5,"[5, 3, 4]"
0071352.png,5,"[5, 3, 6]"
0071367.png,5,"[5, 3, 1]"
0071368.png,5,"[5, 3, 6]"
0071379.png,5,"[5, 3, 2]"
0071386.png,5,"[5, 6, 8]"
0071390.png,5,"[5, 8, 3]"
0071395.png,5,"[5, 3, 6]"
0071399.png,5,"[5, 3, 7]"
0071402.png,5,"[5, 3, 4]"
0071411.png,5,"[5, 3, 2]"
0071418.png,5,"[5, 7, 4]"
0071425.png,5,"[5, 8, 3]"
0071426.png,5,"[5, 3, 6]"
0071435.png,5,"[5, 9, 6]"
0071436.png,5,"[5, 3, 8]"
0071438.png,5,"[5, 3, 8]"
0071444.png,5,"[5, 4, 3]"
0071445.png,4,"[4, 5, 6]"
0071446.png,5,"[5, 3, 7]"
0071448.png,5,"[5, 3, 6]"
0071453.png,5,"[5, 3, 6]"
0071466.png,5,"[5, 3, 7]"
0071479.png,5,"[5, 6, 4]"
0071480.png,5,"[5, 8, 6]"
0071482.png,5,"[5, 3, 6]"
0071484.png,5,"[5, 8, 3]"
0071487.png,5,"[5, 9, 6]"
0071490.png,5,"[5, 8, 6]"
0071491.png,5,"[5, 8, 6]"
0071492.png,3,"[3, 5, 8]"
0071494.png,5,"[5, 3, 6]"
0071501.png,5,"[5, 6, 3]"
0071509.png,5,"[5, 3, 2]"
0071516.png,5,"[5, 9, 3]"
0071521.png,5,"[5, 2, 7]"
0071524.png,5,"[5, 8, 6]"
0071526.png,3,"[3, 7, 5]"
0071528.png,5,"[5, 8, 2]"
0071530.png,5,"[5, 9, 6]"
0071532.png,5,"[5, 3, 6]"
0071535.png,5,"[5, 3, 2]"
0071540.png,5,"[5, 3, 8]"
0071544.png,5,"[5, 6, 9]"
0071548.png,5,"[5, 7, 3]"
0071556.png,5,"[5, 6, 9]"
0071561.png,5,"[5, 7, 3]"
0071562.png,0,"[0, 8, 6]"
0071563.png,0,"[0, 8, 6]"
0071568.png,5,"[5, 3, 6]"
0071586.png,5,"[5, 6, 3]"
0071589.png,5,"[5, 9, 6]"
0071593.png,6,"[6, 5, 9]"
0071594.png,5,"[5, 3, 8]"
0071595.png,5,"[5, 3, 7]"
0071598.png,5,"[5, 6, 8]"
0071599.png,5,"[5, 3, 1]"
0071600.png,5,"[5, 6, 2]"
0071610.png,5,"[5, 3, 2]"
0071611.png,5,"[5, 6, 3]"
0071612.png,5,"[5, 3, 8]"
0071616.png,8,"[8, 5, 2]"
0071617.png,5,"[5, 8, 6]"
0071621.png,5,"[5, 3, 8]"
0071627.png,5,"[5, 3, 6]"
0071635.png,5,"[5, 3, 6]"
0071636.png,5,"[5, 3, 6]"
0071640.png,5,"[5, 9, 3]"
0071642.png,5,"[5, 8, 3]"
0071643.png,5,"[5, 3, 8]"
0071648.png,5,"[5, 3, 9]"
0071649.png,5,"[5, 3, 6]"
0071650.png,5,"[5, 3, 2]"
0071660.png,5,"[5, 3, 6]"
0071661.png,5,"[5, 6, 3]"
0071667.png,7,"[7, 5, 2]"
0071682.png,6,"[6, 5, 3]"
0071686.png,5,"[5, 6, 3]"
0071690.png,5,"[5, 8, 3]"
0071692.png,5,"[5, 3, 8]"
0071695.png,5,"[5, 6, 8]"
0071702.png,5,"[5, 3, 2]"
0071703.png,5,"[5, 3, 2]"
0071711.png,5,"[5, 3, 2]"
0071714.png,6,"[6, 5, 2]"
0071715.png,2,"[2, 5, 3]"
0071720.png,5,"[5, 3, 6]"
0071721.png,5,"[5, 6, 3]"
0071727.png,5,"[5, 6, 3]"
0071742.png,5,"[5, 3, 9]"
0071754.png,5,"[5, 3, 9]"
0071761.png,5,"[5, 3, 6]"
0071765.png,5,"[5, 3, 6]"
0071766.png,5,"[5, 3, 9]"
0071776.png,5,"[5, 3, 6]"
0071777.png,5,"[5, 6, 3]"
0071781.png,5,"[5, 6, 3]"
0071787.png,5,"[5, 3, 6]"
0071792.png,5,"[5, 3, 2]"
0071818.png,5,"[5, 3, 9]"
0071820.png,5,"[5, 3, 6]"
0071834.png,5,"[5, 3, 6]"
0071839.png,5,"[5, 3, 6]"
0071841.png,5,"[5, 3, 6]"
0071849.png,5,"[5, 3, 6]"
0071857.png,5,"[5, 3, 6]"
0071858.png,5,"[5, 3, 6]"
0071863.png,5,"[5, 3, 6]"
0071864.png,5,"[5, 3, 6]"
0071877.png,5,"[5, 3, 7]"
0071881.png,5,"[5, 3, 6]"
0071885.png,5,"[5, 3, 4]"
0071887.png,5,"[5, 3, 8]"
0071890.png,5,"[5, 3, 6]"
0071892.png,5,"[5, 8, 3]"
0071895.png,5,"[5, 3, 4]"
0071896.png,5,"[5, 6, 3]"
0071897.png,5,"[5, 6, 9]"
0071900.png,5,"[5, 6, 7]"
0071905.png,5,"[5, 3, 7]"
0071910.png,5,"[5, 3, 6]"
0071913.png,5,"[5, 3, 4]"
0071915.png,5,"[5, 3, 6]"
0071920.png,5,"[5, 3, 9]"
0071921.png,5,"[5, 3, 1]"
0071923.png,5,"[5, 7, 6]"
0071940.png,5,"[5, 3, 8]"
0071943.png,5,"[5, 8, 3]"
0071958.png,5,"[5, 3, 6]"
0071967.png,5,"[5, 3, 1]"
0071968.png,5,"[5, 8, 6]"
0071972.png,5,"[5, 3, 6]"
0071973.png,5,"[5, 3, 6]"
0071982.png,7,"[7, 5, 4]"
0071987.png,7,"[7, 5, 4]"
0071988.png,5,"[5, 6, 9]"
0071995.png,5,"[5, 6, 9]"
0072000.png,5,"[5, 3, 6]"
0072006.png,5,"[5, 6, 9]"
0072008.png,5,"[5, 3, 2]"
0072009.png,5,"[5, 3, 2]"
0072011.png,5,"[5, 7, 3]"
0072023.png,5,"[5, 6, 3]"
0072032.png,5,"[5, 3, 6]"
0072034.png,5,"[5, 8, 9]"
0072046.png,5,"[5, 3, 7]"
0072049.png,5,"[5, 3, 8]"
0072057.png,5,"[5, 6, 3]"
0072063.png,5,"[5, 6, 3]"
0072067.png,5,"[5, 6, 3]"
0072068.png,5,"[5, 6, 8]"
0072071.png,5,"[5, 3, 6]"
0072073.png,5,"[5, 6, 3]"
0072078.png,5,"[5, 8, 3]"
0072082.png,5,"[5, 9, 6]"
0072083.png,5,"[5, 3, 6]"
0072085.png,5,"[5, 3, 6]"
0072088.png,5,"[5, 3, 9]"
0072091.png,5,"[5, 3, 6]"
0072093.png,5,"[5, 3, 7]"
0072106.png,8,"[8, 5, 3]"
0072109.png,5,"[5, 3, 8]"
0072112.png,5,"[5, 3, 8]"
0072115.png,5,"[5, 3, 2]"
0072120.png,5,"[5, 2, 3]"
0072122.png,5,"[5, 2, 3]"
0072128.png,5,"[5, 3, 6]"
0072133.png,5,"[5, 8, 3]"
0072137.png,5,"[5, 3, 6]"
0072142.png,5,"[5, 2, 3]"
0072149.png,5,"[5, 3, 6]"
0072161.png,5,"[5, 6, 3]"
0072168.png,5,"[5, 3, 6]"
0072174.png,3,"[3, 6, 8]"
0072175.png,5,"[5, 3, 6]"
0072182.png,5,"[5, 3, 8]"
0072186.png,5,"[5, 3, 8]"
0072195.png,5,"[5, 3, 9]"
0072198.png,8,"[8, 7, 5]"
0072201.png,5,"[5, 3, 6]"
0072210.png,5,"[5, 8, 3]"
0072236.png,5,"[5, 3, 9]"
0072240.png,5,"[5, 2, 6]"
0072241.png,5,"[5, 3, 6]"
0072242.png,5,"[5, 6, 3]"
0072243.png,5,"[5, 6, 3]"
0072246.png,5,"[5, 3, 6]"
0072255.png,5,"[5, 3, 6]"
0072263.png,3,"[3, 5, 8]"
0072265.png,5,"[5, 3, 6]"
0072267.png,5,"[5, 3, 7]"
0072268.png,5,"[5, 6, 4]"
0072277.png,5,"[5, 3, 9]"
0072280.png,5,"[5, 3, 8]"
0072286.png,5,"[5, 6, 4]"
0072296.png,5,"[5, 3, 6]"
0072297.png,5,"[5, 3, 6]"
0072303.png,5,"[5, 3, 6]"
0072307.png,5,"[5, 3, 6]"
0072325.png,5,"[5, 3, 6]"
0072337.png,5,"[5, 6, 3]"
0072342.png,5,"[5, 3, 8]"
0072343.png,5,"[5, 9, 8]"
0072346.png,5,"[5, 3, 6]"
0072347.png,5,"[5, 3, 7]"
0072351.png,5,"[5, 3, 6]"
0072375.png,5,"[5, 9, 6]"
0072378.png,5,"[5, 6, 9]"
0072379.png,5,"[5, 6, 3]"
0072380.png,5,"[5, 3, 6]"
0072389.png,5,"[5, 3, 6]"
0072392.png,5,"[5, 3, 9]"
0072394.png,5,"[5, 3, 2]"
0072398.png,5,"[5, 8, 3]"
0072408.png,5,"[5, 3, 2]"
0072412.png,5,"[5, 3, 6]"
0072415.png,5,"[5, 3, 2]"
0072417.png,5,"[5, 3, 6]"
0072418.png,5,"[5, 7, 3]"
0072427.png,5,"[5, 3, 6]"
0072429.png,5,"[5, 7, 1]"
0072432.png,5,"[5, 3, 6]"
0072434.png,5,"[5, 3, 6]"
0072439.png,5,"[5, 3, 7]"
0072441.png,5,"[5, 3, 4]"
0072454.png,5,"[5, 3, 8]"
0072463.png,5,"[5, 3, 6]"
0072466.png,5,"[5, 9, 7]"
0072468.png,5,"[5, 6, 3]"
0072469.png,5,"[5, 6, 9]"
0072479.png,5,"[5, 6, 3]"
0072485.png,6,"[6, 3, 8]"
0072490.png,2,"[2, 5, 3]"
0072498.png,5,"[5, 6, 2]"
0072502.png,5,"[5, 3, 8]"
0072503.png,5,"[5, 3, 6]"
0072508.png,5,"[5, 9, 8]"
0072513.png,5,"[5, 3, 9]"
0072520.png,5,"[5, 8, 2]"
0072525.png,5,"[5, 3, 7]"
0072526.png,5,"[5, 3, 8]"
0072530.png,5,"[5, 3, 8]"
0072535.png,5,"[5, 3, 6]"
0072536.png,5,"[5, 3, 6]"
0072537.png,5,"[5, 3, 9]"
0072541.png,5,"[5, 3, 6]"
0072562.png,5,"[5, 3, 6]"
0072568.png,5,"[5, 6, 8]"
0072574.png,5,"[5, 3, 6]"
0072577.png,5,"[5, 6, 7]"
0072582.png,5,"[5, 3, 8]"
0072589.png,5,"[5, 3, 7]"
0072591.png,5,"[5, 8, 6]"
0072592.png,5,"[5, 6, 8]"
0072600.png,5,"[5, 3, 9]"
0072604.png,5,"[5, 3, 8]"
0072605.png,5,"[5, 3, 8]"
0072608.png,5,"[5, 3, 6]"
0072609.png,5,"[5, 3, 6]"
0072616.png,5,"[5, 3, 6]"
0072628.png,5,"[5, 3, 6]"
0072645.png,5,"[5, 2, 3]"
0072663.png,5,"[5, 6, 8]"
0072665.png,5,"[5, 2, 3]"
0072678.png,5,"[5, 6, 8]"
0072698.png,5,"[5, 2, 6]"
0072699.png,5,"[5, 3, 2]"
0072702.png,5,"[5, 3, 2]"
0072704.png,5,"[5, 3, 8]"
0072705.png,5,"[5, 3, 6]"
0072715.png,5,"[5, 6, 3]"
0072717.png,5,"[5, 6, 9]"
0072731.png,5,"[5, 6, 3]"
0072732.png,5,"[5, 4, 3]"
0072738.png,5,"[5, 2, 7]"
0072742.png,5,"[5, 3, 8]"
0072745.png,5,"[5, 3, 6]"
0072749.png,5,"[5, 3, 6]"
0072758.png,5,"[5, 3, 8]"
0072763.png,5,"[5, 6, 3]"
0072767.png,5,"[5, 6, 3]"
0072768.png,5,"[5, 3, 8]"
0072778.png,5,"[5, 4, 3]"
0072785.png,5,"[5, 8, 9]"
0072796.png,5,"[5, 3, 6]"
0072804.png,5,"[5, 3, 6]"
0072806.png,5,"[5, 3, 8]"
0072807.png,5,"[5, 3, 6]"
0072812.png,5,"[5, 6, 4]"
0072823.png,5,"[5, 6, 3]"
0072825.png,5,"[5, 3, 6]"
0072843.png,5,"[5, 3, 6]"
0072845.png,5,"[5, 3, 2]"
0072854.png,5,"[5, 3, 6]"
0072855.png,5,"[5, 3, 6]"
0072867.png,5,"[5, 3, 6]"
0072871.png,5,"[5, 3, 6]"
0072873.png,5,"[5, 3, 7]"
0072876.png,5,"[5, 3, 8]"
0072878.png,5,"[5, 8, 9]"
0072890.png,5,"[5, 3, 8]"
0072891.png,5,"[5, 8, 4]"
0072905.png,5,"[5, 3, 6]"
0072919.png,5,"[5, 3, 6]"
0072922.png,5,"[5, 3, 6]"
0072924.png,5,"[5, 6, 3]"
0072927.png,5,"[5, 3, 2]"
0072931.png,5,"[5, 7, 2]"
0072939.png,5,"[5, 9, 8]"
0072943.png,5,"[5, 3, 7]"
0072946.png,6,"[6, 5, 1]"
0072947.png,5,"[5, 2, 6]"
0072948.png,5,"[5, 8, 6]"
0072953.png,6,"[6, 5, 0]"
0072964.png,5,"[5, 2, 3]"
0072987.png,5,"[5, 6, 2]"
0072996.png,5,"[5, 3, 8]"
0073015.png,5,"[5, 8, 2]"
0073026.png,5,"[5, 3, 8]"
0073031.png,5,"[5, 6, 9]"
0073042.png,5,"[5, 6, 9]"
0073043.png,5,"[5, 3, 9]"
0073044.png,5,"[5, 3, 6]"
0073048.png,5,"[5, 3, 2]"
0073060.png,5,"[5, 4, 3]"
0073063.png,5,"[5, 6, 3]"
0073066.png,5,"[5, 8, 7]"
0073067.png,5,"[5, 8, 6]"
0073071.png,5,"[5, 3, 2]"
0073078.png,5,"[5, 3, 6]"
0073079.png,5,"[5, 3, 6]"
0073082.png,5,"[5, 3, 4]"
0073089.png,5,"[5, 9, 8]"
0073098.png,5,"[5, 8, 3]"
0073099.png,5,"[5, 3, 7]"
0073101.png,5,"[5, 8, 2]"
0073105.png,5,"[5, 6, 7]"
0073109.png,5,"[5, 9, 6]"
0073112.png,5,"[5, 3, 6]"
0073120.png,5,"[5, 8, 7]"
0073125.png,5,"[5, 6, 9]"
0073131.png,5,"[5, 6, 3]"
0073133.png,5,"[5, 2, 7]"
0073140.png,5,"[5, 3, 4]"
0073141.png,5,"[5, 6, 4]"
0073144.png,5,"[5, 8, 6]"
0073146.png,5,"[5, 3, 7]"
0073150.png,5,"[5, 6, 3]"
0073153.png,5,"[5, 3, 8]"
0073158.png,5,"[5, 3, 7]"
0073159.png,5,"[5, 3, 7]"
0073171.png,5,"[5, 7, 3]"
0073175.png,5,"[5, 3, 6]"
0073177.png,5,"[5, 3, 6]"
0073180.png,5,"[5, 8, 3]"
0073189.png,5,"[5, 6, 3]"
0073203.png,5,"[5, 2, 3]"
0073210.png,5,"[5, 3, 2]"
0073212.png,5,"[5, 3, 2]"
0073216.png,3,"[3, 5, 2]"
0073218.png,5,"[5, 7, 9]"
0073222.png,5,"[5, 3, 6]"
0073223.png,5,"[5, 6, 3]"
0073230.png,5,"[5, 6, 3]"
0073231.png,5,"[5, 6, 3]"
0073234.png,5,"[5, 3, 2]"
0073241.png,5,"[5, 7, 1]"
0073243.png,5,"[5, 3, 6]"
0073244.png,2,"[2, 5, 3]"
0073247.png,5,"[5, 3, 6]"
0073253.png,5,"[5, 3, 9]"
0073260.png,5,"[5, 3, 8]"
0073263.png,5,"[5, 8, 6]"
0073266.png,5,"[5, 3, 6]"
0073272.png,1,"[1, 6, 5]"
0073277.png,5,"[5, 6, 2]"
0073278.png,5,"[5, 3, 8]"
0073284.png,5,"[5, 9, 6]"
0073287.png,5,"[5, 3, 7]"
0073295.png,5,"[5, 3, 8]"
0073296.png,5,"[5, 3, 9]"
0073297.png,5,"[5, 6, 2]"
0073300.png,5,"[5, 3, 8]"
0073304.png,5,"[5, 3, 6]"
0073305.png,5,"[5, 3, 7]"
0073308.png,5,"[5, 8, 3]"
0073313.png,5,"[5, 6, 3]"
0073321.png,5,"[5, 6, 3]"
0073324.png,3,"[3, 7, 8]"
0073327.png,5,"[5, 6, 3]"
0073328.png,5,"[5, 3, 6]"
0073329.png,5,"[5, 3, 6]"
0073331.png,5,"[5, 3, 6]"
0073346.png,5,"[5, 6, 4]"
0073347.png,5,"[5, 7, 3]"
0073348.png,8,"[8, 5, 3]"
0073358.png,5,"[5, 2, 3]"
0073370.png,5,"[5, 6, 3]"
0073371.png,5,"[5, 3, 6]"
0073380.png,5,"[5, 3, 6]"
0073384.png,5,"[5, 4, 2]"
0073385.png,5,"[5, 2, 3]"
0073408.png,5,"[5, 2, 8]"
0073427.png,5,"[5, 3, 6]"
0073429.png,5,"[5, 3, 1]"
0073433.png,5,"[5, 3, 6]"
0073444.png,5,"[5, 8, 3]"
0073451.png,5,"[5, 6, 9]"
0073457.png,5,"[5, 7, 6]"
0073464.png,5,"[5, 8, 3]"
0073482.png,5,"[5, 8, 3]"
0073484.png,5,"[5, 3, 6]"
0073504.png,8,"[8, 5, 2]"
0073507.png,5,"[5, 8, 6]"
0073508.png,8,"[8, 5, 2]"
0073511.png,5,"[5, 3, 6]"
0073513.png,6,"[6, 5, 3]"
0073523.png,5,"[5, 3, 2]"
0073524.png,5,"[5, 4, 7]"
0073543.png,5,"[5, 3, 6]"
0073546.png,5,"[5, 3, 2]"
0073549.png,5,"[5, 3, 2]"
0073557.png,5,"[5, 3, 7]"
0073560.png,5,"[5, 8, 3]"
0073566.png,5,"[5, 3, 6]"
0073568.png,5,"[5, 3, 7]"
0073570.png,5,"[5, 3, 8]"
0073573.png,5,"[5, 3, 2]"
0073574.png,3,"[3, 5, 8]"
0073577.png,5,"[5, 3, 4]"
0073580.png,5,"[5, 2, 3]"
0073583.png,5,"[5, 3, 4]"
0073589.png,5,"[5, 3, 6]"
0073591.png,5,"[5, 3, 8]"
0073592.png,5,"[5, 3, 6]"
0073605.png,5,"[5, 3, 8]"
0073608.png,5,"[5, 3, 2]"
0073617.png,5,"[5, 3, 2]"
0073628.png,5,"[5, 3, 2]"
0073629.png,5,"[5, 3, 2]"
0073646.png,5,"[5, 3, 6]"
0073650.png,5,"[5, 3, 1]"
0073656.png,5,"[5, 8, 3]"
0073664.png,5,"[5, 6, 4]"
0073666.png,3,"[3, 5, 4]"
0073668.png,5,"[5, 7, 1]"
0073674.png,5,"[5, 3, 2]"
0073695.png,5,"[5, 3, 8]"
0073696.png,5,"[5, 2, 3]"
0073698.png,5,"[5, 6, 3]"
0073704.png,5,"[5, 3, 2]"
0073715.png,5,"[5, 8, 9]"
0073716.png,5,"[5, 3, 8]"
0073719.png,5,"[5, 3, 2]"
0073720.png,5,"[5, 8, 2]"
0073723.png,5,"[5, 3, 6]"
0073725.png,5,"[5, 3, 2]"
0073730.png,5,"[5, 3, 6]"
0073732.png,5,"[5, 3, 6]"
0073753.png,5,"[5, 7, 3]"
0073758.png,5,"[5, 6, 3]"
0073762.png,5,"[5, 8, 6]"
0073767.png,5,"[5, 3, 6]"
0073772.png,5,"[5, 3, 6]"
0073774.png,5,"[5, 3, 6]"
0073779.png,5,"[5, 3, 2]"
0073781.png,6,"[6, 5, 0]"
0073783.png,6,"[6, 9, 2]"
0073787.png,6,"[6, 9, 1]"
0073790.png,6,"[6, 4, 5]"
0073792.png,6,"[6, 0, 2]"
0073794.png,6,"[6, 7, 1]"
0073795.png,6,"[6, 1, 2]"
0073802.png,6,"[6, 0, 5]"
0073806.png,6,"[6, 5, 2]"
0073817.png,6,"[6, 3, 9]"
0073832.png,6,"[6, 2, 3]"
0073843.png,6,"[6, 9, 0]"
0073848.png,6,"[6, 9, 5]"
0073857.png,6,"[6, 5, 3]"
0073862.png,6,"[6, 0, 5]"
0073866.png,6,"[6, 8, 9]"
0073871.png,6,"[6, 8, 4]"
0073878.png,6,"[6, 8, 9]"
0073880.png,6,"[6, 4, 3]"
0073882.png,6,"[6, 4, 9]"
0073884.png,6,"[6, 9, 3]"
0073887.png,6,"[6, 4, 9]"
0073891.png,6,"[6, 3, 5]"
0073894.png,6,"[6, 9, 4]"
0073896.png,6,"[6, 9, 4]"
0073897.png,6,"[6, 4, 9]"
0073901.png,6,"[6, 9, 5]"
0073906.png,6,"[6, 9, 5]"
0073916.png,6,"[6, 9, 4]"
0073918.png,6,"[6, 5, 4]"
0073930.png,6,"[6, 9, 8]"
0073931.png,6,"[6, 9, 2]"
0073932.png,6,"[6, 9, 5]"
0073934.png,6,"[6, 9, 8]"
0073947.png,6,"[6, 9, 4]"
0073950.png,6,"[6, 2, 0]"
0073952.png,6,"[6, 9, 5]"
0073959.png,6,"[6, 4, 9]"
0073963.png,6,"[6, 4, 0]"
0073972.png,6,"[6, 4, 3]"
0073980.png,6,"[6, 0, 8]"
0073982.png,6,"[6, 9, 2]"
0073983.png,6,"[6, 9, 4]"
0073987.png,6,"[6, 9, 4]"
0073991.png,6,"[6, 1, 4]"
0073992.png,6,"[6, 8, 4]"
0073996.png,6,"[6, 5, 3]"
0073998.png,6,"[6, 8, 5]"
0074002.png,6,"[6, 0, 2]"
0074004.png,6,"[6, 5, 4]"
0074020.png,6,"[6, 9, 5]"
0074023.png,6,"[6, 9, 5]"
0074026.png,6,"[6, 4, 2]"
0074029.png,6,"[6, 5, 9]"
0074030.png,6,"[6, 8, 9]"
0074041.png,6,"[6, 9, 5]"
0074042.png,6,"[6, 8, 9]"
0074053.png,6,"[6, 9, 5]"
0074054.png,6,"[6, 9, 8]"
0074057.png,6,"[6, 9, 8]"
0074065.png,6,"[6, 8, 9]"
0074067.png,6,"[6, 4, 9]"
0074071.png,6,"[6, 9, 8]"
0074075.png,6,"[6, 4, 2]"
0074076.png,6,"[6, 5, 9]"
0074080.png,6,"[6, 2, 8]"
0074088.png,6,"[6, 8, 3]"
0074093.png,6,"[6, 4, 9]"
0074099.png,6,"[6, 9, 4]"
0074100.png,6,"[6, 9, 4]"
0074102.png,6,"[6, 9, 5]"
0074104.png,6,"[6, 9, 0]"
0074110.png,6,"[6, 4, 5]"
0074112.png,6,"[6, 9, 8]"
0074119.png,6,"[6, 0, 4]"
0074129.png,6,"[6, 9, 5]"
0074132.png,6,"[6, 4, 9]"
0074135.png,6,"[6, 5, 9]"
0074151.png,6,"[6, 1, 4]"
0074154.png,6,"[6, 5, 9]"
0074155.png,6,"[6, 5, 9]"
0074158.png,6,"[6, 9, 5]"
0074166.png,6,"[6, 4, 2]"
0074174.png,6,"[6, 5, 9]"
0074178.png,6,"[6, 4, 2]"
0074185.png,6,"[6, 9, 5]"
0074186.png,6,"[6, 8, 4]"
0074193.png,6,"[6, 2, 9]"
0074196.png,6,"[6, 5, 9]"
0074198.png,6,"[6, 9, 5]"
0074205.png,6,"[6, 9, 4]"
0074209.png,6,"[6, 2, 0]"
0074213.png,6,"[6, 4, 2]"
0074218.png,6,"[6, 8, 9]"
0074223.png,6,"[6, 9, 4]"
0074227.png,6,"[6, 8, 9]"
0074233.png,6,"[6, 4, 1]"
0074234.png,6,"[6, 9, 8]"
0074238.png,6,"[6, 9, 8]"
0074247.png,6,"[6, 5, 2]"
0074249.png,6,"[6, 9, 8]"
0074254.png,6,"[6, 9, 5]"
0074255.png,6,"[6, 9, 5]"
0074261.png,6,"[6, 5, 4]"
0074267.png,6,"[6, 9, 5]"
0074271.png,6,"[6, 9, 8]"
0074275.png,6,"[6, 9, 8]"
0074276.png,6,"[6, 2, 4]"
0074281.png,6,"[6, 5, 8]"
0074290.png,6,"[6, 0, 4]"
0074292.png,6,"[6, 5, 9]"
0074293.png,6,"[6, 9, 5]"
0074296.png,6,"[6, 5, 9]"
0074314.png,6,"[6, 9, 8]"
0074327.png,6,"[6, 2, 9]"
0074328.png,6,"[6, 8, 5]"
0074339.png,6,"[6, 0, 2]"
0074340.png,6,"[6, 2, 9]"
0074341.png,6,"[6, 5, 3]"
0074352.png,6,"[6, 5, 9]"
0074353.png,6,"[6, 9, 5]"
0074357.png,6,"[6, 7, 0]"
0074360.png,6,"[6, 9, 2]"
0074364.png,6,"[6, 2, 4]"
0074368.png,6,"[6, 9, 5]"
0074369.png,6,"[6, 9, 7]"
0074376.png,6,"[6, 9, 5]"
0074389.png,6,"[6, 9, 0]"
0074390.png,6,"[6, 0, 1]"
0074393.png,6,"[6, 0, 5]"
0074397.png,6,"[6, 9, 4]"
0074401.png,0,"[0, 6, 1]"
0074405.png,6,"[6, 9, 5]"
0074407.png,6,"[6, 9, 5]"
0074408.png,0,"[0, 6, 1]"
0074411.png,6,"[6, 5, 9]"
0074416.png,6,"[6, 5, 2]"
0074426.png,6,"[6, 0, 3]"
0074427.png,0,"[0, 6, 2]"
0074429.png,6,"[6, 1, 0]"
0074430.png,6,"[6, 0, 3]"
0074433.png,0,"[0, 6, 1]"
0074441.png,6,"[6, 9, 5]"
0074447.png,6,"[6, 4, 9]"
0074449.png,6,"[6, 4, 2]"
0074451.png,6,"[6, 5, 9]"
0074457.png,6,"[6, 9, 4]"
0074459.png,6,"[6, 5, 4]"
0074461.png,6,"[6, 8, 9]"
0074464.png,6,"[6, 4, 9]"
0074466.png,0,"[0, 6, 2]"
0074470.png,6,"[6, 0, 9]"
0074474.png,5,"[5, 6, 9]"
0074475.png,6,"[6, 5, 3]"
0074477.png,6,"[6, 9, 5]"
0074491.png,6,"[6, 2, 4]"
0074498.png,6,"[6, 8, 9]"
0074500.png,6,"[6, 4, 9]"
0074507.png,6,"[6, 8, 5]"
0074509.png,6,"[6, 5, 4]"
0074518.png,6,"[6, 5, 9]"
0074520.png,6,"[6, 9, 5]"
0074528.png,6,"[6, 5, 4]"
0074531.png,6,"[6, 5, 2]"
0074539.png,6,"[6, 9, 5]"
0074546.png,6,"[6, 5, 2]"
0074548.png,6,"[6, 9, 8]"
0074557.png,6,"[6, 0, 2]"
0074569.png,6,"[6, 1, 4]"
0074571.png,6,"[6, 9, 5]"
0074572.png,6,"[6, 8, 5]"
0074575.png,6,"[6, 9, 5]"
0074588.png,6,"[6, 0, 9]"
0074594.png,6,"[6, 0, 2]"
0074598.png,6,"[6, 2, 0]"
0074610.png,8,"[8, 5, 6]"
0074625.png,6,"[6, 0, 2]"
0074634.png,6,"[6, 0, 2]"
0074643.png,6,"[6, 2, 0]"
0074645.png,6,"[6, 4, 1]"
0074664.png,6,"[6, 0, 3]"
0074675.png,6,"[6, 9, 5]"
0074677.png,6,"[6, 9, 4]"
0074678.png,6,"[6, 8, 9]"
0074685.png,6,"[6, 5, 9]"
0074687.png,6,"[6, 3, 4]"
0074692.png,6,"[6, 9, 7]"
0074695.png,6,"[6, 9, 4]"
0074704.png,6,"[6, 2, 4]"
0074706.png,6,"[6, 2, 8]"
0074713.png,6,"[6, 2, 5]"
0074715.png,6,"[6, 4, 2]"
0074720.png,6,"[6, 4, 1]"
0074724.png,8,"[8, 6, 9]"
0074726.png,6,"[6, 4, 8]"
0074727.png,6,"[6, 9, 4]"
0074730.png,6,"[6, 5, 9]"
0074731.png,6,"[6, 9, 5]"
0074735.png,6,"[6, 9, 4]"
0074739.png,6,"[6, 9, 0]"
0074749.png,6,"[6, 9, 0]"
0074752.png,6,"[6, 4, 9]"
0074767.png,6,"[6, 5, 9]"
0074771.png,6,"[6, 8, 9]"
0074777.png,6,"[6, 9, 0]"
0074778.png,6,"[6, 2, 5]"
0074779.png,6,"[6, 2, 5]"
0074781.png,6,"[6, 2, 5]"
0074784.png,6,"[6, 5, 0]"
0074786.png,8,"[8, 6, 9]"
0074790.png,6,"[6, 5, 2]"
0074791.png,6,"[6, 5, 0]"
0074795.png,6,"[6, 8, 3]"
0074799.png,6,"[6, 5, 3]"
0074808.png,6,"[6, 2, 5]"
0074822.png,6,"[6, 5, 2]"
0074824.png,6,"[6, 1, 7]"
0074827.png,6,"[6, 5, 9]"
0074830.png,6,"[6, 2, 4]"
0074836.png,6,"[6, 8, 4]"
0074838.png,6,"[6, 2, 3]"
0074839.png,6,"[6, 2, 5]"
0074841.png,6,"[6, 4, 9]"
0074853.png,6,"[6, 9, 4]"
0074855.png,6,"[6, 9, 5]"
0074858.png,6,"[6, 4, 9]"
0074878.png,6,"[6, 5, 4]"
0074883.png,6,"[6, 8, 9]"
0074885.png,4,"[4, 7, 2]"
0074893.png,6,"[6, 5, 4]"
0074899.png,6,"[6, 4, 2]"
0074900.png,6,"[6, 5, 9]"
0074905.png,6,"[6, 4, 2]"
0074906.png,6,"[6, 9, 5]"
0074908.png,6,"[6, 9, 8]"
0074917.png,6,"[6, 9, 8]"
0074923.png,6,"[6, 9, 5]"
0074931.png,6,"[6, 5, 3]"
0074943.png,6,"[6, 5, 9]"
0074954.png,6,"[6, 4, 2]"
0074955.png,6,"[6, 4, 9]"
0074959.png,6,"[6, 9, 2]"
0074971.png,6,"[6, 9, 4]"
0074972.png,6,"[6, 9, 4]"
0074973.png,6,"[6, 9, 2]"
0074977.png,6,"[6, 9, 8]"
0074978.png,6,"[6, 8, 9]"
0074986.png,6,"[6, 9, 5]"
0074988.png,6,"[6, 9, 8]"
0074996.png,6,"[6, 9, 5]"
0075000.png,6,"[6, 9, 8]"
0075004.png,6,"[6, 9, 8]"
0075007.png,6,"[6, 9, 8]"
0075014.png,6,"[6, 8, 2]"
0075016.png,6,"[6, 8, 9]"
0075023.png,6,"[6, 5, 9]"
0075027.png,6,"[6, 9, 5]"
0075030.png,6,"[6, 8, 3]"
0075033.png,6,"[6, 8, 5]"
0075034.png,6,"[6, 4, 8]"
0075040.png,6,"[6, 9, 3]"
0075041.png,6,"[6, 9, 3]"
0075044.png,6,"[6, 9, 5]"
0075047.png,6,"[6, 2, 5]"
0075050.png,6,"[6, 4, 9]"
0075067.png,6,"[6, 9, 4]"
0075075.png,6,"[6, 9, 8]"
0075078.png,6,"[6, 8, 4]"
0075080.png,6,"[6, 0, 5]"
0075085.png,6,"[6, 4, 9]"
0075089.png,6,"[6, 3, 9]"
0075091.png,6,"[6, 2, 0]"
0075093.png,6,"[6, 1, 4]"
0075100.png,6,"[6, 8, 5]"
0075110.png,6,"[6, 9, 8]"
0075111.png,6,"[6, 9, 5]"
0075120.png,6,"[6, 2, 4]"
0075121.png,6,"[6, 4, 2]"
0075130.png,6,"[6, 9, 8]"
0075139.png,6,"[6, 9, 8]"
0075142.png,6,"[6, 9, 8]"
0075154.png,6,"[6, 4, 8]"
0075161.png,6,"[6, 4, 0]"
0075167.png,6,"[6, 5, 9]"
0075175.png,6,"[6, 9, 5]"
0075180.png,6,"[6, 9, 8]"
0075187.png,6,"[6, 9, 5]"
0075188.png,6,"[6, 8, 9]"
0075194.png,6,"[6, 2, 5]"
0075200.png,6,"[6, 8, 9]"
0075203.png,6,"[6, 2, 5]"
0075208.png,6,"[6, 8, 5]"
0075210.png,6,"[6, 9, 5]"
0075214.png,6,"[6, 0, 9]"
0075215.png,6,"[6, 4, 9]"
0075218.png,5,"[5, 6, 3]"
0075220.png,6,"[6, 4, 5]"
0075223.png,6,"[6, 8, 3]"
0075224.png,6,"[6, 8, 9]"
0075227.png,6,"[6, 2, 5]"
0075248.png,6,"[6, 9, 5]"
0075250.png,8,"[8, 6, 2]"
0075252.png,6,"[6, 0, 2]"
0075255.png,6,"[6, 9, 8]"
0075263.png,6,"[6, 9, 5]"
0075267.png,6,"[6, 5, 9]"
0075268.png,6,"[6, 5, 8]"
0075269.png,6,"[6, 5, 9]"
0075271.png,2,"[2, 6, 3]"
0075290.png,6,"[6, 8, 9]"
0075292.png,6,"[6, 9, 5]"
0075293.png,6,"[6, 8, 3]"
0075295.png,6,"[6, 0, 9]"
0075299.png,6,"[6, 9, 8]"
0075301.png,6,"[6, 8, 3]"
0075303.png,6,"[6, 0, 2]"
0075305.png,6,"[6, 0, 2]"
0075311.png,6,"[6, 9, 0]"
0075312.png,6,"[6, 2, 5]"
0075315.png,6,"[6, 9, 5]"
0075326.png,6,"[6, 8, 2]"
0075331.png,6,"[6, 9, 4]"
0075335.png,6,"[6, 9, 3]"
0075337.png,6,"[6, 9, 5]"
0075338.png,6,"[6, 8, 0]"
0075354.png,6,"[6, 9, 4]"
0075356.png,6,"[6, 9, 5]"
0075358.png,6,"[6, 8, 9]"
0075359.png,6,"[6, 0, 8]"
0075372.png,6,"[6, 9, 3]"
0075377.png,6,"[6, 9, 4]"
0075381.png,6,"[6, 9, 0]"
0075387.png,6,"[6, 9, 5]"
0075392.png,6,"[6, 5, 8]"
0075394.png,6,"[6, 4, 9]"
0075395.png,6,"[6, 4, 9]"
0075400.png,6,"[6, 8, 4]"
0075413.png,6,"[6, 9, 8]"
0075415.png,6,"[6, 4, 5]"
0075416.png,2,"[2, 4, 6]"
0075417.png,6,"[6, 2, 1]"
0075420.png,6,"[6, 9, 3]"
0075429.png,6,"[6, 0, 9]"
0075434.png,6,"[6, 0, 4]"
0075443.png,6,"[6, 8, 9]"
0075447.png,6,"[6, 8, 4]"
0075463.png,6,"[6, 4, 2]"
0075473.png,6,"[6, 4, 8]"
0075477.png,6,"[6, 9, 5]"
0075496.png,6,"[6, 8, 2]"
0075498.png,6,"[6, 8, 9]"
0075504.png,6,"[6, 5, 3]"
0075512.png,6,"[6, 5, 9]"
0075516.png,6,"[6, 2, 5]"
0075524.png,6,"[6, 3, 2]"
0075536.png,8,"[8, 6, 0]"
0075550.png,6,"[6, 8, 5]"
0075559.png,6,"[6, 8, 5]"
0075563.png,6,"[6, 8, 9]"
0075564.png,6,"[6, 9, 5]"
0075565.png,6,"[6, 9, 5]"
0075567.png,6,"[6, 8, 3]"
0075570.png,6,"[6, 9, 5]"
0075576.png,6,"[6, 9, 3]"
0075578.png,6,"[6, 2, 8]"
0075583.png,6,"[6, 8, 9]"
0075587.png,6,"[6, 3, 5]"
0075604.png,6,"[6, 9, 8]"
0075610.png,9,"[9, 6, 5]"
0075618.png,6,"[6, 2, 4]"
0075619.png,6,"[6, 2, 4]"
0075626.png,6,"[6, 9, 2]"
0075627.png,6,"[6, 4, 9]"
0075630.png,6,"[6, 9, 8]"
0075631.png,6,"[6, 5, 8]"
0075632.png,6,"[6, 8, 9]"
0075654.png,6,"[6, 8, 2]"
0075655.png,6,"[6, 5, 8]"
0075656.png,6,"[6, 9, 4]"
0075662.png,6,"[6, 5, 8]"
0075671.png,6,"[6, 8, 2]"
0075674.png,6,"[6, 9, 8]"
0075676.png,6,"[6, 1, 9]"
0075690.png,6,"[6, 8, 2]"
0075699.png,6,"[6, 9, 5]"
0075700.png,6,"[6, 5, 9]"
0075703.png,6,"[6, 9, 0]"
0075708.png,6,"[6, 9, 4]"
0075709.png,0,"[0, 2, 8]"
0075710.png,6,"[6, 9, 5]"
0075718.png,6,"[6, 5, 8]"
0075721.png,6,"[6, 5, 9]"
0075732.png,6,"[6, 5, 9]"
0075737.png,6,"[6, 9, 5]"
0075743.png,6,"[6, 8, 5]"
0075745.png,6,"[6, 5, 3]"
0075746.png,6,"[6, 9, 8]"
0075749.png,6,"[6, 4, 9]"
0075752.png,6,"[6, 8, 9]"
0075753.png,6,"[6, 8, 5]"
0075757.png,6,"[6, 3, 8]"
0075762.png,6,"[6, 2, 0]"
0075764.png,6,"[6, 5, 9]"
0075765.png,6,"[6, 5, 0]"
0075782.png,6,"[6, 9, 4]"
0075785.png,6,"[6, 2, 0]"
0075787.png,6,"[6, 2, 1]"
0075805.png,6,"[6, 9, 8]"
0075810.png,6,"[6, 8, 3]"
0075816.png,6,"[6, 8, 2]"
0075817.png,6,"[6, 9, 8]"
0075822.png,6,"[6, 8, 5]"
0075823.png,6,"[6, 2, 0]"
0075827.png,6,"[6, 3, 5]"
0075829.png,6,"[6, 8, 9]"
0075834.png,6,"[6, 2, 3]"
0075839.png,6,"[6, 9, 5]"
0075840.png,6,"[6, 9, 8]"
0075842.png,6,"[6, 9, 8]"
0075846.png,6,"[6, 5, 9]"
0075847.png,6,"[6, 5, 9]"
0075857.png,6,"[6, 9, 8]"
0075864.png,6,"[6, 2, 5]"
0075865.png,6,"[6, 9, 2]"
0075883.png,6,"[6, 9, 4]"
0075886.png,6,"[6, 8, 9]"
0075900.png,6,"[6, 9, 5]"
0075904.png,6,"[6, 8, 2]"
0075908.png,6,"[6, 8, 2]"
0075911.png,6,"[6, 4, 2]"
0075915.png,6,"[6, 4, 5]"
0075920.png,6,"[6, 4, 1]"
0075926.png,6,"[6, 8, 4]"
0075929.png,6,"[6, 8, 3]"
0075932.png,6,"[6, 5, 3]"
0075941.png,6,"[6, 9, 4]"
0075948.png,6,"[6, 5, 2]"
0075949.png,6,"[6, 5, 0]"
0075957.png,6,"[6, 0, 2]"
0075958.png,6,"[6, 4, 3]"
0075964.png,6,"[6, 4, 5]"
0075965.png,6,"[6, 4, 9]"
0075966.png,6,"[6, 8, 9]"
0075967.png,6,"[6, 9, 0]"
0075975.png,6,"[6, 5, 9]"
0075979.png,6,"[6, 0, 9]"
0075989.png,6,"[6, 4, 9]"
0075990.png,6,"[6, 9, 8]"
0075992.png,6,"[6, 9, 8]"
0076014.png,6,"[6, 9, 8]"
0076015.png,6,"[6, 9, 8]"
0076016.png,6,"[6, 9, 8]"
0076017.png,6,"[6, 9, 5]"
0076020.png,1,"[1, 8, 7]"
0076022.png,6,"[6, 4, 8]"
0076028.png,6,"[6, 5, 9]"
0076031.png,6,"[6, 8, 9]"
0076036.png,6,"[6, 9, 5]"
0076049.png,6,"[6, 5, 9]"
0076053.png,6,"[6, 2, 7]"
0076072.png,6,"[6, 5, 9]"
0076074.png,6,"[6, 9, 8]"
0076075.png,6,"[6, 9, 8]"
0076078.png,6,"[6, 8, 3]"
0076086.png,6,"[6, 8, 5]"
0076089.png,6,"[6, 9, 5]"
0076098.png,6,"[6, 8, 9]"
0076102.png,6,"[6, 2, 8]"
0076103.png,6,"[6, 8, 2]"
0076107.png,6,"[6, 9, 5]"
0076114.png,6,"[6, 8, 2]"
0076115.png,6,"[6, 8, 2]"
0076116.png,6,"[6, 9, 8]"
0076122.png,6,"[6, 8, 0]"
0076125.png,6,"[6, 9, 8]"
0076126.png,6,"[6, 5, 9]"
0076131.png,6,"[6, 9, 8]"
0076132.png,6,"[6, 2, 5]"
0076133.png,6,"[6, 5, 9]"
0076144.png,6,"[6, 9, 8]"
0076153.png,6,"[6, 5, 0]"
0076155.png,6,"[6, 9, 5]"
0076157.png,6,"[6, 4, 5]"
0076158.png,6,"[6, 9, 5]"
0076164.png,6,"[6, 5, 8]"
0076174.png,6,"[6, 9, 2]"
0076175.png,6,"[6, 2, 4]"
0076179.png,6,"[6, 5, 2]"
0076184.png,6,"[6, 9, 2]"
0076187.png,6,"[6, 5, 9]"
0076189.png,6,"[6, 9, 4]"
0076190.png,6,"[6, 4, 8]"
0076192.png,6,"[6, 0, 2]"
0076193.png,6,"[6, 0, 2]"
0076195.png,6,"[6, 4, 9]"
0076196.png,6,"[6, 8, 9]"
0076210.png,6,"[6, 9, 8]"
0076215.png,6,"[6, 5, 9]"
0076216.png,6,"[6, 9, 5]"
0076223.png,6,"[6, 9, 5]"
0076227.png,6,"[6, 9, 4]"
0076236.png,6,"[6, 9, 5]"
0076242.png,6,"[6, 9, 2]"
0076246.png,6,"[6, 2, 3]"
0076253.png,6,"[6, 9, 8]"
0076254.png,6,"[6, 2, 4]"
0076256.png,6,"[6, 8, 9]"
0076259.png,6,"[6, 4, 9]"
0076269.png,6,"[6, 9, 2]"
0076271.png,6,"[6, 9, 8]"
0076273.png,6,"[6, 9, 4]"
0076279.png,6,"[6, 9, 8]"
0076280.png,6,"[6, 5, 9]"
0076283.png,6,"[6, 9, 2]"
0076284.png,6,"[6, 9, 8]"
0076285.png,6,"[6, 9, 8]"
0076288.png,6,"[6, 8, 9]"
0076294.png,6,"[6, 3, 7]"
0076310.png,6,"[6, 5, 4]"
0076317.png,6,"[6, 4, 3]"
0076318.png,6,"[6, 8, 9]"
0076321.png,6,"[6, 8, 3]"
0076327.png,6,"[6, 5, 0]"
0076328.png,6,"[6, 9, 5]"
0076335.png,6,"[6, 8, 9]"
0076349.png,6,"[6, 4, 9]"
0076352.png,6,"[6, 8, 3]"
0076355.png,6,"[6, 8, 3]"
0076359.png,6,"[6, 9, 5]"
0076362.png,6,"[6, 8, 3]"
0076365.png,6,"[6, 8, 3]"
0076368.png,6,"[6, 5, 8]"
0076370.png,6,"[6, 3, 8]"
0076372.png,6,"[6, 4, 8]"
0076374.png,6,"[6, 5, 4]"
0076379.png,6,"[6, 5, 8]"
0076380.png,6,"[6, 9, 8]"
0076395.png,6,"[6, 4, 9]"
0076398.png,6,"[6, 9, 8]"
0076401.png,6,"[6, 5, 9]"
0076408.png,6,"[6, 4, 2]"
0076412.png,6,"[6, 2, 4]"
0076415.png,6,"[6, 8, 9]"
0076421.png,6,"[6, 9, 8]"
0076426.png,6,"[6, 9, 8]"
0076434.png,6,"[6, 9, 5]"
0076437.png,6,"[6, 9, 5]"
0076440.png,6,"[6, 9, 8]"
0076445.png,6,"[6, 9, 4]"
0076446.png,6,"[6, 2, 4]"
0076451.png,6,"[6, 4, 9]"
0076452.png,6,"[6, 9, 3]"
0076461.png,6,"[6, 9, 0]"
0076465.png,6,"[6, 9, 2]"
0076467.png,6,"[6, 4, 9]"
0076474.png,6,"[6, 9, 5]"
0076475.png,6,"[6, 5, 9]"
0076481.png,6,"[6, 4, 7]"
0076487.png,6,"[6, 5, 9]"
0076491.png,6,"[6, 9, 4]"
0076496.png,6,"[6, 2, 5]"
0076498.png,6,"[6, 0, 2]"
0076506.png,6,"[6, 0, 8]"
0076510.png,6,"[6, 8, 2]"
0076515.png,8,"[8, 6, 5]"
0076523.png,6,"[6, 9, 4]"
0076533.png,6,"[6, 8, 0]"
0076538.png,6,"[6, 0, 4]"
0076539.png,6,"[6, 0, 4]"
0076541.png,6,"[6, 9, 4]"
0076544.png,6,"[6, 5, 8]"
0076549.png,6,"[6, 5, 9]"
0076559.png,6,"[6, 9, 4]"
0076586.png,6,"[6, 2, 5]"
0076588.png,6,"[6, 4, 8]"
0076595.png,6,"[6, 5, 9]"
0076598.png,6,"[6, 3, 2]"
0076600.png,6,"[6, 2, 5]"
0076605.png,6,"[6, 9, 8]"
0076622.png,6,"[6, 9, 5]"
0076637.png,6,"[6, 8, 0]"
0076639.png,6,"[6, 5, 3]"
0076640.png,6,"[6, 5, 9]"
0076641.png,6,"[6, 5, 9]"
0076643.png,6,"[6, 5, 9]"
0076647.png,6,"[6, 9, 0]"
0076654.png,6,"[6, 8, 9]"
0076657.png,6,"[6, 9, 8]"
0076661.png,6,"[6, 9, 8]"
0076662.png,6,"[6, 5, 9]"
0076667.png,6,"[6, 5, 3]"
0076675.png,6,"[6, 8, 9]"
0076676.png,6,"[6, 5, 9]"
0076683.png,6,"[6, 9, 4]"
0076685.png,6,"[6, 9, 5]"
0076705.png,6,"[6, 9, 3]"
0076706.png,6,"[6, 5, 4]"
0076707.png,6,"[6, 9, 5]"
0076708.png,6,"[6, 4, 8]"
0076712.png,6,"[6, 3, 8]"
0076715.png,6,"[6, 9, 5]"
0076725.png,6,"[6, 5, 9]"
0076726.png,6,"[6, 4, 9]"
0076732.png,6,"[6, 9, 8]"
0076734.png,6,"[6, 4, 2]"
0076735.png,6,"[6, 8, 4]"
0076738.png,6,"[6, 4, 5]"
0076754.png,6,"[6, 9, 8]"
0076763.png,6,"[6, 9, 8]"
0076764.png,6,"[6, 4, 5]"
0076772.png,6,"[6, 9, 5]"
0076786.png,6,"[6, 0, 4]"
0076789.png,6,"[6, 4, 8]"
0076791.png,6,"[6, 3, 9]"
0076793.png,6,"[6, 5, 4]"
0076819.png,6,"[6, 9, 4]"
0076822.png,6,"[6, 8, 4]"
0076827.png,6,"[6, 4, 9]"
0076831.png,6,"[6, 5, 9]"
0076835.png,6,"[6, 3, 9]"
0076836.png,6,"[6, 5, 9]"
0076838.png,6,"[6, 2, 5]"
0076841.png,6,"[6, 9, 4]"
0076844.png,6,"[6, 5, 4]"
0076846.png,3,"[3, 6, 5]"
0076855.png,6,"[6, 9, 5]"
0076869.png,6,"[6, 8, 9]"
0076875.png,6,"[6, 5, 9]"
0076879.png,6,"[6, 9, 8]"
0076882.png,6,"[6, 9, 8]"
0076886.png,6,"[6, 5, 9]"
0076893.png,6,"[6, 7, 1]"
0076897.png,6,"[6, 4, 9]"
0076901.png,6,"[6, 5, 4]"
0076903.png,6,"[6, 9, 8]"
0076913.png,6,"[6, 9, 8]"
0076920.png,6,"[6, 8, 1]"
0076930.png,6,"[6, 8, 2]"
0076932.png,6,"[6, 5, 2]"
0076934.png,6,"[6, 4, 5]"
0076940.png,6,"[6, 5, 9]"
0076947.png,6,"[6, 2, 5]"
0076949.png,6,"[6, 8, 3]"
0076957.png,6,"[6, 4, 8]"
0076966.png,6,"[6, 9, 8]"
0076983.png,6,"[6, 4, 2]"
0076984.png,6,"[6, 8, 4]"
0076987.png,6,"[6, 4, 9]"
0076989.png,6,"[6, 2, 5]"
0076993.png,6,"[6, 9, 4]"
0076994.png,6,"[6, 4, 9]"
0076998.png,6,"[6, 5, 7]"
0077000.png,6,"[6, 8, 2]"
0077018.png,6,"[6, 4, 9]"
0077050.png,6,"[6, 4, 3]"
0077052.png,6,"[6, 5, 9]"
0077071.png,6,"[6, 9, 8]"
0077075.png,6,"[6, 7, 2]"
0077077.png,6,"[6, 9, 4]"
0077078.png,6,"[6, 8, 0]"
0077082.png,6,"[6, 0, 9]"
0077087.png,6,"[6, 9, 5]"
0077097.png,6,"[6, 9, 5]"
0077102.png,6,"[6, 3, 9]"
0077107.png,6,"[6, 9, 5]"
0077109.png,6,"[6, 9, 8]"
0077111.png,6,"[6, 4, 9]"
0077116.png,6,"[6, 5, 3]"
0077119.png,6,"[6, 9, 8]"
0077133.png,6,"[6, 4, 2]"
0077135.png,6,"[6, 9, 8]"
0077144.png,6,"[6, 0, 3]"
0077146.png,6,"[6, 2, 5]"
0077153.png,6,"[6, 5, 9]"
0077154.png,6,"[6, 2, 8]"
0077159.png,6,"[6, 9, 8]"
0077176.png,6,"[6, 2, 8]"
0077180.png,6,"[6, 4, 9]"
0077182.png,6,"[6, 0, 1]"
0077183.png,6,"[6, 8, 0]"
0077184.png,6,"[6, 8, 2]"
0077187.png,6,"[6, 4, 9]"
0077188.png,6,"[6, 4, 8]"
0077196.png,6,"[6, 8, 4]"
0077197.png,6,"[6, 9, 8]"
0077198.png,6,"[6, 9, 8]"
0077199.png,6,"[6, 8, 9]"
0077204.png,0,"[0, 6, 8]"
0077208.png,6,"[6, 2, 9]"
0077210.png,6,"[6, 1, 9]"
0077219.png,6,"[6, 3, 8]"
0077221.png,6,"[6, 9, 4]"
0077237.png,6,"[6, 9, 5]"
0077243.png,6,"[6, 3, 8]"
0077245.png,6,"[6, 8, 5]"
0077246.png,6,"[6, 4, 3]"
0077248.png,6,"[6, 9, 5]"
0077251.png,6,"[6, 9, 4]"
0077252.png,6,"[6, 9, 8]"
0077253.png,6,"[6, 9, 8]"
0077256.png,6,"[6, 4, 1]"
0077259.png,6,"[6, 9, 4]"
0077261.png,6,"[6, 9, 8]"
0077273.png,6,"[6, 0, 5]"
0077275.png,6,"[6, 9, 2]"
0077283.png,6,"[6, 5, 8]"
0077288.png,6,"[6, 5, 9]"
0077290.png,6,"[6, 4, 9]"
0077294.png,3,"[3, 6, 5]"
0077296.png,6,"[6, 5, 2]"
0077297.png,6,"[6, 2, 9]"
0077298.png,6,"[6, 5, 9]"
0077300.png,6,"[6, 9, 0]"
0077304.png,6,"[6, 9, 3]"
0077310.png,6,"[6, 8, 5]"
0077317.png,6,"[6, 0, 4]"
0077318.png,6,"[6, 4, 2]"
0077323.png,6,"[6, 9, 4]"
0077326.png,6,"[6, 0, 8]"
0077334.png,6,"[6, 4, 5]"
0077341.png,6,"[6, 8, 2]"
0077353.png,6,"[6, 5, 3]"
0077366.png,6,"[6, 5, 9]"
0077399.png,6,"[6, 0, 4]"
0077402.png,6,"[6, 4, 2]"
0077404.png,6,"[6, 0, 5]"
0077420.png,6,"[6, 9, 5]"
0077421.png,6,"[6, 9, 5]"
0077424.png,6,"[6, 9, 8]"
0077425.png,6,"[6, 9, 5]"
0077426.png,6,"[6, 8, 3]"
0077429.png,6,"[6, 2, 4]"
0077435.png,6,"[6, 4, 5]"
0077437.png,6,"[6, 8, 9]"
0077438.png,6,"[6, 8, 3]"
0077440.png,6,"[6, 4, 9]"
0077446.png,6,"[6, 4, 9]"
0077451.png,6,"[6, 4, 8]"
0077453.png,6,"[6, 9, 4]"
0077455.png,6,"[6, 9, 5]"
0077456.png,6,"[6, 2, 9]"
0077459.png,6,"[6, 9, 4]"
0077460.png,6,"[6, 8, 9]"
0077467.png,6,"[6, 9, 0]"
0077468.png,6,"[6, 8, 2]"
0077471.png,6,"[6, 8, 9]"
0077480.png,6,"[6, 4, 2]"
0077485.png,6,"[6, 2, 5]"
0077492.png,6,"[6, 5, 3]"
0077494.png,6,"[6, 9, 5]"
0077497.png,6,"[6, 2, 9]"
0077503.png,6,"[6, 8, 3]"
0077504.png,6,"[6, 4, 8]"
0077505.png,6,"[6, 8, 9]"
0077506.png,6,"[6, 8, 4]"
0077508.png,6,"[6, 4, 5]"
0077514.png,6,"[6, 4, 2]"
0077523.png,6,"[6, 9, 4]"
0077529.png,6,"[6, 9, 0]"
0077531.png,6,"[6, 0, 9]"
0077533.png,6,"[6, 0, 2]"
0077542.png,6,"[6, 0, 5]"
0077547.png,6,"[6, 5, 3]"
0077554.png,6,"[6, 9, 3]"
0077555.png,6,"[6, 9, 5]"
0077559.png,6,"[6, 9, 0]"
0077561.png,6,"[6, 3, 0]"
0077578.png,6,"[6, 0, 2]"
0077579.png,6,"[6, 8, 2]"
0077584.png,6,"[6, 8, 3]"
0077585.png,6,"[6, 5, 8]"
0077592.png,6,"[6, 9, 5]"
0077596.png,6,"[6, 2, 8]"
0077597.png,6,"[6, 5, 2]"
0077608.png,6,"[6, 4, 8]"
0077610.png,6,"[6, 8, 2]"
0077618.png,6,"[6, 4, 2]"
0077621.png,6,"[6, 4, 9]"
0077622.png,6,"[6, 5, 3]"
0077628.png,6,"[6, 9, 8]"
0077629.png,6,"[6, 9, 8]"
0077631.png,6,"[6, 5, 9]"
0077633.png,6,"[6, 4, 2]"
0077639.png,6,"[6, 4, 9]"
0077645.png,6,"[6, 5, 7]"
0077646.png,6,"[6, 0, 8]"
0077655.png,6,"[6, 9, 5]"
0077671.png,6,"[6, 9, 2]"
0077672.png,6,"[6, 4, 5]"
0077680.png,6,"[6, 9, 0]"
0077681.png,6,"[6, 9, 4]"
0077683.png,6,"[6, 8, 9]"
0077685.png,6,"[6, 2, 5]"
0077689.png,6,"[6, 8, 9]"
0077690.png,6,"[6, 4, 2]"
0077694.png,6,"[6, 8, 5]"
0077695.png,6,"[6, 5, 9]"
0077701.png,6,"[6, 5, 4]"
0077702.png,6,"[6, 4, 9]"
0077707.png,6,"[6, 5, 9]"
0077713.png,6,"[6, 8, 9]"
0077719.png,6,"[6, 9, 5]"
0077723.png,6,"[6, 0, 2]"
0077728.png,6,"[6, 8, 2]"
0077738.png,6,"[6, 9, 5]"
0077739.png,6,"[6, 4, 9]"
0077743.png,4,"[4, 7, 2]"
0077744.png,6,"[6, 5, 8]"
0077747.png,6,"[6, 9, 0]"
0077749.png,6,"[6, 0, 5]"
0077759.png,6,"[6, 9, 2]"
0077761.png,6,"[6, 2, 4]"
0077767.png,6,"[6, 9, 5]"
0077768.png,6,"[6, 5, 9]"
0077772.png,6,"[6, 5, 0]"
0077779.png,6,"[6, 1, 4]"
0077783.png,6,"[6, 0, 4]"
0077786.png,6,"[6, 0, 2]"
0077789.png,6,"[6, 2, 1]"
0077790.png,6,"[6, 5, 8]"
0077791.png,6,"[6, 5, 4]"
0077792.png,6,"[6, 9, 3]"
0077795.png,6,"[6, 3, 2]"
0077798.png,6,"[6, 3, 9]"
0077800.png,6,"[6, 8, 9]"
0077804.png,6,"[6, 9, 8]"
0077809.png,6,"[6, 9, 5]"
0077812.png,6,"[6, 9, 8]"
0077814.png,6,"[6, 5, 8]"
0077816.png,6,"[6, 8, 5]"
0077819.png,6,"[6, 5, 4]"
0077820.png,6,"[6, 8, 9]"
0077821.png,6,"[6, 8, 9]"
0077832.png,6,"[6, 3, 2]"
0077843.png,6,"[6, 9, 5]"
0077846.png,6,"[6, 9, 5]"
0077849.png,6,"[6, 5, 4]"
0077854.png,6,"[6, 5, 8]"
0077856.png,6,"[6, 9, 4]"
0077857.png,6,"[6, 2, 0]"
0077859.png,6,"[6, 2, 4]"
0077874.png,6,"[6, 4, 0]"
0077877.png,6,"[6, 9, 4]"
0077880.png,6,"[6, 4, 9]"
0077885.png,6,"[6, 4, 2]"
0077887.png,6,"[6, 9, 8]"
0077888.png,6,"[6, 5, 3]"
0077889.png,6,"[6, 5, 9]"
0077890.png,6,"[6, 4, 8]"
0077892.png,6,"[6, 9, 4]"
0077893.png,6,"[6, 9, 4]"
0077900.png,6,"[6, 5, 2]"
0077901.png,6,"[6, 2, 5]"
0077905.png,6,"[6, 4, 9]"
0077907.png,6,"[6, 0, 5]"
0077915.png,6,"[6, 9, 8]"
0077917.png,6,"[6, 9, 8]"
0077922.png,6,"[6, 9, 5]"
0077926.png,6,"[6, 8, 2]"
0077927.png,6,"[6, 0, 2]"
0077936.png,6,"[6, 9, 8]"
0077942.png,6,"[6, 8, 4]"
0077955.png,6,"[6, 2, 0]"
0077956.png,6,"[6, 5, 9]"
0077961.png,6,"[6, 5, 9]"
0077962.png,3,"[3, 8, 6]"
0077964.png,6,"[6, 9, 5]"
0077965.png,6,"[6, 9, 5]"
0077967.png,6,"[6, 9, 5]"
0077976.png,8,"[8, 6, 9]"
0077979.png,6,"[6, 9, 5]"
0077984.png,6,"[6, 9, 8]"
0077991.png,6,"[6, 3, 0]"
0077992.png,6,"[6, 0, 2]"
0077995.png,6,"[6, 9, 4]"
0078003.png,6,"[6, 2, 0]"
0078007.png,6,"[6, 2, 0]"
0078012.png,6,"[6, 2, 5]"
0078017.png,6,"[6, 4, 9]"
0078018.png,6,"[6, 0, 9]"
0078022.png,6,"[6, 5, 2]"
0078034.png,6,"[6, 8, 9]"
0078041.png,6,"[6, 4, 2]"
0078043.png,6,"[6, 9, 4]"
0078050.png,6,"[6, 8, 4]"
0078055.png,6,"[6, 4, 9]"
0078057.png,6,"[6, 8, 5]"
0078060.png,6,"[6, 4, 8]"
0078067.png,6,"[6, 9, 5]"
0078068.png,6,"[6, 5, 3]"
0078071.png,6,"[6, 9, 4]"
0078073.png,6,"[6, 9, 4]"
0078076.png,6,"[6, 9, 5]"
0078077.png,6,"[6, 9, 4]"
0078080.png,6,"[6, 2, 9]"
0078085.png,6,"[6, 4, 2]"
0078089.png,6,"[6, 4, 2]"
0078091.png,6,"[6, 4, 9]"
0078099.png,6,"[6, 9, 5]"
0078100.png,6,"[6, 2, 5]"
0078108.png,6,"[6, 5, 7]"
0078110.png,6,"[6, 9, 8]"
0078114.png,6,"[6, 0, 2]"
0078124.png,6,"[6, 9, 8]"
0078127.png,6,"[6, 5, 9]"
0078132.png,6,"[6, 9, 8]"
0078133.png,6,"[6, 9, 5]"
0078134.png,6,"[6, 1, 0]"
0078139.png,6,"[6, 1, 5]"
0078154.png,6,"[6, 0, 2]"
0078159.png,6,"[6, 2, 4]"
0078163.png,6,"[6, 4, 9]"
0078164.png,6,"[6, 4, 5]"
0078166.png,6,"[6, 5, 4]"
0078171.png,6,"[6, 9, 4]"
0078174.png,6,"[6, 4, 9]"
0078176.png,6,"[6, 4, 5]"
0078177.png,6,"[6, 5, 9]"
0078180.png,9,"[9, 6, 8]"
0078188.png,6,"[6, 9, 5]"
0078194.png,6,"[6, 8, 5]"
0078201.png,6,"[6, 8, 9]"
0078208.png,6,"[6, 9, 8]"
0078209.png,6,"[6, 8, 9]"
0078218.png,6,"[6, 8, 9]"
0078221.png,6,"[6, 9, 5]"
0078224.png,6,"[6, 9, 5]"
0078225.png,6,"[6, 9, 5]"
0078240.png,6,"[6, 8, 5]"
0078242.png,6,"[6, 9, 2]"
0078250.png,6,"[6, 4, 5]"
0078254.png,6,"[6, 2, 4]"
0078259.png,6,"[6, 4, 9]"
0078265.png,6,"[6, 0, 9]"
0078268.png,6,"[6, 5, 9]"
0078299.png,6,"[6, 0, 2]"
0078300.png,6,"[6, 4, 2]"
0078302.png,6,"[6, 5, 9]"
0078308.png,6,"[6, 5, 8]"
0078315.png,6,"[6, 2, 1]"
0078318.png,6,"[6, 0, 2]"
0078319.png,6,"[6, 2, 4]"
0078330.png,6,"[6, 4, 2]"
0078332.png,6,"[6, 1, 4]"
0078333.png,4,"[4, 1, 7]"
0078339.png,6,"[6, 8, 9]"
0078342.png,6,"[6, 9, 3]"
0078348.png,6,"[6, 4, 5]"
0078351.png,6,"[6, 5, 9]"
0078358.png,6,"[6, 4, 3]"
0078363.png,6,"[6, 9, 0]"
0078365.png,6,"[6, 9, 8]"
0078377.png,6,"[6, 9, 4]"
0078378.png,6,"[6, 8, 0]"
0078387.png,6,"[6, 4, 9]"
0078398.png,6,"[6, 8, 9]"
0078413.png,6,"[6, 5, 8]"
0078416.png,6,"[6, 8, 5]"
0078424.png,6,"[6, 0, 2]"
0078426.png,6,"[6, 5, 9]"
0078434.png,6,"[6, 5, 4]"
0078435.png,6,"[6, 4, 5]"
0078441.png,6,"[6, 9, 8]"
0078446.png,6,"[6, 0, 2]"
0078453.png,7,"[7, 6, 1]"
0078454.png,6,"[6, 5, 9]"
0078455.png,6,"[6, 5, 9]"
0078458.png,6,"[6, 3, 8]"
0078461.png,8,"[8, 6, 2]"
0078462.png,6,"[6, 8, 2]"
0078477.png,6,"[6, 2, 5]"
0078481.png,6,"[6, 4, 1]"
0078487.png,6,"[6, 5, 8]"
0078489.png,6,"[6, 9, 8]"
0078490.png,6,"[6, 3, 9]"
0078500.png,6,"[6, 4, 9]"
0078501.png,6,"[6, 9, 4]"
0078513.png,6,"[6, 5, 9]"
0078515.png,6,"[6, 9, 5]"
0078523.png,6,"[6, 9, 5]"
0078527.png,6,"[6, 5, 4]"
0078537.png,6,"[6, 5, 0]"
0078544.png,8,"[8, 6, 5]"
0078550.png,6,"[6, 9, 4]"
0078551.png,6,"[6, 2, 9]"
0078559.png,6,"[6, 9, 4]"
0078560.png,6,"[6, 5, 9]"
0078565.png,0,"[0, 6, 2]"
0078566.png,6,"[6, 1, 4]"
0078569.png,6,"[6, 5, 2]"
0078576.png,6,"[6, 5, 4]"
0078590.png,6,"[6, 8, 9]"
0078599.png,6,"[6, 9, 0]"
0078602.png,1,"[1, 5, 9]"
0078604.png,6,"[6, 9, 3]"
0078606.png,6,"[6, 5, 2]"
0078612.png,6,"[6, 9, 5]"
0078613.png,6,"[6, 9, 4]"
0078630.png,6,"[6, 9, 5]"
0078639.png,6,"[6, 4, 2]"
0078640.png,6,"[6, 4, 9]"
0078641.png,6,"[6, 4, 8]"
0078644.png,6,"[6, 8, 3]"
0078649.png,6,"[6, 5, 9]"
0078658.png,6,"[6, 9, 8]"
0078673.png,6,"[6, 8, 9]"
0078681.png,0,"[0, 1, 6]"
0078686.png,6,"[6, 4, 0]"
0078688.png,6,"[6, 1, 4]"
0078695.png,6,"[6, 2, 0]"
0078700.png,8,"[8, 6, 4]"
0078721.png,6,"[6, 4, 2]"
0078732.png,6,"[6, 9, 8]"
0078736.png,6,"[6, 2, 5]"
0078738.png,6,"[6, 2, 8]"
0078744.png,6,"[6, 9, 0]"
0078750.png,6,"[6, 2, 8]"
0078763.png,6,"[6, 9, 0]"
0078766.png,6,"[6, 8, 4]"
0078774.png,6,"[6, 8, 9]"
0078789.png,6,"[6, 9, 8]"
0078805.png,6,"[6, 4, 1]"
0078806.png,6,"[6, 2, 4]"
0078817.png,6,"[6, 2, 3]"
0078818.png,6,"[6, 8, 2]"
0078826.png,6,"[6, 8, 2]"
0078830.png,6,"[6, 5, 0]"
0078832.png,6,"[6, 9, 8]"
0078837.png,6,"[6, 8, 0]"
0078840.png,6,"[6, 9, 5]"
0078843.png,6,"[6, 1, 4]"
0078845.png,6,"[6, 9, 5]"
0078850.png,6,"[6, 2, 0]"
0078852.png,6,"[6, 5, 2]"
0078853.png,6,"[6, 2, 5]"
0078866.png,6,"[6, 0, 5]"
0078870.png,6,"[6, 4, 5]"
0078880.png,6,"[6, 0, 2]"
0078885.png,6,"[6, 9, 8]"
0078886.png,6,"[6, 0, 2]"
0078895.png,6,"[6, 4, 1]"
0078904.png,6,"[6, 9, 5]"
0078910.png,6,"[6, 0, 2]"
0078917.png,6,"[6, 4, 2]"
0078918.png,6,"[6, 4, 2]"
0078919.png,6,"[6, 9, 0]"
0078922.png,6,"[6, 5, 2]"
0078929.png,6,"[6, 0, 9]"
0078935.png,6,"[6, 4, 2]"
0078939.png,6,"[6, 9, 4]"
0078945.png,6,"[6, 5, 8]"
0078949.png,6,"[6, 4, 9]"
0078951.png,6,"[6, 9, 4]"
0078960.png,6,"[6, 4, 2]"
0078963.png,6,"[6, 4, 2]"
0078974.png,6,"[6, 9, 5]"
0078978.png,6,"[6, 8, 2]"
0078979.png,6,"[6, 3, 9]"
0078985.png,6,"[6, 5, 3]"
0078987.png,6,"[6, 8, 9]"
0078992.png,6,"[6, 2, 0]"
0078993.png,6,"[6, 8, 1]"
0079003.png,6,"[6, 2, 3]"
0079010.png,6,"[6, 0, 5]"
0079014.png,6,"[6, 8, 3]"
0079019.png,6,"[6, 9, 5]"
0079026.png,6,"[6, 0, 3]"
0079027.png,6,"[6, 1, 0]"
0079028.png,6,"[6, 9, 4]"
0079031.png,6,"[6, 5, 9]"
0079034.png,6,"[6, 8, 9]"
0079035.png,6,"[6, 9, 8]"
0079045.png,6,"[6, 9, 4]"
0079048.png,6,"[6, 4, 9]"
0079050.png,6,"[6, 2, 5]"
0079052.png,6,"[6, 4, 2]"
0079053.png,6,"[6, 4, 8]"
0079055.png,4,"[4, 6, 7]"
0079056.png,6,"[6, 9, 8]"
0079058.png,6,"[6, 8, 0]"
0079059.png,6,"[6, 4, 8]"
0079060.png,6,"[6, 5, 2]"
0079063.png,6,"[6, 0, 2]"
0079070.png,6,"[6, 9, 5]"
0079092.png,6,"[6, 2, 4]"
0079094.png,6,"[6, 4, 2]"
0079100.png,6,"[6, 4, 0]"
0079101.png,6,"[6, 5, 2]"
0079107.png,6,"[6, 3, 8]"
0079110.png,6,"[6, 5, 9]"
0079117.png,6,"[6, 4, 8]"
0079118.png,6,"[6, 9, 8]"
0079120.png,6,"[6, 9, 8]"
0079127.png,6,"[6, 9, 5]"
0079128.png,6,"[6, 8, 3]"
0079143.png,6,"[6, 9, 5]"
0079150.png,6,"[6, 9, 8]"
0079154.png,6,"[6, 5, 9]"
0079159.png,6,"[6, 9, 8]"
0079161.png,6,"[6, 0, 2]"
0079167.png,6,"[6, 5, 9]"
0079173.png,6,"[6, 7, 9]"
0079175.png,6,"[6, 9, 5]"
0079185.png,6,"[6, 2, 1]"
0079186.png,6,"[6, 4, 5]"
0079187.png,6,"[6, 2, 9]"
0079190.png,6,"[6, 9, 2]"
0079191.png,6,"[6, 2, 8]"
0079193.png,6,"[6, 9, 5]"
0079213.png,6,"[6, 9, 2]"
0079217.png,6,"[6, 4, 9]"
0079226.png,6,"[6, 0, 8]"
0079236.png,6,"[6, 9, 8]"
0079238.png,6,"[6, 8, 9]"
0079240.png,6,"[6, 9, 8]"
0079241.png,6,"[6, 9, 8]"
0079246.png,6,"[6, 9, 5]"
0079247.png,6,"[6, 8, 9]"
0079248.png,6,"[6, 8, 4]"
0079251.png,6,"[6, 9, 8]"
0079265.png,6,"[6, 4, 8]"
0079271.png,6,"[6, 4, 2]"
0079272.png,6,"[6, 5, 4]"
0079274.png,6,"[6, 4, 2]"
0079283.png,6,"[6, 8, 2]"
0079286.png,6,"[6, 4, 2]"
0079288.png,8,"[8, 9, 6]"
0079294.png,6,"[6, 5, 8]"
0079298.png,6,"[6, 2, 5]"
0079309.png,6,"[6, 9, 8]"
0079315.png,6,"[6, 9, 5]"
0079318.png,6,"[6, 5, 9]"
0079325.png,6,"[6, 8, 9]"
0079327.png,6,"[6, 9, 8]"
0079346.png,6,"[6, 3, 2]"
0079351.png,6,"[6, 4, 9]"
0079356.png,6,"[6, 9, 8]"
0079358.png,6,"[6, 0, 2]"
0079362.png,6,"[6, 0, 4]"
0079365.png,6,"[6, 4, 8]"
0079370.png,6,"[6, 9, 3]"
0079376.png,6,"[6, 4, 0]"
0079379.png,6,"[6, 9, 8]"
0079383.png,6,"[6, 4, 9]"
0079384.png,6,"[6, 9, 5]"
0079389.png,6,"[6, 4, 8]"
0079390.png,6,"[6, 2, 4]"
0079396.png,6,"[6, 2, 0]"
0079405.png,6,"[6, 9, 8]"
0079413.png,6,"[6, 2, 9]"
0079419.png,6,"[6, 8, 9]"
0079429.png,6,"[6, 5, 7]"
0079438.png,6,"[6, 8, 9]"
0079442.png,6,"[6, 8, 5]"
0079444.png,6,"[6, 8, 9]"
0079450.png,6,"[6, 9, 5]"
0079451.png,6,"[6, 5, 9]"
0079459.png,6,"[6, 4, 2]"
0079461.png,6,"[6, 9, 5]"
0079466.png,5,"[5, 6, 9]"
0079467.png,6,"[6, 8, 5]"
0079472.png,6,"[6, 8, 5]"
0079474.png,6,"[6, 5, 0]"
0079481.png,6,"[6, 9, 5]"
0079482.png,6,"[6, 9, 5]"
0079485.png,6,"[6, 8, 9]"
0079489.png,6,"[6, 4, 9]"
0079490.png,6,"[6, 0, 5]"
0079491.png,6,"[6, 5, 9]"
0079495.png,6,"[6, 5, 1]"
0079499.png,6,"[6, 5, 9]"
0079502.png,0,"[0, 6, 2]"
0079503.png,0,"[0, 6, 2]"
0079504.png,6,"[6, 8, 0]"
0079505.png,6,"[6, 8, 4]"
0079506.png,6,"[6, 8, 2]"
0079521.png,6,"[6, 5, 9]"
0079523.png,6,"[6, 2, 5]"
0079524.png,6,"[6, 8, 9]"
0079526.png,6,"[6, 8, 3]"
0079527.png,6,"[6, 9, 8]"
0079532.png,6,"[6, 8, 3]"
0079544.png,6,"[6, 9, 5]"
0079551.png,6,"[6, 4, 5]"
0079555.png,7,"[7, 2, 3]"
0079557.png,6,"[6, 5, 3]"
0079558.png,6,"[6, 9, 5]"
0079563.png,6,"[6, 5, 4]"
0079565.png,0,"[0, 6, 2]"
0079570.png,6,"[6, 5, 4]"
0079576.png,0,"[0, 6, 8]"
0079594.png,6,"[6, 2, 5]"
0079595.png,6,"[6, 9, 8]"
0079596.png,6,"[6, 4, 5]"
0079597.png,6,"[6, 4, 9]"
0079598.png,6,"[6, 8, 9]"
0079605.png,6,"[6, 3, 5]"
0079614.png,6,"[6, 0, 3]"
0079619.png,6,"[6, 0, 2]"
0079620.png,6,"[6, 4, 8]"
0079625.png,6,"[6, 9, 8]"
0079626.png,6,"[6, 2, 8]"
0079628.png,6,"[6, 0, 2]"
0079632.png,0,"[0, 6, 3]"
0079634.png,6,"[6, 8, 3]"
0079636.png,6,"[6, 2, 9]"
0079649.png,6,"[6, 0, 9]"
0079659.png,6,"[6, 9, 0]"
0079661.png,6,"[6, 0, 5]"
0079666.png,6,"[6, 9, 8]"
0079675.png,6,"[6, 4, 9]"
0079678.png,6,"[6, 9, 5]"
0079679.png,6,"[6, 5, 3]"
0079685.png,6,"[6, 5, 4]"
0079696.png,6,"[6, 4, 8]"
0079706.png,6,"[6, 9, 3]"
0079708.png,5,"[5, 6, 9]"
0079717.png,6,"[6, 0, 2]"
0079722.png,6,"[6, 3, 9]"
0079725.png,6,"[6, 0, 9]"
0079727.png,6,"[6, 0, 2]"
0079733.png,6,"[6, 9, 8]"
0079735.png,6,"[6, 5, 9]"
0079742.png,6,"[6, 9, 8]"
0079746.png,6,"[6, 9, 5]"
0079749.png,6,"[6, 8, 9]"
0079750.png,6,"[6, 9, 3]"
0079751.png,6,"[6, 2, 5]"
0079757.png,6,"[6, 9, 4]"
0079758.png,8,"[8, 6, 9]"
0079760.png,6,"[6, 9, 8]"
0079761.png,6,"[6, 5, 9]"
0079762.png,6,"[6, 5, 9]"
0079766.png,6,"[6, 9, 4]"
0079771.png,6,"[6, 4, 9]"
0079772.png,6,"[6, 2, 0]"
0079773.png,6,"[6, 2, 9]"
0079774.png,6,"[6, 8, 9]"
0079779.png,6,"[6, 9, 8]"
0079783.png,6,"[6, 5, 2]"
0079797.png,6,"[6, 9, 8]"
0079802.png,6,"[6, 9, 4]"
0079805.png,6,"[6, 2, 0]"
0079809.png,6,"[6, 9, 7]"
0079811.png,6,"[6, 8, 9]"
0079814.png,6,"[6, 5, 9]"
0079819.png,6,"[6, 5, 9]"
0079820.png,6,"[6, 5, 4]"
0079822.png,6,"[6, 8, 2]"
0079829.png,6,"[6, 9, 8]"
0079835.png,6,"[6, 9, 8]"
0079837.png,6,"[6, 0, 2]"
0079841.png,6,"[6, 5, 2]"
0079852.png,6,"[6, 0, 2]"
0079864.png,6,"[6, 2, 4]"
0079869.png,6,"[6, 5, 3]"
0079874.png,6,"[6, 8, 9]"
0079880.png,6,"[6, 9, 3]"
0079887.png,6,"[6, 5, 4]"
0079888.png,6,"[6, 9, 8]"
0079889.png,6,"[6, 4, 9]"
0079896.png,6,"[6, 4, 9]"
0079900.png,6,"[6, 5, 9]"
0079901.png,6,"[6, 4, 5]"
0079908.png,6,"[6, 4, 9]"
0079910.png,6,"[6, 9, 8]"
0079915.png,6,"[6, 9, 8]"
0079919.png,6,"[6, 8, 9]"
0079924.png,6,"[6, 9, 5]"
0079932.png,6,"[6, 9, 8]"
0079941.png,6,"[6, 4, 2]"
0079954.png,6,"[6, 1, 4]"
0079955.png,6,"[6, 4, 0]"
0079961.png,6,"[6, 9, 4]"
0079962.png,6,"[6, 9, 8]"
0079967.png,6,"[6, 0, 2]"
0079985.png,6,"[6, 4, 9]"
0079987.png,6,"[6, 9, 0]"
0079989.png,6,"[6, 9, 8]"
0079993.png,6,"[6, 4, 9]"
0080002.png,6,"[6, 8, 0]"
0080016.png,6,"[6, 8, 9]"
0080018.png,6,"[6, 0, 2]"
0080020.png,6,"[6, 9, 5]"
0080021.png,6,"[6, 9, 5]"
0080040.png,6,"[6, 9, 8]"
0080045.png,6,"[6, 5, 4]"
0080055.png,6,"[6, 8, 2]"
0080057.png,6,"[6, 4, 9]"
0080058.png,6,"[6, 9, 8]"
0080059.png,6,"[6, 9, 5]"
0080061.png,6,"[6, 9, 8]"
0080062.png,6,"[6, 0, 8]"
0080068.png,6,"[6, 4, 2]"
0080069.png,6,"[6, 8, 2]"
0080072.png,6,"[6, 5, 3]"
0080074.png,6,"[6, 2, 9]"
0080086.png,6,"[6, 4, 8]"
0080088.png,6,"[6, 8, 9]"
0080095.png,6,"[6, 4, 2]"
0080099.png,6,"[6, 9, 8]"
0080102.png,6,"[6, 9, 8]"
0080120.png,6,"[6, 3, 8]"
0080130.png,6,"[6, 9, 5]"
0080131.png,6,"[6, 8, 9]"
0080132.png,6,"[6, 0, 2]"
0080139.png,6,"[6, 9, 2]"
0080140.png,6,"[6, 9, 5]"
0080157.png,6,"[6, 4, 9]"
0080160.png,6,"[6, 9, 4]"
0080163.png,6,"[6, 5, 8]"
0080167.png,6,"[6, 2, 5]"
0080169.png,6,"[6, 8, 9]"
0080170.png,6,"[6, 8, 2]"
0080174.png,6,"[6, 4, 8]"
0080186.png,6,"[6, 0, 4]"
0080196.png,6,"[6, 4, 0]"
0080208.png,6,"[6, 5, 2]"
0080210.png,6,"[6, 8, 9]"
0080217.png,6,"[6, 9, 5]"
0080218.png,6,"[6, 8, 3]"
0080221.png,6,"[6, 9, 4]"
0080226.png,6,"[6, 9, 5]"
0080230.png,6,"[6, 9, 2]"
0080231.png,6,"[6, 4, 9]"
0080241.png,6,"[6, 5, 2]"
0080245.png,6,"[6, 9, 4]"
0080247.png,6,"[6, 4, 1]"
0080267.png,6,"[6, 3, 8]"
0080277.png,6,"[6, 0, 2]"
0080281.png,6,"[6, 5, 9]"
0080292.png,6,"[6, 5, 3]"
0080293.png,6,"[6, 5, 9]"
0080294.png,6,"[6, 4, 5]"
0080311.png,6,"[6, 5, 9]"
0080312.png,6,"[6, 2, 9]"
0080315.png,6,"[6, 9, 8]"
0080316.png,6,"[6, 9, 4]"
0080323.png,6,"[6, 8, 0]"
0080325.png,6,"[6, 9, 1]"
0080335.png,6,"[6, 4, 9]"
0080343.png,6,"[6, 0, 4]"
0080350.png,6,"[6, 4, 9]"
0080351.png,6,"[6, 9, 2]"
0080355.png,6,"[6, 4, 5]"
0080359.png,6,"[6, 9, 4]"
0080363.png,6,"[6, 9, 5]"
0080366.png,8,"[8, 6, 4]"
0080371.png,6,"[6, 4, 2]"
0080376.png,6,"[6, 0, 2]"
0080379.png,6,"[6, 4, 1]"
0080380.png,6,"[6, 8, 4]"
0080385.png,6,"[6, 4, 2]"
0080386.png,6,"[6, 8, 9]"
0080396.png,6,"[6, 9, 8]"
0080402.png,6,"[6, 3, 5]"
0080406.png,6,"[6, 9, 5]"
0080407.png,6,"[6, 5, 9]"
0080408.png,4,"[4, 6, 1]"
0080415.png,6,"[6, 4, 9]"
0080426.png,0,"[0, 6, 8]"
0080433.png,6,"[6, 5, 9]"
0080435.png,6,"[6, 9, 8]"
0080439.png,6,"[6, 0, 9]"
0080440.png,6,"[6, 4, 5]"
0080442.png,6,"[6, 5, 2]"
0080451.png,6,"[6, 9, 5]"
0080454.png,6,"[6, 4, 9]"
0080456.png,6,"[6, 9, 8]"
0080458.png,6,"[6, 1, 7]"
0080471.png,6,"[6, 2, 8]"
0080481.png,6,"[6, 9, 4]"
0080483.png,6,"[6, 4, 0]"
0080500.png,6,"[6, 2, 8]"
0080509.png,6,"[6, 5, 9]"
0080520.png,6,"[6, 9, 8]"
0080526.png,6,"[6, 4, 5]"
0080535.png,6,"[6, 9, 8]"
0080536.png,6,"[6, 9, 4]"
0080541.png,6,"[6, 9, 4]"
0080544.png,1,"[1, 0, 6]"
0080548.png,6,"[6, 8, 9]"
0080556.png,6,"[6, 5, 9]"
0080558.png,6,"[6, 5, 4]"
0080569.png,6,"[6, 2, 9]"
0080571.png,6,"[6, 9, 5]"
0080572.png,6,"[6, 5, 8]"
0080573.png,6,"[6, 5, 9]"
0080574.png,6,"[6, 2, 5]"
0080580.png,6,"[6, 2, 4]"
0080597.png,6,"[6, 9, 4]"
0080601.png,6,"[6, 4, 5]"
0080605.png,6,"[6, 8, 9]"
0080606.png,6,"[6, 9, 5]"
0080612.png,6,"[6, 2, 8]"
0080616.png,6,"[6, 4, 8]"
0080619.png,6,"[6, 9, 3]"
0080623.png,6,"[6, 4, 8]"
0080624.png,6,"[6, 9, 5]"
0080629.png,6,"[6, 2, 4]"
0080637.png,6,"[6, 9, 8]"
0080643.png,6,"[6, 8, 9]"
0080646.png,6,"[6, 5, 9]"
0080673.png,6,"[6, 9, 8]"
0080674.png,6,"[6, 4, 8]"
0080676.png,6,"[6, 4, 2]"
0080680.png,6,"[6, 8, 0]"
0080681.png,6,"[6, 9, 0]"
0080690.png,6,"[6, 9, 5]"
0080691.png,6,"[6, 9, 5]"
0080693.png,6,"[6, 9, 4]"
0080696.png,6,"[6, 5, 9]"
0080701.png,6,"[6, 5, 2]"
0080705.png,6,"[6, 0, 2]"
0080706.png,6,"[6, 8, 9]"
0080707.png,6,"[6, 5, 8]"
0080714.png,6,"[6, 4, 9]"
0080715.png,6,"[6, 9, 8]"
0080718.png,6,"[6, 8, 5]"
0080725.png,6,"[6, 8, 2]"
0080729.png,6,"[6, 0, 9]"
0080733.png,6,"[6, 0, 1]"
0080738.png,6,"[6, 8, 4]"
0080740.png,6,"[6, 4, 8]"
0080741.png,6,"[6, 4, 5]"
0080761.png,6,"[6, 4, 9]"
0080762.png,6,"[6, 4, 9]"
0080780.png,6,"[6, 9, 5]"
0080784.png,6,"[6, 5, 4]"
0080787.png,6,"[6, 5, 9]"
0080794.png,6,"[6, 9, 5]"
0080795.png,6,"[6, 5, 9]"
0080798.png,6,"[6, 2, 8]"
0080802.png,6,"[6, 4, 5]"
0080804.png,6,"[6, 5, 4]"
0080807.png,6,"[6, 5, 9]"
0080824.png,6,"[6, 4, 2]"
0080828.png,6,"[6, 5, 9]"
0080829.png,6,"[6, 4, 1]"
0080831.png,6,"[6, 9, 8]"
0080835.png,6,"[6, 4, 2]"
0080838.png,6,"[6, 9, 3]"
0080848.png,6,"[6, 3, 4]"
0080857.png,6,"[6, 9, 1]"
0080860.png,6,"[6, 5, 2]"
0080878.png,6,"[6, 5, 2]"
0080886.png,6,"[6, 9, 8]"
0080897.png,6,"[6, 2, 0]"
0080900.png,6,"[6, 5, 2]"
0080911.png,6,"[6, 2, 5]"
0080916.png,6,"[6, 5, 4]"
0080921.png,6,"[6, 0, 3]"
0080924.png,6,"[6, 5, 2]"
0080925.png,6,"[6, 9, 2]"
0080927.png,6,"[6, 9, 0]"
0080929.png,6,"[6, 5, 9]"
0080938.png,6,"[6, 9, 8]"
0080939.png,6,"[6, 9, 5]"
0080944.png,6,"[6, 4, 2]"
0080949.png,6,"[6, 9, 4]"
0080950.png,6,"[6, 5, 0]"
0080958.png,6,"[6, 5, 9]"
0080971.png,6,"[6, 2, 4]"
0080976.png,6,"[6, 4, 1]"
0080977.png,6,"[6, 4, 1]"
0080984.png,6,"[6, 2, 4]"
0080986.png,6,"[6, 5, 2]"
0080987.png,6,"[6, 2, 4]"
0080995.png,6,"[6, 9, 4]"
0081003.png,6,"[6, 4, 9]"
0081008.png,6,"[6, 4, 9]"
0081012.png,6,"[6, 5, 4]"
0081018.png,6,"[6, 9, 5]"
0081020.png,6,"[6, 9, 3]"
0081024.png,6,"[6, 4, 3]"
0081033.png,6,"[6, 3, 9]"
0081035.png,6,"[6, 5, 9]"
0081039.png,6,"[6, 9, 5]"
0081041.png,6,"[6, 9, 5]"
0081042.png,6,"[6, 5, 9]"
0081050.png,6,"[6, 9, 4]"
0081058.png,6,"[6, 9, 8]"
0081066.png,6,"[6, 2, 8]"
0081068.png,6,"[6, 5, 2]"
0081072.png,6,"[6, 5, 9]"
0081078.png,6,"[6, 8, 9]"
0081086.png,6,"[6, 5, 2]"
0081090.png,6,"[6, 8, 9]"
0081091.png,6,"[6, 8, 0]"
0081093.png,6,"[6, 5, 2]"
0081097.png,6,"[6, 8, 9]"
0081101.png,6,"[6, 5, 9]"
0081102.png,6,"[6, 0, 8]"
0081114.png,6,"[6, 9, 8]"
0081116.png,6,"[6, 9, 4]"
0081138.png,6,"[6, 0, 9]"
0081140.png,6,"[6, 9, 8]"
0081148.png,6,"[6, 9, 4]"
0081151.png,6,"[6, 5, 9]"
0081159.png,6,"[6, 4, 9]"
0081160.png,6,"[6, 5, 2]"
0081164.png,6,"[6, 5, 4]"
0081167.png,6,"[6, 5, 2]"
0081175.png,6,"[6, 9, 4]"
0081188.png,6,"[6, 0, 1]"
0081190.png,6,"[6, 2, 5]"
0081192.png,6,"[6, 9, 5]"
0081198.png,6,"[6, 5, 9]"
0081199.png,6,"[6, 5, 9]"
0081205.png,6,"[6, 4, 8]"
0081210.png,6,"[6, 9, 4]"
0081216.png,6,"[6, 9, 4]"
0081223.png,6,"[6, 2, 9]"
0081238.png,6,"[6, 2, 5]"
0081239.png,6,"[6, 9, 8]"
0081252.png,6,"[6, 2, 4]"
0081255.png,6,"[6, 4, 9]"
0081260.png,6,"[6, 9, 4]"
0081267.png,6,"[6, 9, 8]"
0081279.png,6,"[6, 9, 4]"
0081280.png,6,"[6, 4, 9]"
0081283.png,6,"[6, 0, 2]"
0081284.png,6,"[6, 4, 3]"
0081285.png,6,"[6, 9, 8]"
0081286.png,6,"[6, 5, 2]"
0081292.png,6,"[6, 9, 5]"
0081293.png,6,"[6, 4, 8]"
0081297.png,6,"[6, 9, 2]"
0081301.png,6,"[6, 9, 8]"
0081302.png,6,"[6, 9, 8]"
0081303.png,6,"[6, 5, 8]"
0081305.png,0,"[0, 6, 2]"
0081307.png,6,"[6, 0, 2]"
0081308.png,6,"[6, 8, 4]"
0081310.png,5,"[5, 6, 2]"
0081311.png,6,"[6, 4, 5]"
0081313.png,6,"[6, 9, 4]"
0081317.png,6,"[6, 5, 9]"
0081320.png,6,"[6, 8, 9]"
0081321.png,6,"[6, 8, 5]"
0081322.png,6,"[6, 8, 9]"
0081326.png,6,"[6, 8, 9]"
0081327.png,6,"[6, 9, 8]"
0081331.png,6,"[6, 9, 5]"
0081336.png,6,"[6, 4, 9]"
0081343.png,6,"[6, 5, 4]"
0081350.png,6,"[6, 5, 8]"
0081359.png,6,"[6, 4, 2]"
0081365.png,6,"[6, 9, 4]"
0081371.png,6,"[6, 4, 1]"
0081377.png,6,"[6, 4, 9]"
0081382.png,6,"[6, 9, 8]"
0081383.png,6,"[6, 5, 9]"
0081389.png,6,"[6, 5, 2]"
0081393.png,6,"[6, 4, 2]"
0081394.png,6,"[6, 0, 5]"
0081397.png,6,"[6, 5, 9]"
0081409.png,0,"[0, 4, 7]"
0081410.png,6,"[6, 2, 5]"
0081420.png,6,"[6, 0, 2]"
0081424.png,6,"[6, 9, 3]"
0081425.png,6,"[6, 8, 5]"
0081431.png,6,"[6, 4, 9]"
0081437.png,6,"[6, 4, 9]"
0081442.png,6,"[6, 9, 5]"
0081445.png,6,"[6, 5, 2]"
0081447.png,6,"[6, 4, 8]"
0081449.png,4,"[4, 6, 9]"
0081452.png,6,"[6, 9, 3]"
0081460.png,6,"[6, 4, 5]"
0081461.png,6,"[6, 9, 4]"
0081468.png,6,"[6, 2, 5]"
0081479.png,6,"[6, 4, 9]"
0081480.png,6,"[6, 9, 3]"
0081492.png,6,"[6, 2, 5]"
0081497.png,6,"[6, 4, 1]"
0081504.png,6,"[6, 0, 9]"
0081509.png,6,"[6, 9, 5]"
0081511.png,6,"[6, 8, 4]"
0081516.png,6,"[6, 8, 3]"
0081517.png,6,"[6, 2, 0]"
0081518.png,6,"[6, 9, 5]"
0081522.png,6,"[6, 5, 9]"
0081525.png,6,"[6, 8, 9]"
0081531.png,6,"[6, 9, 5]"
0081534.png,6,"[6, 9, 4]"
0081543.png,6,"[6, 3, 4]"
0081547.png,6,"[6, 4, 9]"
0081549.png,6,"[6, 9, 4]"
0081553.png,6,"[6, 9, 4]"
0081558.png,6,"[6, 5, 9]"
0081561.png,6,"[6, 8, 4]"
0081566.png,6,"[6, 3, 9]"
0081575.png,6,"[6, 4, 0]"
0081578.png,6,"[6, 9, 8]"
0081592.png,6,"[6, 9, 3]"
0081600.png,6,"[6, 2, 4]"
0081603.png,6,"[6, 5, 0]"
0081605.png,6,"[6, 4, 9]"
0081610.png,6,"[6, 8, 9]"
0081611.png,6,"[6, 9, 8]"
0081613.png,6,"[6, 4, 9]"
0081622.png,6,"[6, 9, 8]"
0081623.png,6,"[6, 9, 8]"
0081632.png,6,"[6, 5, 4]"
0081639.png,6,"[6, 4, 9]"
0081645.png,6,"[6, 9, 8]"
0081647.png,6,"[6, 9, 3]"
0081652.png,6,"[6, 5, 2]"
0081663.png,6,"[6, 1, 4]"
0081676.png,6,"[6, 3, 2]"
0081693.png,6,"[6, 9, 5]"
0081696.png,6,"[6, 5, 8]"
0081701.png,6,"[6, 5, 9]"
0081712.png,6,"[6, 9, 8]"
0081718.png,6,"[6, 0, 1]"
0081726.png,6,"[6, 9, 5]"
0081729.png,6,"[6, 8, 4]"
0081733.png,8,"[8, 2, 6]"
0081737.png,6,"[6, 9, 5]"
0081741.png,6,"[6, 9, 5]"
0081744.png,6,"[6, 9, 4]"
0081745.png,6,"[6, 9, 5]"
0081748.png,6,"[6, 5, 3]"
0081749.png,6,"[6, 4, 8]"
0081752.png,6,"[6, 4, 5]"
0081757.png,6,"[6, 5, 3]"
0081762.png,6,"[6, 9, 5]"
0081767.png,2,"[2, 6, 5]"
0081769.png,8,"[8, 0, 5]"
0081773.png,6,"[6, 4, 9]"
0081775.png,6,"[6, 2, 5]"
0081777.png,6,"[6, 4, 1]"
0081788.png,6,"[6, 4, 8]"
0081789.png,6,"[6, 8, 3]"
0081794.png,6,"[6, 9, 8]"
0081796.png,6,"[6, 4, 2]"
0081813.png,6,"[6, 4, 8]"
0081817.png,6,"[6, 2, 5]"
0081821.png,1,"[1, 6, 4]"
0081826.png,6,"[6, 2, 5]"
0081827.png,6,"[6, 0, 2]"
0081828.png,6,"[6, 2, 0]"
0081835.png,6,"[6, 9, 8]"
0081836.png,6,"[6, 8, 3]"
0081841.png,6,"[6, 8, 9]"
0081848.png,6,"[6, 9, 3]"
0081854.png,6,"[6, 8, 9]"
0081857.png,6,"[6, 9, 5]"
0081862.png,6,"[6, 2, 8]"
0081867.png,6,"[6, 2, 4]"
0081871.png,6,"[6, 9, 5]"
0081878.png,6,"[6, 4, 7]"
0081893.png,6,"[6, 4, 9]"
0081895.png,6,"[6, 4, 9]"
0081899.png,6,"[6, 8, 4]"
0081906.png,6,"[6, 9, 8]"
0081917.png,6,"[6, 2, 0]"
0081920.png,6,"[6, 8, 3]"
0081924.png,6,"[6, 8, 3]"
0081928.png,6,"[6, 2, 3]"
0081929.png,6,"[6, 0, 8]"
0081931.png,6,"[6, 1, 2]"
0081933.png,6,"[6, 2, 0]"
0081935.png,6,"[6, 2, 9]"
0081951.png,6,"[6, 9, 5]"
0081957.png,5,"[5, 6, 9]"
0081963.png,6,"[6, 2, 5]"
0081965.png,6,"[6, 5, 8]"
0081966.png,6,"[6, 9, 3]"
0081967.png,6,"[6, 9, 5]"
0081968.png,6,"[6, 2, 3]"
0081979.png,0,"[0, 6, 1]"
0081987.png,6,"[6, 4, 9]"
0081993.png,6,"[6, 0, 4]"
0081994.png,0,"[0, 6, 8]"
0082001.png,6,"[6, 9, 8]"
0082002.png,6,"[6, 9, 5]"
0082003.png,6,"[6, 5, 9]"
0082004.png,6,"[6, 9, 5]"
0082006.png,6,"[6, 4, 5]"
0082011.png,6,"[6, 5, 2]"
0082014.png,6,"[6, 8, 2]"
0082016.png,6,"[6, 2, 8]"
0082020.png,6,"[6, 2, 8]"
0082030.png,6,"[6, 8, 4]"
0082033.png,6,"[6, 5, 2]"
0082037.png,6,"[6, 4, 8]"
0082043.png,6,"[6, 5, 9]"
0082048.png,6,"[6, 2, 0]"
0082050.png,6,"[6, 9, 8]"
0082054.png,6,"[6, 9, 8]"
0082067.png,6,"[6, 5, 2]"
0082070.png,6,"[6, 4, 5]"
0082091.png,6,"[6, 4, 0]"
0082096.png,6,"[6, 9, 0]"
0082100.png,6,"[6, 9, 8]"
0082101.png,6,"[6, 9, 8]"
0082106.png,6,"[6, 9, 8]"
0082108.png,8,"[8, 6, 5]"
0082114.png,6,"[6, 8, 3]"
0082119.png,6,"[6, 9, 3]"
0082121.png,6,"[6, 4, 5]"
0082127.png,8,"[8, 6, 9]"
0082128.png,6,"[6, 3, 4]"
0082132.png,6,"[6, 4, 9]"
0082146.png,6,"[6, 3, 9]"
0082147.png,6,"[6, 9, 2]"
0082158.png,6,"[6, 0, 2]"
0082159.png,6,"[6, 0, 2]"
0082161.png,6,"[6, 5, 9]"
0082166.png,6,"[6, 0, 3]"
0082173.png,6,"[6, 8, 4]"
0082181.png,6,"[6, 4, 2]"
0082191.png,6,"[6, 4, 5]"
0082193.png,6,"[6, 0, 4]"
0082194.png,6,"[6, 9, 5]"
0082195.png,6,"[6, 2, 9]"
0082208.png,6,"[6, 9, 5]"
0082213.png,6,"[6, 4, 1]"
0082215.png,6,"[6, 8, 9]"
0082217.png,2,"[2, 6, 7]"
0082218.png,6,"[6, 2, 5]"
0082220.png,6,"[6, 4, 0]"
0082223.png,6,"[6, 1, 4]"
0082225.png,6,"[6, 8, 3]"
0082235.png,6,"[6, 9, 8]"
0082239.png,6,"[6, 9, 4]"
0082245.png,6,"[6, 9, 8]"
0082248.png,0,"[0, 5, 6]"
0082256.png,6,"[6, 4, 0]"
0082269.png,6,"[6, 9, 5]"
0082277.png,6,"[6, 5, 9]"
0082281.png,6,"[6, 5, 3]"
0082291.png,6,"[6, 9, 4]"
0082300.png,0,"[0, 6, 1]"
0082301.png,6,"[6, 4, 1]"
0082306.png,6,"[6, 5, 0]"
0082313.png,6,"[6, 2, 1]"
0082317.png,6,"[6, 4, 1]"
0082323.png,6,"[6, 4, 9]"
0082331.png,6,"[6, 9, 4]"
0082344.png,6,"[6, 4, 1]"
0082346.png,6,"[6, 4, 1]"
0082357.png,6,"[6, 3, 8]"
0082359.png,6,"[6, 5, 9]"
0082381.png,6,"[6, 5, 8]"
0082389.png,6,"[6, 4, 2]"
0082394.png,6,"[6, 5, 2]"
0082395.png,6,"[6, 9, 2]"
0082399.png,6,"[6, 8, 3]"
0082401.png,6,"[6, 2, 9]"
0082416.png,6,"[6, 8, 9]"
0082417.png,6,"[6, 9, 8]"
0082423.png,6,"[6, 9, 4]"
0082437.png,6,"[6, 1, 0]"
0082445.png,6,"[6, 9, 4]"
0082450.png,6,"[6, 9, 5]"
0082458.png,6,"[6, 8, 4]"
0082460.png,4,"[4, 6, 7]"
0082499.png,6,"[6, 9, 2]"
0082513.png,6,"[6, 5, 2]"
0082514.png,6,"[6, 2, 5]"
0082517.png,6,"[6, 5, 9]"
0082521.png,6,"[6, 4, 1]"
0082522.png,6,"[6, 9, 8]"
0082531.png,6,"[6, 9, 5]"
0082538.png,6,"[6, 2, 5]"
0082540.png,6,"[6, 2, 5]"
0082544.png,6,"[6, 2, 5]"
0082548.png,6,"[6, 9, 8]"
0082565.png,6,"[6, 5, 9]"
0082568.png,6,"[6, 1, 2]"
0082572.png,6,"[6, 3, 5]"
0082577.png,6,"[6, 9, 5]"
0082586.png,6,"[6, 5, 8]"
0082588.png,6,"[6, 4, 9]"
0082590.png,6,"[6, 1, 4]"
0082593.png,6,"[6, 9, 4]"
0082599.png,6,"[6, 4, 9]"
0082603.png,6,"[6, 9, 5]"
0082604.png,6,"[6, 8, 9]"
0082607.png,6,"[6, 9, 2]"
0082625.png,6,"[6, 4, 9]"
0082626.png,6,"[6, 2, 8]"
0082629.png,6,"[6, 5, 9]"
0082641.png,6,"[6, 9, 5]"
0082642.png,6,"[6, 5, 8]"
0082644.png,6,"[6, 9, 3]"
0082649.png,6,"[6, 9, 4]"
0082654.png,2,"[2, 6, 9]"
0082655.png,6,"[6, 5, 2]"
0082668.png,6,"[6, 2, 5]"
0082669.png,6,"[6, 4, 9]"
0082670.png,2,"[2, 6, 3]"
0082673.png,6,"[6, 2, 4]"
0082690.png,6,"[6, 9, 8]"
0082694.png,6,"[6, 9, 5]"
0082696.png,6,"[6, 5, 2]"
0082715.png,6,"[6, 9, 8]"
0082722.png,6,"[6, 5, 8]"
0082723.png,6,"[6, 8, 5]"
0082724.png,6,"[6, 8, 9]"
0082736.png,6,"[6, 9, 8]"
0082745.png,6,"[6, 7, 9]"
0082748.png,6,"[6, 3, 2]"
0082749.png,6,"[6, 9, 3]"
0082761.png,6,"[6, 9, 8]"
0082762.png,6,"[6, 9, 8]"
0082768.png,6,"[6, 5, 8]"
0082770.png,6,"[6, 2, 3]"
0082792.png,6,"[6, 8, 2]"
0082795.png,6,"[6, 4, 1]"
0082820.png,6,"[6, 2, 0]"
0082822.png,6,"[6, 3, 2]"
0082823.png,6,"[6, 9, 5]"
0082824.png,6,"[6, 5, 3]"
0082825.png,5,"[5, 6, 0]"
0082837.png,6,"[6, 5, 4]"
0082838.png,6,"[6, 9, 0]"
0082843.png,6,"[6, 1, 2]"
0082848.png,6,"[6, 9, 5]"
0082861.png,6,"[6, 2, 5]"
0082872.png,6,"[6, 9, 4]"
0082874.png,6,"[6, 0, 1]"
0082877.png,6,"[6, 5, 9]"
0082881.png,6,"[6, 8, 0]"
0082883.png,6,"[6, 9, 4]"
0082893.png,1,"[1, 6, 0]"
0082897.png,6,"[6, 2, 8]"
0082908.png,6,"[6, 2, 0]"
0082909.png,6,"[6, 0, 8]"
0082911.png,6,"[6, 4, 2]"
0082915.png,6,"[6, 4, 9]"
0082918.png,6,"[6, 0, 2]"
0082919.png,6,"[6, 2, 0]"
0082927.png,6,"[6, 9, 8]"
0082928.png,6,"[6, 2, 5]"
0082929.png,6,"[6, 9, 5]"
0082934.png,6,"[6, 9, 8]"
0082937.png,6,"[6, 2, 9]"
0082939.png,6,"[6, 4, 2]"
0082940.png,6,"[6, 4, 1]"
0082941.png,6,"[6, 4, 1]"
0082943.png,6,"[6, 9, 8]"
0082944.png,6,"[6, 4, 5]"
0082946.png,6,"[6, 5, 4]"
0082948.png,6,"[6, 2, 5]"
0082954.png,6,"[6, 8, 9]"
0082956.png,6,"[6, 9, 8]"
0082966.png,6,"[6, 4, 9]"
0082982.png,6,"[6, 2, 8]"
0082994.png,6,"[6, 9, 3]"
0083003.png,6,"[6, 4, 7]"
0083013.png,6,"[6, 4, 8]"
0083024.png,6,"[6, 5, 9]"
0083043.png,6,"[6, 5, 3]"
0083044.png,6,"[6, 9, 5]"
0083049.png,6,"[6, 1, 9]"
0083050.png,6,"[6, 1, 9]"
0083056.png,6,"[6, 9, 8]"
0083057.png,6,"[6, 4, 9]"
0083070.png,6,"[6, 9, 5]"
0083077.png,6,"[6, 9, 5]"
0083080.png,6,"[6, 9, 4]"
0083083.png,6,"[6, 8, 9]"
0083084.png,6,"[6, 2, 0]"
0083087.png,6,"[6, 9, 4]"
0083094.png,6,"[6, 9, 8]"
0083098.png,6,"[6, 9, 8]"
0083099.png,6,"[6, 4, 9]"
0083105.png,6,"[6, 8, 4]"
0083114.png,6,"[6, 8, 2]"
0083124.png,6,"[6, 9, 8]"
0083127.png,6,"[6, 5, 9]"
0083141.png,6,"[6, 3, 9]"
0083144.png,6,"[6, 8, 2]"
0083148.png,6,"[6, 5, 9]"
0083149.png,6,"[6, 9, 4]"
0083153.png,6,"[6, 9, 4]"
0083154.png,6,"[6, 9, 2]"
0083160.png,6,"[6, 9, 8]"
0083164.png,6,"[6, 8, 9]"
0083168.png,6,"[6, 9, 2]"
0083173.png,6,"[6, 9, 8]"
0083174.png,6,"[6, 9, 5]"
0083176.png,6,"[6, 9, 5]"
0083177.png,6,"[6, 9, 8]"
0083180.png,6,"[6, 9, 4]"
0083188.png,6,"[6, 9, 5]"
0083196.png,6,"[6, 8, 2]"
0083212.png,6,"[6, 8, 3]"
0083216.png,6,"[6, 5, 9]"
0083226.png,6,"[6, 8, 9]"
0083229.png,6,"[6, 9, 8]"
0083230.png,6,"[6, 3, 8]"
0083231.png,6,"[6, 5, 9]"
0083233.png,6,"[6, 5, 0]"
0083238.png,6,"[6, 8, 9]"
0083239.png,6,"[6, 8, 4]"
0083244.png,6,"[6, 5, 3]"
0083251.png,6,"[6, 9, 5]"
0083254.png,6,"[6, 5, 9]"
0083262.png,6,"[6, 8, 9]"
0083266.png,6,"[6, 9, 8]"
0083270.png,6,"[6, 0, 2]"
0083271.png,6,"[6, 4, 8]"
0083274.png,6,"[6, 5, 8]"
0083276.png,6,"[6, 3, 5]"
0083283.png,6,"[6, 3, 9]"
0083287.png,6,"[6, 9, 8]"
0083294.png,6,"[6, 8, 7]"
0083296.png,6,"[6, 4, 2]"
0083297.png,6,"[6, 4, 7]"
0083303.png,6,"[6, 9, 4]"
0083309.png,6,"[6, 9, 4]"
0083322.png,6,"[6, 4, 5]"
0083328.png,6,"[6, 5, 3]"
0083337.png,6,"[6, 9, 5]"
0083357.png,6,"[6, 0, 2]"
0083366.png,6,"[6, 4, 0]"
0083368.png,6,"[6, 9, 8]"
0083370.png,6,"[6, 9, 8]"
0083371.png,6,"[6, 9, 5]"
0083372.png,6,"[6, 9, 3]"
0083376.png,6,"[6, 5, 9]"
0083379.png,6,"[6, 9, 4]"
0083386.png,6,"[6, 5, 9]"
0083389.png,4,"[4, 6, 9]"
0083393.png,0,"[0, 6, 4]"
0083395.png,6,"[6, 5, 9]"
0083398.png,6,"[6, 4, 9]"
0083399.png,6,"[6, 9, 4]"
0083410.png,6,"[6, 9, 8]"
0083412.png,6,"[6, 0, 2]"
0083424.png,6,"[6, 8, 5]"
0083427.png,6,"[6, 8, 9]"
0083428.png,6,"[6, 9, 4]"
0083434.png,6,"[6, 5, 3]"
0083439.png,6,"[6, 5, 3]"
0083449.png,6,"[6, 9, 3]"
0083451.png,6,"[6, 9, 5]"
0083456.png,6,"[6, 9, 8]"
0083457.png,6,"[6, 9, 8]"
0083459.png,6,"[6, 1, 0]"
0083467.png,6,"[6, 2, 3]"
0083469.png,6,"[6, 4, 9]"
0083479.png,6,"[6, 5, 2]"
0083482.png,6,"[6, 9, 8]"
0083485.png,6,"[6, 4, 2]"
0083488.png,6,"[6, 0, 9]"
0083492.png,6,"[6, 4, 2]"
0083496.png,6,"[6, 8, 3]"
0083503.png,6,"[6, 9, 8]"
0083508.png,6,"[6, 5, 2]"
0083510.png,6,"[6, 8, 2]"
0083513.png,6,"[6, 9, 8]"
0083515.png,6,"[6, 2, 4]"
0083520.png,6,"[6, 4, 9]"
0083524.png,6,"[6, 0, 1]"
0083539.png,6,"[6, 2, 5]"
0083541.png,6,"[6, 4, 2]"
0083542.png,6,"[6, 4, 9]"
0083544.png,6,"[6, 9, 5]"
0083545.png,6,"[6, 5, 9]"
0083547.png,6,"[6, 9, 4]"
0083556.png,6,"[6, 0, 2]"
0083563.png,6,"[6, 8, 9]"
0083584.png,6,"[6, 5, 4]"
0083585.png,6,"[6, 9, 4]"
0083591.png,6,"[6, 1, 9]"
0083599.png,0,"[0, 8, 2]"
0083601.png,6,"[6, 8, 9]"
0083608.png,6,"[6, 9, 4]"
0083609.png,6,"[6, 4, 5]"
0083618.png,6,"[6, 8, 5]"
0083621.png,6,"[6, 9, 8]"
0083622.png,6,"[6, 5, 2]"
0083627.png,8,"[8, 6, 2]"
0083630.png,6,"[6, 9, 3]"
0083636.png,6,"[6, 9, 8]"
0083640.png,6,"[6, 5, 2]"
0083650.png,6,"[6, 5, 4]"
0083660.png,6,"[6, 9, 5]"
0083663.png,6,"[6, 0, 2]"
0083667.png,6,"[6, 2, 4]"
0083682.png,6,"[6, 3, 9]"
0083687.png,6,"[6, 9, 5]"
0083694.png,6,"[6, 5, 3]"
0083698.png,6,"[6, 9, 8]"
0083700.png,6,"[6, 8, 5]"
0083702.png,6,"[6, 9, 8]"
0083715.png,6,"[6, 5, 9]"
0083720.png,6,"[6, 8, 9]"
0083740.png,6,"[6, 5, 7]"
0083742.png,6,"[6, 2, 8]"
0083747.png,6,"[6, 9, 4]"
0083752.png,6,"[6, 5, 2]"
0083754.png,6,"[6, 2, 5]"
0083759.png,6,"[6, 5, 3]"
0083765.png,6,"[6, 9, 3]"
0083766.png,6,"[6, 9, 4]"
0083771.png,6,"[6, 8, 9]"
0083775.png,6,"[6, 2, 4]"
0083782.png,6,"[6, 5, 9]"
0083786.png,6,"[6, 8, 9]"
0083787.png,6,"[6, 8, 9]"
0083789.png,6,"[6, 9, 8]"
0083793.png,6,"[6, 9, 4]"
0083797.png,6,"[6, 9, 8]"
0083798.png,6,"[6, 9, 5]"
0083800.png,6,"[6, 4, 5]"
0083813.png,6,"[6, 9, 8]"
0083815.png,6,"[6, 2, 4]"
0083827.png,6,"[6, 9, 5]"
0083846.png,6,"[6, 0, 2]"
0083851.png,6,"[6, 9, 8]"
0083855.png,6,"[6, 0, 4]"
0083857.png,6,"[6, 9, 8]"
0083867.png,6,"[6, 8, 5]"
0083873.png,6,"[6, 5, 9]"
0083877.png,6,"[6, 5, 2]"
0083881.png,6,"[6, 4, 9]"
0083886.png,6,"[6, 2, 5]"
0083889.png,6,"[6, 5, 8]"
0083903.png,6,"[6, 2, 0]"
0083922.png,6,"[6, 9, 4]"
0083931.png,6,"[6, 2, 5]"
0083944.png,6,"[6, 4, 2]"
0083950.png,6,"[6, 2, 8]"
0083958.png,6,"[6, 2, 3]"
0083959.png,6,"[6, 0, 2]"
0083964.png,6,"[6, 8, 9]"
0083969.png,6,"[6, 5, 2]"
0083971.png,6,"[6, 2, 5]"
0083973.png,6,"[6, 2, 5]"
0083979.png,6,"[6, 4, 8]"
0083984.png,6,"[6, 9, 4]"
0083992.png,6,"[6, 9, 8]"
0083995.png,6,"[6, 2, 0]"
0084002.png,6,"[6, 5, 4]"
0084006.png,6,"[6, 5, 4]"
0084007.png,6,"[6, 9, 8]"
0084012.png,6,"[6, 5, 9]"
0084033.png,6,"[6, 9, 8]"
0084037.png,6,"[6, 4, 9]"
0084038.png,6,"[6, 8, 3]"
0084039.png,6,"[6, 9, 3]"
0084045.png,6,"[6, 9, 2]"
0084048.png,6,"[6, 9, 5]"
0084049.png,6,"[6, 3, 5]"
0084054.png,6,"[6, 9, 4]"
0084071.png,6,"[6, 9, 5]"
0084073.png,6,"[6, 4, 2]"
0084078.png,6,"[6, 8, 9]"
0084082.png,6,"[6, 3, 9]"
0084083.png,6,"[6, 9, 5]"
0084085.png,6,"[6, 5, 8]"
0084088.png,6,"[6, 9, 5]"
0084098.png,6,"[6, 0, 9]"
0084102.png,6,"[6, 9, 8]"
0084109.png,6,"[6, 2, 0]"
0084118.png,6,"[6, 0, 1]"
0084123.png,6,"[6, 9, 8]"
0084125.png,6,"[6, 8, 2]"
0084127.png,6,"[6, 2, 5]"
0084135.png,6,"[6, 9, 5]"
0084150.png,6,"[6, 9, 4]"
0084159.png,6,"[6, 4, 2]"
0084162.png,6,"[6, 3, 9]"
0084185.png,6,"[6, 4, 9]"
0084191.png,6,"[6, 9, 8]"
0084192.png,6,"[6, 5, 2]"
0084203.png,6,"[6, 4, 8]"
0084206.png,6,"[6, 5, 4]"
0084207.png,6,"[6, 5, 2]"
0084212.png,6,"[6, 4, 2]"
0084213.png,6,"[6, 4, 9]"
0084218.png,6,"[6, 8, 4]"
0084219.png,6,"[6, 9, 4]"
0084223.png,6,"[6, 9, 5]"
0084228.png,6,"[6, 4, 9]"
0084245.png,6,"[6, 2, 5]"
0084248.png,6,"[6, 8, 9]"
0084249.png,6,"[6, 9, 8]"
0084256.png,6,"[6, 3, 5]"
0084260.png,6,"[6, 5, 9]"
0084271.png,6,"[6, 9, 3]"
0084274.png,6,"[6, 9, 5]"
0084288.png,6,"[6, 8, 0]"
0084302.png,6,"[6, 4, 8]"
0084314.png,1,"[1, 6, 4]"
0084315.png,4,"[4, 6, 7]"
0084319.png,6,"[6, 4, 5]"
0084321.png,6,"[6, 4, 9]"
0084323.png,6,"[6, 4, 8]"
0084324.png,6,"[6, 9, 0]"
0084332.png,6,"[6, 9, 0]"
0084333.png,6,"[6, 9, 5]"
0084347.png,6,"[6, 5, 8]"
0084361.png,6,"[6, 8, 4]"
0084362.png,6,"[6, 4, 9]"
0084367.png,6,"[6, 9, 4]"
0084370.png,6,"[6, 3, 4]"
0084373.png,6,"[6, 9, 4]"
0084374.png,6,"[6, 9, 5]"
0084376.png,6,"[6, 5, 0]"
0084381.png,6,"[6, 9, 4]"
0084383.png,6,"[6, 4, 9]"
0084394.png,6,"[6, 9, 8]"
0084400.png,6,"[6, 9, 5]"
0084406.png,6,"[6, 2, 9]"
0084408.png,6,"[6, 9, 4]"
0084423.png,6,"[6, 4, 9]"
0084437.png,6,"[6, 8, 0]"
0084453.png,6,"[6, 0, 8]"
0084474.png,6,"[6, 2, 0]"
0084475.png,6,"[6, 2, 9]"
0084480.png,6,"[6, 9, 3]"
0084483.png,6,"[6, 5, 9]"
0084491.png,6,"[6, 4, 5]"
0084495.png,6,"[6, 4, 9]"
0084506.png,6,"[6, 4, 0]"
0084508.png,6,"[6, 8, 2]"
0084517.png,6,"[6, 9, 2]"
0084522.png,6,"[6, 2, 4]"
0084527.png,6,"[6, 5, 9]"
0084537.png,6,"[6, 4, 9]"
0084538.png,6,"[6, 9, 8]"
0084540.png,6,"[6, 5, 8]"
0084541.png,6,"[6, 9, 4]"
0084543.png,6,"[6, 9, 5]"
0084548.png,6,"[6, 8, 2]"
0084553.png,6,"[6, 0, 3]"
0084555.png,6,"[6, 0, 2]"
0084556.png,6,"[6, 2, 5]"
0084558.png,6,"[6, 3, 0]"
0084565.png,6,"[6, 3, 0]"
0084571.png,6,"[6, 5, 9]"
0084579.png,6,"[6, 5, 9]"
0084581.png,6,"[6, 5, 9]"
0084582.png,6,"[6, 9, 5]"
0084585.png,6,"[6, 5, 4]"
0084588.png,6,"[6, 8, 4]"
0084593.png,6,"[6, 9, 8]"
0084598.png,6,"[6, 9, 5]"
0084600.png,6,"[6, 3, 4]"
0084605.png,6,"[6, 4, 8]"
0084616.png,6,"[6, 1, 4]"
0084622.png,6,"[6, 9, 8]"
0084627.png,6,"[6, 9, 8]"
0084651.png,6,"[6, 9, 4]"
0084659.png,6,"[6, 2, 4]"
0084666.png,6,"[6, 8, 9]"
0084667.png,8,"[8, 6, 0]"
0084668.png,6,"[6, 2, 4]"
0084671.png,6,"[6, 2, 4]"
0084672.png,6,"[6, 8, 9]"
0084682.png,6,"[6, 4, 5]"
0084685.png,6,"[6, 9, 5]"
0084689.png,6,"[6, 0, 2]"
0084695.png,6,"[6, 9, 5]"
0084701.png,6,"[6, 9, 2]"
0084703.png,6,"[6, 3, 5]"
0084704.png,6,"[6, 4, 5]"
0084706.png,6,"[6, 4, 2]"
0084712.png,6,"[6, 9, 8]"
0084718.png,6,"[6, 2, 3]"
0084732.png,6,"[6, 9, 2]"
0084736.png,6,"[6, 2, 4]"
0084751.png,6,"[6, 2, 5]"
0084755.png,6,"[6, 1, 0]"
0084759.png,6,"[6, 8, 4]"
0084762.png,6,"[6, 0, 9]"
0084767.png,6,"[6, 9, 3]"
0084774.png,6,"[6, 2, 0]"
0084777.png,6,"[6, 9, 5]"
0084780.png,6,"[6, 4, 8]"
0084789.png,6,"[6, 9, 4]"
0084790.png,6,"[6, 4, 8]"
0084792.png,6,"[6, 8, 9]"
0084799.png,6,"[6, 4, 9]"
0084814.png,6,"[6, 9, 5]"
0084824.png,6,"[6, 5, 9]"
0084836.png,6,"[6, 9, 5]"
0084837.png,6,"[6, 5, 9]"
0084844.png,6,"[6, 9, 5]"
0084850.png,6,"[6, 9, 3]"
0084857.png,6,"[6, 5, 9]"
0084859.png,8,"[8, 6, 4]"
0084861.png,6,"[6, 4, 9]"
0084865.png,6,"[6, 4, 9]"
0084871.png,6,"[6, 2, 4]"
0084872.png,6,"[6, 4, 8]"
0084888.png,6,"[6, 4, 5]"
0084889.png,6,"[6, 4, 2]"
0084893.png,6,"[6, 3, 5]"
0084897.png,6,"[6, 9, 5]"
0084898.png,6,"[6, 4, 2]"
0084899.png,6,"[6, 4, 5]"
0084903.png,6,"[6, 4, 9]"
0084915.png,6,"[6, 4, 2]"
0084922.png,6,"[6, 9, 8]"
0084928.png,6,"[6, 4, 3]"
0084929.png,6,"[6, 4, 5]"
0084930.png,6,"[6, 0, 9]"
0084936.png,6,"[6, 0, 2]"
0084937.png,6,"[6, 3, 0]"
0084939.png,6,"[6, 9, 4]"
0084946.png,6,"[6, 5, 0]"
0084950.png,6,"[6, 8, 9]"
0084953.png,6,"[6, 2, 5]"
0084954.png,6,"[6, 0, 2]"
0084962.png,6,"[6, 0, 4]"
0084964.png,6,"[6, 4, 8]"
0084969.png,6,"[6, 4, 9]"
0084977.png,6,"[6, 9, 4]"
0084979.png,6,"[6, 9, 5]"
0084985.png,6,"[6, 9, 5]"
0084989.png,6,"[6, 9, 8]"
0084996.png,6,"[6, 8, 4]"
0084997.png,6,"[6, 4, 9]"
0084999.png,6,"[6, 5, 9]"
0085011.png,6,"[6, 4, 8]"
0085014.png,6,"[6, 4, 2]"
0085017.png,6,"[6, 9, 8]"
0085026.png,6,"[6, 9, 8]"
0085027.png,6,"[6, 9, 5]"
0085031.png,6,"[6, 9, 5]"
0085032.png,6,"[6, 9, 8]"
0085036.png,6,"[6, 3, 9]"
0085038.png,6,"[6, 8, 9]"
0085041.png,6,"[6, 5, 9]"
0085042.png,6,"[6, 9, 8]"
0085043.png,6,"[6, 9, 5]"
0085045.png,6,"[6, 4, 8]"
0085052.png,6,"[6, 9, 4]"
0085058.png,6,"[6, 8, 9]"
0085061.png,6,"[6, 4, 9]"
0085064.png,6,"[6, 2, 5]"
0085069.png,6,"[6, 9, 2]"
0085070.png,6,"[6, 4, 8]"
0085071.png,6,"[6, 4, 2]"
0085072.png,6,"[6, 0, 3]"
0085076.png,6,"[6, 0, 5]"
0085086.png,6,"[6, 9, 8]"
0085092.png,6,"[6, 9, 5]"
0085096.png,6,"[6, 9, 4]"
0085107.png,2,"[2, 6, 5]"
0085111.png,6,"[6, 9, 4]"
0085112.png,6,"[6, 2, 3]"
0085117.png,6,"[6, 5, 9]"
0085119.png,6,"[6, 0, 1]"
0085129.png,6,"[6, 9, 8]"
0085130.png,6,"[6, 8, 2]"
0085133.png,6,"[6, 2, 0]"
0085141.png,6,"[6, 0, 2]"
0085151.png,6,"[6, 9, 5]"
0085152.png,6,"[6, 1, 3]"
0085153.png,6,"[6, 0, 2]"
0085162.png,6,"[6, 8, 3]"
0085164.png,6,"[6, 9, 5]"
0085174.png,6,"[6, 9, 5]"
0085181.png,6,"[6, 9, 8]"
0085183.png,6,"[6, 4, 9]"
0085188.png,6,"[6, 8, 2]"
0085195.png,6,"[6, 0, 1]"
0085202.png,6,"[6, 9, 8]"
0085203.png,6,"[6, 9, 8]"
0085205.png,6,"[6, 1, 4]"
0085207.png,6,"[6, 1, 9]"
0085208.png,6,"[6, 8, 9]"
0085212.png,6,"[6, 5, 9]"
0085213.png,6,"[6, 4, 5]"
0085221.png,6,"[6, 9, 8]"
0085229.png,9,"[9, 6, 8]"
0085230.png,6,"[6, 9, 0]"
0085234.png,6,"[6, 9, 2]"
0085240.png,6,"[6, 8, 3]"
0085250.png,6,"[6, 4, 9]"
0085251.png,6,"[6, 8, 9]"
0085255.png,6,"[6, 9, 8]"
0085258.png,6,"[6, 5, 3]"
0085260.png,6,"[6, 9, 1]"
0085266.png,6,"[6, 8, 9]"
0085270.png,6,"[6, 0, 4]"
0085271.png,6,"[6, 4, 0]"
0085272.png,6,"[6, 4, 5]"
0085275.png,6,"[6, 8, 9]"
0085280.png,6,"[6, 0, 2]"
0085282.png,6,"[6, 4, 9]"
0085286.png,6,"[6, 0, 5]"
0085289.png,6,"[6, 8, 9]"
0085295.png,6,"[6, 5, 3]"
0085298.png,1,"[1, 4, 0]"
0085313.png,6,"[6, 4, 1]"
0085316.png,1,"[1, 6, 4]"
0085317.png,6,"[6, 4, 8]"
0085318.png,6,"[6, 1, 7]"
0085319.png,1,"[1, 6, 4]"
0085320.png,2,"[2, 6, 3]"
0085328.png,6,"[6, 8, 3]"
0085334.png,6,"[6, 0, 8]"
0085339.png,6,"[6, 0, 2]"
0085343.png,6,"[6, 4, 9]"
0085348.png,6,"[6, 9, 5]"
0085362.png,6,"[6, 9, 5]"
0085368.png,6,"[6, 9, 8]"
0085377.png,6,"[6, 9, 8]"
0085378.png,6,"[6, 2, 8]"
0085379.png,6,"[6, 0, 2]"
0085380.png,6,"[6, 9, 4]"
0085385.png,6,"[6, 4, 9]"
0085386.png,6,"[6, 0, 3]"
0085390.png,6,"[6, 9, 8]"
0085397.png,6,"[6, 4, 9]"
0085398.png,6,"[6, 4, 9]"
0085402.png,6,"[6, 9, 8]"
0085406.png,6,"[6, 4, 5]"
0085410.png,6,"[6, 4, 2]"
0085415.png,6,"[6, 9, 4]"
0085423.png,6,"[6, 9, 4]"
0085425.png,6,"[6, 4, 9]"
0085427.png,6,"[6, 2, 4]"
0085428.png,6,"[6, 4, 9]"
0085429.png,6,"[6, 4, 9]"
0085432.png,6,"[6, 8, 5]"
0085435.png,6,"[6, 9, 0]"
0085444.png,6,"[6, 4, 3]"
0085446.png,6,"[6, 8, 5]"
0085448.png,6,"[6, 5, 8]"
0085450.png,6,"[6, 8, 2]"
0085462.png,6,"[6, 5, 3]"
0085465.png,6,"[6, 4, 5]"
0085468.png,6,"[6, 9, 8]"
0085478.png,6,"[6, 9, 8]"
0085494.png,6,"[6, 9, 5]"
0085495.png,6,"[6, 9, 4]"
0085500.png,6,"[6, 3, 2]"
0085502.png,6,"[6, 5, 9]"
0085503.png,6,"[6, 5, 2]"
0085509.png,6,"[6, 2, 3]"
0085511.png,6,"[6, 4, 1]"
0085516.png,6,"[6, 0, 5]"
0085520.png,2,"[2, 6, 4]"
0085537.png,6,"[6, 2, 5]"
0085540.png,6,"[6, 9, 8]"
0085545.png,6,"[6, 5, 9]"
0085547.png,6,"[6, 8, 9]"
0085559.png,6,"[6, 2, 9]"
0085560.png,6,"[6, 0, 5]"
0085563.png,6,"[6, 9, 8]"
0085569.png,6,"[6, 5, 9]"
0085571.png,6,"[6, 9, 4]"
0085575.png,6,"[6, 9, 1]"
0085576.png,6,"[6, 4, 2]"
0085579.png,6,"[6, 9, 4]"
0085589.png,6,"[6, 9, 5]"
0085594.png,6,"[6, 2, 5]"
0085602.png,6,"[6, 8, 9]"
0085610.png,6,"[6, 9, 8]"
0085611.png,6,"[6, 8, 2]"
0085625.png,7,"[7, 9, 4]"
0085626.png,7,"[7, 9, 2]"
0085628.png,7,"[7, 9, 4]"
0085641.png,7,"[7, 9, 1]"
0085646.png,7,"[7, 3, 9]"
0085651.png,7,"[7, 9, 1]"
0085659.png,7,"[7, 3, 9]"
0085664.png,7,"[7, 0, 1]"
0085670.png,7,"[7, 9, 2]"
0085672.png,7,"[7, 4, 2]"
0085675.png,7,"[7, 3, 9]"
0085676.png,7,"[7, 9, 2]"
0085678.png,7,"[7, 9, 2]"
0085680.png,7,"[7, 9, 2]"
0085682.png,7,"[7, 9, 2]"
0085683.png,7,"[7, 2, 9]"
0085685.png,7,"[7, 9, 8]"
0085693.png,7,"[7, 9, 2]"
0085702.png,7,"[7, 9, 4]"
0085703.png,7,"[7, 9, 4]"
0085704.png,7,"[7, 2, 3]"
0085707.png,7,"[7, 9, 1]"
0085708.png,7,"[7, 9, 2]"
0085710.png,7,"[7, 4, 9]"
0085713.png,7,"[7, 9, 8]"
0085719.png,7,"[7, 2, 9]"
0085724.png,7,"[7, 2, 3]"
0085737.png,7,"[7, 2, 3]"
0085740.png,7,"[7, 4, 5]"
0085743.png,7,"[7, 9, 2]"
0085744.png,7,"[7, 9, 2]"
0085747.png,7,"[7, 2, 3]"
0085750.png,7,"[7, 9, 4]"
0085757.png,7,"[7, 9, 2]"
0085759.png,7,"[7, 9, 2]"
0085766.png,7,"[7, 9, 2]"
0085769.png,7,"[7, 4, 9]"
0085770.png,7,"[7, 2, 9]"
0085779.png,7,"[7, 4, 8]"
0085796.png,7,"[7, 9, 2]"
0085799.png,7,"[7, 9, 2]"
0085801.png,7,"[7, 2, 9]"
0085802.png,7,"[7, 2, 9]"
0085803.png,7,"[7, 9, 3]"
0085806.png,7,"[7, 2, 3]"
0085808.png,7,"[7, 9, 2]"
0085819.png,7,"[7, 9, 2]"
0085820.png,7,"[7, 4, 9]"
0085824.png,7,"[7, 4, 8]"
0085828.png,7,"[7, 1, 9]"
0085831.png,7,"[7, 3, 2]"
0085836.png,7,"[7, 2, 3]"
0085842.png,9,"[9, 7, 2]"
0085845.png,7,"[7, 9, 0]"
0085846.png,7,"[7, 4, 8]"
0085847.png,7,"[7, 8, 4]"
0085851.png,7,"[7, 9, 4]"
0085852.png,7,"[7, 3, 2]"
0085876.png,7,"[7, 2, 9]"
0085880.png,7,"[7, 2, 9]"
0085887.png,7,"[7, 9, 3]"
0085888.png,7,"[7, 3, 5]"
0085889.png,7,"[7, 2, 3]"
0085894.png,7,"[7, 8, 9]"
0085904.png,7,"[7, 9, 4]"
0085911.png,7,"[7, 2, 9]"
0085915.png,7,"[7, 1, 9]"
0085923.png,7,"[7, 1, 4]"
0085925.png,7,"[7, 3, 4]"
0085931.png,7,"[7, 9, 1]"
0085933.png,7,"[7, 9, 1]"
0085954.png,7,"[7, 9, 2]"
0085965.png,7,"[7, 9, 4]"
0085967.png,7,"[7, 9, 4]"
0085968.png,7,"[7, 9, 3]"
0085977.png,7,"[7, 4, 3]"
0085983.png,7,"[7, 9, 3]"
0085984.png,7,"[7, 2, 3]"
0085986.png,7,"[7, 2, 3]"
0085987.png,7,"[7, 2, 3]"
0085992.png,7,"[7, 3, 2]"
0085996.png,7,"[7, 9, 6]"
0086000.png,8,"[8, 4, 2]"
0086003.png,7,"[7, 3, 2]"
0086010.png,7,"[7, 1, 9]"
0086016.png,7,"[7, 9, 3]"
0086017.png,7,"[7, 9, 2]"
0086020.png,7,"[7, 1, 3]"
0086026.png,7,"[7, 5, 9]"
0086028.png,7,"[7, 3, 2]"
0086031.png,7,"[7, 9, 5]"
0086033.png,7,"[7, 9, 3]"
0086036.png,7,"[7, 9, 2]"
0086038.png,7,"[7, 5, 3]"
0086039.png,7,"[7, 3, 2]"
0086040.png,7,"[7, 4, 5]"
0086041.png,7,"[7, 4, 8]"
0086044.png,7,"[7, 4, 2]"
0086047.png,7,"[7, 4, 5]"
0086049.png,7,"[7, 9, 1]"
0086060.png,7,"[7, 1, 4]"
0086061.png,7,"[7, 1, 9]"
0086065.png,7,"[7, 4, 9]"
0086067.png,7,"[7, 9, 4]"
0086068.png,7,"[7, 9, 2]"
0086076.png,7,"[7, 9, 2]"
0086086.png,7,"[7, 2, 3]"
0086096.png,7,"[7, 3, 9]"
0086100.png,7,"[7, 9, 3]"
0086104.png,7,"[7, 9, 3]"
0086106.png,7,"[7, 3, 9]"
0086109.png,7,"[7, 9, 2]"
0086111.png,7,"[7, 2, 3]"
0086123.png,7,"[7, 3, 2]"
0086124.png,7,"[7, 3, 2]"
0086127.png,7,"[7, 9, 4]"
0086136.png,7,"[7, 2, 3]"
0086143.png,7,"[7, 4, 9]"
0086149.png,7,"[7, 3, 2]"
0086153.png,7,"[7, 9, 4]"
0086154.png,7,"[7, 2, 9]"
0086155.png,7,"[7, 2, 9]"
0086167.png,7,"[7, 2, 9]"
0086174.png,7,"[7, 9, 1]"
0086176.png,7,"[7, 9, 2]"
0086178.png,7,"[7, 3, 2]"
0086181.png,7,"[7, 2, 3]"
0086186.png,7,"[7, 3, 0]"
0086187.png,7,"[7, 3, 2]"
0086189.png,7,"[7, 2, 9]"
0086190.png,7,"[7, 4, 8]"
0086191.png,7,"[7, 4, 8]"
0086193.png,7,"[7, 9, 4]"
0086198.png,7,"[7, 4, 5]"
0086200.png,7,"[7, 2, 5]"
0086202.png,7,"[7, 9, 4]"
0086205.png,7,"[7, 4, 9]"
0086209.png,7,"[7, 9, 3]"
0086216.png,7,"[7, 8, 4]"
0086224.png,7,"[7, 2, 9]"
0086230.png,7,"[7, 9, 2]"
0086233.png,7,"[7, 4, 9]"
0086235.png,7,"[7, 3, 2]"
0086241.png,7,"[7, 9, 4]"
0086254.png,7,"[7, 2, 9]"
0086256.png,7,"[7, 4, 9]"
0086270.png,7,"[7, 1, 9]"
0086279.png,7,"[7, 9, 3]"
0086283.png,7,"[7, 2, 3]"
0086291.png,7,"[7, 9, 3]"
0086297.png,7,"[7, 9, 2]"
0086299.png,7,"[7, 9, 2]"
0086300.png,7,"[7, 9, 2]"
0086301.png,7,"[7, 4, 9]"
0086303.png,7,"[7, 9, 3]"
0086304.png,7,"[7, 2, 5]"
0086305.png,7,"[7, 4, 9]"
0086317.png,7,"[7, 4, 2]"
0086319.png,7,"[7, 3, 2]"
0086325.png,4,"[4, 7, 8]"
0086328.png,7,"[7, 9, 1]"
0086329.png,7,"[7, 9, 1]"
0086345.png,7,"[7, 3, 2]"
0086346.png,7,"[7, 9, 8]"
0086351.png,7,"[7, 9, 2]"
0086357.png,7,"[7, 9, 4]"
0086358.png,7,"[7, 9, 2]"
0086359.png,7,"[7, 9, 1]"
0086369.png,7,"[7, 2, 3]"
0086373.png,7,"[7, 9, 2]"
0086397.png,7,"[7, 9, 4]"
0086405.png,7,"[7, 9, 2]"
0086409.png,7,"[7, 9, 2]"
0086414.png,7,"[7, 2, 3]"
0086421.png,7,"[7, 9, 3]"
0086426.png,7,"[7, 3, 9]"
0086428.png,7,"[7, 3, 9]"
0086436.png,7,"[7, 3, 9]"
0086449.png,7,"[7, 4, 2]"
0086452.png,7,"[7, 5, 1]"
0086460.png,7,"[7, 4, 1]"
0086462.png,7,"[7, 3, 9]"
0086473.png,7,"[7, 3, 2]"
0086476.png,2,"[2, 3, 9]"
0086483.png,7,"[7, 8, 4]"
0086501.png,7,"[7, 9, 2]"
0086504.png,7,"[7, 9, 4]"
0086512.png,7,"[7, 9, 1]"
0086515.png,7,"[7, 3, 2]"
0086522.png,7,"[7, 9, 4]"
0086527.png,7,"[7, 9, 4]"
0086529.png,7,"[7, 2, 9]"
0086540.png,7,"[7, 9, 1]"
0086543.png,7,"[7, 2, 4]"
0086545.png,7,"[7, 9, 4]"
0086547.png,7,"[7, 9, 5]"
0086556.png,7,"[7, 9, 5]"
0086572.png,7,"[7, 9, 2]"
0086591.png,7,"[7, 5, 9]"
0086592.png,7,"[7, 4, 2]"
0086598.png,7,"[7, 2, 9]"
0086600.png,7,"[7, 1, 9]"
0086603.png,7,"[7, 9, 2]"
0086609.png,7,"[7, 2, 3]"
0086618.png,7,"[7, 2, 3]"
0086621.png,7,"[7, 5, 1]"
0086622.png,7,"[7, 9, 3]"
0086625.png,7,"[7, 2, 3]"
0086626.png,7,"[7, 3, 2]"
0086627.png,7,"[7, 2, 3]"
0086630.png,2,"[2, 7, 3]"
0086634.png,7,"[7, 1, 9]"
0086641.png,7,"[7, 2, 9]"
0086655.png,7,"[7, 3, 5]"
0086656.png,7,"[7, 9, 4]"
0086657.png,7,"[7, 9, 4]"
0086658.png,7,"[7, 4, 9]"
0086659.png,7,"[7, 9, 1]"
0086662.png,7,"[7, 9, 5]"
0086670.png,2,"[2, 7, 3]"
0086672.png,7,"[7, 2, 9]"
0086681.png,7,"[7, 2, 9]"
0086686.png,7,"[7, 9, 2]"
0086689.png,7,"[7, 9, 2]"
0086697.png,7,"[7, 2, 3]"
0086702.png,7,"[7, 5, 2]"
0086708.png,7,"[7, 4, 9]"
0086710.png,7,"[7, 2, 9]"
0086718.png,7,"[7, 9, 3]"
0086736.png,7,"[7, 9, 2]"
0086737.png,7,"[7, 9, 2]"
0086742.png,9,"[9, 3, 2]"
0086747.png,7,"[7, 9, 2]"
0086762.png,3,"[3, 2, 8]"
0086764.png,7,"[7, 4, 9]"
0086766.png,7,"[7, 2, 3]"
0086770.png,7,"[7, 9, 5]"
0086771.png,7,"[7, 9, 4]"
0086772.png,7,"[7, 9, 4]"
0086773.png,7,"[7, 9, 4]"
0086781.png,7,"[7, 2, 5]"
0086782.png,4,"[4, 7, 9]"
0086783.png,4,"[4, 9, 7]"
0086791.png,7,"[7, 9, 4]"
0086797.png,7,"[7, 9, 6]"
0086801.png,7,"[7, 9, 2]"
0086803.png,7,"[7, 9, 2]"
0086805.png,7,"[7, 1, 4]"
0086806.png,7,"[7, 2, 3]"
0086809.png,7,"[7, 9, 3]"
0086812.png,4,"[4, 7, 2]"
0086816.png,7,"[7, 2, 9]"
0086840.png,7,"[7, 2, 9]"
0086858.png,7,"[7, 5, 4]"
0086862.png,4,"[4, 7, 9]"
0086863.png,4,"[4, 7, 9]"
0086864.png,7,"[7, 4, 9]"
0086871.png,7,"[7, 9, 3]"
0086873.png,7,"[7, 9, 4]"
0086885.png,7,"[7, 2, 3]"
0086887.png,7,"[7, 4, 9]"
0086890.png,4,"[4, 7, 9]"
0086909.png,7,"[7, 9, 1]"
0086917.png,7,"[7, 9, 2]"
0086920.png,7,"[7, 9, 3]"
0086923.png,7,"[7, 9, 1]"
0086925.png,7,"[7, 9, 1]"
0086926.png,7,"[7, 1, 9]"
0086938.png,7,"[7, 2, 3]"
0086941.png,7,"[7, 2, 3]"
0086945.png,7,"[7, 9, 2]"
0086950.png,7,"[7, 9, 2]"
0086956.png,7,"[7, 4, 9]"
0086959.png,7,"[7, 2, 9]"
0086979.png,7,"[7, 3, 9]"
0086980.png,7,"[7, 2, 9]"
0086984.png,7,"[7, 9, 2]"
0086985.png,7,"[7, 4, 9]"
0086990.png,7,"[7, 5, 2]"
0086992.png,7,"[7, 9, 2]"
0087005.png,7,"[7, 2, 9]"
0087015.png,7,"[7, 9, 4]"
0087018.png,7,"[7, 3, 5]"
0087020.png,7,"[7, 3, 9]"
0087023.png,7,"[7, 2, 9]"
0087042.png,7,"[7, 2, 9]"
0087043.png,7,"[7, 2, 3]"
0087052.png,7,"[7, 3, 2]"
0087060.png,7,"[7, 3, 1]"
0087061.png,7,"[7, 4, 9]"
0087062.png,7,"[7, 9, 1]"
0087063.png,7,"[7, 3, 5]"
0087071.png,4,"[4, 7, 8]"
0087072.png,7,"[7, 1, 2]"
0087078.png,7,"[7, 2, 9]"
0087084.png,7,"[7, 9, 1]"
0087086.png,7,"[7, 4, 9]"
0087096.png,7,"[7, 9, 1]"
0087097.png,7,"[7, 9, 4]"
0087102.png,7,"[7, 9, 3]"
0087106.png,7,"[7, 4, 9]"
0087109.png,7,"[7, 4, 9]"
0087116.png,7,"[7, 2, 3]"
0087117.png,7,"[7, 2, 9]"
0087119.png,7,"[7, 9, 4]"
0087122.png,7,"[7, 4, 1]"
0087124.png,7,"[7, 9, 2]"
0087125.png,7,"[7, 9, 1]"
0087130.png,7,"[7, 4, 5]"
0087134.png,7,"[7, 4, 9]"
0087138.png,7,"[7, 4, 1]"
0087146.png,7,"[7, 3, 2]"
0087148.png,7,"[7, 9, 4]"
0087155.png,7,"[7, 2, 4]"
0087162.png,7,"[7, 5, 9]"
0087167.png,7,"[7, 4, 9]"
0087171.png,7,"[7, 2, 4]"
0087172.png,7,"[7, 9, 2]"
0087175.png,7,"[7, 9, 1]"
0087183.png,7,"[7, 9, 2]"
0087189.png,7,"[7, 2, 4]"
0087190.png,7,"[7, 9, 3]"
0087191.png,7,"[7, 1, 9]"
0087195.png,7,"[7, 4, 2]"
0087203.png,7,"[7, 9, 5]"
0087211.png,7,"[7, 9, 2]"
0087226.png,7,"[7, 9, 3]"
0087229.png,7,"[7, 4, 2]"
0087250.png,7,"[7, 4, 9]"
0087254.png,7,"[7, 9, 2]"
0087255.png,7,"[7, 9, 2]"
0087261.png,7,"[7, 3, 2]"
0087262.png,7,"[7, 1, 5]"
0087264.png,7,"[7, 3, 2]"
0087268.png,7,"[7, 2, 9]"
0087269.png,7,"[7, 2, 3]"
0087275.png,7,"[7, 2, 9]"
0087278.png,7,"[7, 9, 2]"
0087280.png,7,"[7, 2, 9]"
0087293.png,7,"[7, 9, 2]"
0087306.png,7,"[7, 2, 3]"
0087307.png,7,"[7, 9, 2]"
0087317.png,7,"[7, 2, 9]"
0087322.png,7,"[7, 9, 2]"
0087326.png,7,"[7, 9, 2]"
0087329.png,9,"[9, 7, 2]"
0087333.png,7,"[7, 4, 9]"
0087339.png,7,"[7, 9, 4]"
0087340.png,2,"[2, 7, 3]"
0087348.png,7,"[7, 9, 5]"
0087357.png,7,"[7, 9, 3]"
0087363.png,7,"[7, 9, 2]"
0087369.png,7,"[7, 3, 2]"
0087370.png,7,"[7, 9, 2]"
0087375.png,7,"[7, 9, 2]"
0087383.png,7,"[7, 9, 4]"
0087384.png,7,"[7, 9, 4]"
0087388.png,7,"[7, 1, 4]"
0087391.png,7,"[7, 2, 3]"
0087393.png,7,"[7, 1, 9]"
0087395.png,7,"[7, 9, 2]"
0087396.png,7,"[7, 9, 4]"
0087397.png,7,"[7, 4, 9]"
0087403.png,7,"[7, 2, 9]"
0087404.png,7,"[7, 9, 1]"
0087419.png,7,"[7, 9, 1]"
0087423.png,7,"[7, 9, 3]"
0087424.png,7,"[7, 9, 2]"
0087428.png,7,"[7, 9, 3]"
0087434.png,7,"[7, 9, 4]"
0087438.png,7,"[7, 9, 2]"
0087440.png,7,"[7, 3, 2]"
0087445.png,7,"[7, 9, 4]"
0087461.png,7,"[7, 1, 4]"
0087462.png,7,"[7, 4, 9]"
0087464.png,7,"[7, 2, 3]"
0087465.png,7,"[7, 2, 3]"
0087468.png,7,"[7, 5, 9]"
0087472.png,7,"[7, 9, 4]"
0087481.png,7,"[7, 9, 5]"
0087497.png,7,"[7, 9, 2]"
0087500.png,7,"[7, 9, 2]"
0087501.png,7,"[7, 9, 4]"
0087505.png,7,"[7, 9, 4]"
0087514.png,7,"[7, 3, 2]"
0087519.png,7,"[7, 9, 4]"
0087531.png,7,"[7, 9, 2]"
0087536.png,7,"[7, 3, 9]"
0087540.png,7,"[7, 9, 2]"
0087545.png,7,"[7, 4, 9]"
0087547.png,7,"[7, 3, 2]"
0087549.png,7,"[7, 3, 5]"
0087552.png,7,"[7, 9, 2]"
0087558.png,7,"[7, 3, 5]"
0087563.png,7,"[7, 3, 2]"
0087566.png,7,"[7, 3, 9]"
0087568.png,7,"[7, 4, 2]"
0087579.png,7,"[7, 9, 2]"
0087581.png,8,"[8, 7, 9]"
0087583.png,7,"[7, 9, 2]"
0087596.png,7,"[7, 5, 2]"
0087604.png,7,"[7, 9, 1]"
0087613.png,7,"[7, 2, 9]"
0087617.png,7,"[7, 2, 9]"
0087618.png,7,"[7, 4, 9]"
0087619.png,7,"[7, 9, 4]"
0087622.png,4,"[4, 7, 8]"
0087625.png,7,"[7, 2, 3]"
0087633.png,7,"[7, 9, 4]"
0087639.png,7,"[7, 3, 9]"
0087642.png,7,"[7, 2, 3]"
0087645.png,7,"[7, 5, 3]"
0087647.png,7,"[7, 9, 8]"
0087648.png,7,"[7, 4, 8]"
0087658.png,7,"[7, 9, 3]"
0087660.png,7,"[7, 4, 9]"
0087661.png,7,"[7, 9, 4]"
0087666.png,7,"[7, 3, 9]"
0087670.png,7,"[7, 4, 5]"
0087672.png,4,"[4, 8, 7]"
0087693.png,7,"[7, 4, 9]"
0087699.png,7,"[7, 9, 3]"
0087705.png,7,"[7, 9, 4]"
0087733.png,7,"[7, 9, 2]"
0087737.png,7,"[7, 9, 4]"
0087739.png,7,"[7, 9, 4]"
0087744.png,7,"[7, 9, 3]"
0087758.png,7,"[7, 2, 9]"
0087759.png,7,"[7, 2, 3]"
0087762.png,7,"[7, 2, 8]"
0087775.png,7,"[7, 9, 4]"
0087777.png,7,"[7, 2, 4]"
0087792.png,7,"[7, 6, 3]"
0087798.png,7,"[7, 9, 2]"
0087800.png,7,"[7, 9, 2]"
0087802.png,7,"[7, 4, 9]"
0087805.png,7,"[7, 9, 2]"
0087810.png,7,"[7, 9, 2]"
0087811.png,7,"[7, 9, 1]"
0087816.png,7,"[7, 4, 8]"
0087818.png,7,"[7, 3, 2]"
0087820.png,7,"[7, 9, 3]"
0087821.png,7,"[7, 9, 3]"
0087822.png,7,"[7, 2, 9]"
0087829.png,7,"[7, 9, 4]"
0087833.png,7,"[7, 2, 3]"
0087838.png,7,"[7, 5, 2]"
0087839.png,7,"[7, 3, 9]"
0087841.png,7,"[7, 2, 9]"
0087843.png,7,"[7, 5, 2]"
0087854.png,7,"[7, 3, 2]"
0087859.png,7,"[7, 3, 2]"
0087864.png,7,"[7, 4, 8]"
0087868.png,7,"[7, 9, 4]"
0087874.png,7,"[7, 4, 1]"
0087878.png,7,"[7, 9, 4]"
0087881.png,7,"[7, 2, 3]"
0087882.png,7,"[7, 2, 3]"
0087885.png,2,"[2, 7, 3]"
0087889.png,7,"[7, 3, 9]"
0087891.png,7,"[7, 9, 4]"
0087892.png,7,"[7, 5, 4]"
0087905.png,7,"[7, 2, 5]"
0087912.png,7,"[7, 9, 2]"
0087916.png,7,"[7, 5, 9]"
0087920.png,7,"[7, 3, 2]"
0087931.png,7,"[7, 9, 2]"
0087946.png,3,"[3, 2, 7]"
0087957.png,7,"[7, 9, 4]"
0087968.png,7,"[7, 2, 3]"
0087971.png,7,"[7, 9, 1]"
0087973.png,7,"[7, 9, 2]"
0087986.png,7,"[7, 8, 4]"
0087989.png,7,"[7, 1, 3]"
0087990.png,7,"[7, 9, 4]"
0088006.png,7,"[7, 2, 9]"
0088015.png,7,"[7, 2, 3]"
0088018.png,7,"[7, 9, 3]"
0088021.png,7,"[7, 9, 1]"
0088026.png,7,"[7, 2, 9]"
0088031.png,7,"[7, 2, 5]"
0088032.png,7,"[7, 3, 2]"
0088034.png,7,"[7, 9, 4]"
0088044.png,7,"[7, 9, 2]"
0088060.png,7,"[7, 2, 9]"
0088061.png,7,"[7, 2, 3]"
0088073.png,7,"[7, 3, 2]"
0088076.png,7,"[7, 9, 3]"
0088077.png,7,"[7, 2, 9]"
0088081.png,7,"[7, 9, 2]"
0088099.png,7,"[7, 9, 4]"
0088104.png,7,"[7, 9, 3]"
0088109.png,7,"[7, 9, 6]"
0088120.png,7,"[7, 9, 1]"
0088123.png,4,"[4, 7, 5]"
0088124.png,7,"[7, 9, 1]"
0088125.png,7,"[7, 9, 2]"
0088128.png,7,"[7, 4, 9]"
0088129.png,7,"[7, 9, 5]"
0088130.png,7,"[7, 3, 5]"
0088133.png,7,"[7, 9, 4]"
0088140.png,7,"[7, 9, 4]"
0088141.png,7,"[7, 9, 4]"
0088148.png,3,"[3, 7, 5]"
0088156.png,7,"[7, 9, 4]"
0088159.png,7,"[7, 2, 3]"
0088161.png,7,"[7, 9, 4]"
0088165.png,7,"[7, 1, 9]"
0088166.png,7,"[7, 9, 3]"
0088172.png,7,"[7, 9, 2]"
0088176.png,7,"[7, 2, 9]"
0088181.png,7,"[7, 9, 2]"
0088183.png,7,"[7, 9, 4]"
0088199.png,7,"[7, 9, 4]"
0088205.png,7,"[7, 9, 2]"
0088230.png,7,"[7, 9, 3]"
0088238.png,7,"[7, 9, 2]"
0088239.png,7,"[7, 2, 9]"
0088247.png,7,"[7, 2, 3]"
0088248.png,7,"[7, 3, 9]"
0088250.png,7,"[7, 9, 2]"
0088251.png,7,"[7, 9, 2]"
0088253.png,7,"[7, 9, 4]"
0088288.png,7,"[7, 2, 9]"
0088299.png,7,"[7, 5, 2]"
0088309.png,7,"[7, 1, 9]"
0088310.png,7,"[7, 9, 2]"
0088324.png,7,"[7, 9, 4]"
0088333.png,7,"[7, 4, 2]"
0088335.png,7,"[7, 9, 2]"
0088339.png,7,"[7, 2, 9]"
0088344.png,7,"[7, 5, 9]"
0088350.png,7,"[7, 1, 4]"
0088353.png,7,"[7, 2, 9]"
0088355.png,7,"[7, 9, 5]"
0088364.png,7,"[7, 9, 4]"
0088365.png,7,"[7, 9, 1]"
0088369.png,7,"[7, 5, 2]"
0088388.png,7,"[7, 4, 9]"
0088392.png,7,"[7, 4, 9]"
0088406.png,7,"[7, 2, 9]"
0088415.png,7,"[7, 4, 1]"
0088424.png,7,"[7, 9, 3]"
0088425.png,7,"[7, 9, 5]"
0088426.png,7,"[7, 4, 9]"
0088428.png,7,"[7, 9, 4]"
0088431.png,7,"[7, 9, 4]"
0088436.png,7,"[7, 4, 9]"
0088452.png,7,"[7, 9, 2]"
0088455.png,7,"[7, 2, 9]"
0088459.png,9,"[9, 2, 7]"
0088478.png,7,"[7, 2, 9]"
0088485.png,7,"[7, 4, 2]"
0088490.png,7,"[7, 3, 9]"
0088492.png,7,"[7, 3, 2]"
0088496.png,7,"[7, 3, 9]"
0088505.png,7,"[7, 9, 4]"
0088507.png,7,"[7, 1, 4]"
0088518.png,7,"[7, 3, 9]"
0088521.png,7,"[7, 4, 9]"
0088523.png,7,"[7, 9, 1]"
0088524.png,7,"[7, 3, 2]"
0088532.png,7,"[7, 4, 2]"
0088538.png,7,"[7, 5, 2]"
0088547.png,7,"[7, 9, 2]"
0088549.png,7,"[7, 9, 2]"
0088553.png,7,"[7, 9, 1]"
0088556.png,7,"[7, 3, 9]"
0088570.png,7,"[7, 4, 9]"
0088579.png,7,"[7, 2, 9]"
0088581.png,7,"[7, 3, 9]"
0088583.png,7,"[7, 2, 1]"
0088588.png,7,"[7, 9, 3]"
0088605.png,7,"[7, 2, 9]"
0088606.png,7,"[7, 9, 2]"
0088616.png,7,"[7, 3, 5]"
0088620.png,7,"[7, 2, 9]"
0088623.png,7,"[7, 9, 4]"
0088624.png,7,"[7, 3, 9]"
0088632.png,7,"[7, 3, 4]"
0088637.png,8,"[8, 7, 4]"
0088641.png,7,"[7, 2, 9]"
0088649.png,7,"[7, 9, 1]"
0088657.png,7,"[7, 9, 5]"
0088658.png,7,"[7, 9, 1]"
0088659.png,7,"[7, 9, 1]"
0088668.png,7,"[7, 9, 4]"
0088669.png,7,"[7, 9, 1]"
0088673.png,7,"[7, 4, 9]"
0088677.png,7,"[7, 2, 9]"
0088680.png,4,"[4, 7, 9]"
0088687.png,7,"[7, 9, 2]"
0088689.png,7,"[7, 9, 5]"
0088710.png,7,"[7, 9, 5]"
0088713.png,7,"[7, 1, 9]"
0088721.png,7,"[7, 1, 9]"
0088728.png,7,"[7, 4, 9]"
0088732.png,7,"[7, 9, 3]"
0088735.png,7,"[7, 9, 4]"
0088736.png,7,"[7, 2, 9]"
0088738.png,7,"[7, 9, 2]"
0088747.png,7,"[7, 9, 2]"
0088751.png,7,"[7, 3, 2]"
0088755.png,7,"[7, 2, 9]"
0088760.png,7,"[7, 9, 4]"
0088766.png,7,"[7, 4, 1]"
0088773.png,7,"[7, 9, 2]"
0088780.png,7,"[7, 9, 2]"
0088782.png,9,"[9, 7, 3]"
0088785.png,7,"[7, 9, 4]"
0088788.png,7,"[7, 9, 2]"
0088790.png,4,"[4, 7, 8]"
0088791.png,4,"[4, 7, 2]"
0088794.png,7,"[7, 9, 4]"
0088800.png,7,"[7, 9, 2]"
0088803.png,7,"[7, 1, 2]"
0088804.png,7,"[7, 3, 9]"
0088808.png,7,"[7, 2, 3]"
0088810.png,7,"[7, 2, 9]"
0088815.png,7,"[7, 9, 4]"
0088816.png,7,"[7, 9, 4]"
0088822.png,6,"[6, 0, 3]"
0088825.png,7,"[7, 9, 1]"
0088826.png,7,"[7, 9, 4]"
0088829.png,7,"[7, 9, 1]"
0088833.png,7,"[7, 5, 9]"
0088839.png,7,"[7, 9, 4]"
0088840.png,7,"[7, 9, 2]"
0088842.png,7,"[7, 3, 5]"
0088845.png,7,"[7, 2, 9]"
0088846.png,7,"[7, 4, 5]"
0088848.png,7,"[7, 4, 9]"
0088852.png,7,"[7, 9, 2]"
0088864.png,7,"[7, 4, 9]"
0088876.png,7,"[7, 9, 2]"
0088878.png,7,"[7, 4, 8]"
0088881.png,7,"[7, 9, 4]"
0088883.png,7,"[7, 4, 9]"
0088890.png,7,"[7, 9, 2]"
0088898.png,7,"[7, 5, 3]"
0088907.png,7,"[7, 2, 9]"
0088920.png,7,"[7, 9, 3]"
0088923.png,7,"[7, 9, 4]"
0088927.png,7,"[7, 9, 5]"
0088928.png,7,"[7, 3, 9]"
0088937.png,7,"[7, 2, 9]"
0088942.png,7,"[7, 4, 9]"
0088952.png,7,"[7, 9, 2]"
0088955.png,7,"[7, 8, 3]"
0088960.png,7,"[7, 2, 3]"
0088964.png,7,"[7, 9, 2]"
0088970.png,7,"[7, 3, 2]"
0088973.png,7,"[7, 2, 3]"
0088976.png,7,"[7, 3, 5]"
0088979.png,7,"[7, 1, 9]"
0088980.png,7,"[7, 2, 3]"
0088983.png,7,"[7, 4, 9]"
0088995.png,7,"[7, 4, 2]"
0089001.png,7,"[7, 9, 4]"
0089002.png,7,"[7, 9, 1]"
0089013.png,7,"[7, 9, 3]"
0089022.png,7,"[7, 9, 3]"
0089023.png,7,"[7, 9, 4]"
0089026.png,7,"[7, 4, 2]"
0089029.png,7,"[7, 9, 4]"
0089033.png,7,"[7, 2, 3]"
0089037.png,7,"[7, 9, 2]"
0089042.png,7,"[7, 9, 2]"
0089044.png,7,"[7, 4, 9]"
0089053.png,7,"[7, 9, 4]"
0089054.png,7,"[7, 9, 4]"
0089057.png,7,"[7, 2, 4]"
0089059.png,7,"[7, 1, 4]"
0089060.png,7,"[7, 3, 9]"
0089063.png,7,"[7, 1, 9]"
0089066.png,7,"[7, 4, 9]"
0089067.png,7,"[7, 9, 1]"
0089074.png,7,"[7, 9, 2]"
0089077.png,7,"[7, 9, 4]"
0089081.png,7,"[7, 9, 2]"
0089083.png,7,"[7, 9, 2]"
0089084.png,7,"[7, 3, 2]"
0089086.png,7,"[7, 9, 4]"
0089087.png,7,"[7, 9, 3]"
0089088.png,7,"[7, 5, 1]"
0089096.png,7,"[7, 3, 2]"
0089098.png,7,"[7, 9, 1]"
0089099.png,7,"[7, 9, 1]"
0089102.png,7,"[7, 9, 4]"
0089106.png,7,"[7, 4, 9]"
0089110.png,7,"[7, 9, 5]"
0089114.png,7,"[7, 9, 2]"
0089130.png,7,"[7, 9, 4]"
0089136.png,7,"[7, 5, 9]"
0089140.png,7,"[7, 2, 9]"
0089144.png,7,"[7, 9, 5]"
0089155.png,7,"[7, 9, 3]"
0089165.png,7,"[7, 2, 5]"
0089166.png,7,"[7, 9, 3]"
0089167.png,7,"[7, 9, 4]"
0089168.png,7,"[7, 9, 2]"
0089177.png,7,"[7, 2, 4]"
0089186.png,7,"[7, 4, 9]"
0089189.png,7,"[7, 9, 2]"
0089190.png,7,"[7, 3, 2]"
0089204.png,7,"[7, 9, 2]"
0089216.png,7,"[7, 9, 1]"
0089220.png,7,"[7, 4, 9]"
0089231.png,7,"[7, 4, 5]"
0089232.png,7,"[7, 9, 2]"
0089241.png,7,"[7, 2, 3]"
0089245.png,7,"[7, 9, 1]"
0089249.png,7,"[7, 3, 2]"
0089250.png,7,"[7, 4, 9]"
0089252.png,7,"[7, 4, 9]"
0089257.png,7,"[7, 9, 1]"
0089261.png,7,"[7, 2, 9]"
0089263.png,7,"[7, 9, 3]"
0089269.png,7,"[7, 9, 2]"
0089272.png,7,"[7, 9, 3]"
0089275.png,7,"[7, 9, 2]"
0089287.png,7,"[7, 9, 4]"
0089299.png,7,"[7, 9, 1]"
0089301.png,7,"[7, 5, 4]"
0089304.png,3,"[3, 2, 7]"
0089307.png,7,"[7, 9, 3]"
0089308.png,7,"[7, 4, 2]"
0089309.png,7,"[7, 2, 9]"
0089312.png,7,"[7, 3, 1]"
0089313.png,7,"[7, 3, 9]"
0089316.png,7,"[7, 4, 9]"
0089325.png,7,"[7, 5, 2]"
0089327.png,7,"[7, 9, 4]"
0089330.png,7,"[7, 9, 4]"
0089344.png,7,"[7, 1, 5]"
0089346.png,7,"[7, 5, 1]"
0089356.png,8,"[8, 2, 5]"
0089357.png,7,"[7, 2, 5]"
0089374.png,7,"[7, 4, 9]"
0089379.png,7,"[7, 2, 5]"
0089381.png,1,"[1, 7, 4]"
0089392.png,2,"[2, 9, 8]"
0089404.png,7,"[7, 9, 2]"
0089408.png,7,"[7, 9, 2]"
0089411.png,7,"[7, 9, 1]"
0089421.png,7,"[7, 5, 3]"
0089425.png,7,"[7, 2, 4]"
0089429.png,7,"[7, 3, 2]"
0089430.png,7,"[7, 9, 8]"
0089432.png,1,"[1, 4, 7]"
0089436.png,8,"[8, 2, 9]"
0089443.png,7,"[7, 4, 3]"
0089445.png,7,"[7, 2, 3]"
0089449.png,7,"[7, 9, 3]"
0089475.png,7,"[7, 8, 5]"
0089476.png,7,"[7, 9, 4]"
0089477.png,7,"[7, 9, 5]"
0089481.png,7,"[7, 2, 9]"
0089488.png,7,"[7, 4, 9]"
0089491.png,7,"[7, 2, 5]"
0089492.png,7,"[7, 9, 3]"
0089493.png,7,"[7, 9, 5]"
0089496.png,7,"[7, 3, 9]"
0089498.png,7,"[7, 4, 8]"
0089500.png,7,"[7, 9, 3]"
0089503.png,7,"[7, 4, 8]"
0089505.png,7,"[7, 9, 3]"
0089512.png,7,"[7, 4, 8]"
0089520.png,7,"[7, 9, 2]"
0089524.png,7,"[7, 4, 1]"
0089526.png,7,"[7, 4, 2]"
0089529.png,7,"[7, 4, 2]"
0089530.png,7,"[7, 3, 2]"
0089531.png,7,"[7, 4, 3]"
0089535.png,7,"[7, 2, 3]"
0089536.png,4,"[4, 7, 5]"
0089544.png,4,"[4, 8, 7]"
0089549.png,7,"[7, 9, 1]"
0089559.png,7,"[7, 9, 2]"
0089561.png,4,"[4, 7, 8]"
0089565.png,7,"[7, 2, 4]"
0089579.png,7,"[7, 9, 2]"
0089585.png,7,"[7, 3, 4]"
0089587.png,7,"[7, 9, 4]"
0089592.png,7,"[7, 1, 9]"
0089593.png,7,"[7, 9, 1]"
0089594.png,7,"[7, 9, 4]"
0089599.png,7,"[7, 1, 9]"
0089604.png,7,"[7, 9, 3]"
0089611.png,7,"[7, 9, 2]"
0089622.png,7,"[7, 9, 4]"
0089630.png,7,"[7, 9, 2]"
0089633.png,8,"[8, 1, 9]"
0089634.png,7,"[7, 9, 2]"
0089637.png,7,"[7, 1, 9]"
0089641.png,7,"[7, 3, 9]"
0089644.png,7,"[7, 3, 2]"
0089653.png,7,"[7, 9, 2]"
0089654.png,7,"[7, 9, 2]"
0089655.png,7,"[7, 2, 3]"
0089656.png,7,"[7, 1, 9]"
0089662.png,7,"[7, 3, 2]"
0089663.png,7,"[7, 9, 2]"
0089665.png,7,"[7, 4, 9]"
0089666.png,7,"[7, 4, 9]"
0089667.png,7,"[7, 4, 9]"
0089692.png,7,"[7, 4, 9]"
0089693.png,7,"[7, 5, 4]"
0089696.png,7,"[7, 9, 2]"
0089704.png,4,"[4, 1, 7]"
0089707.png,7,"[7, 9, 2]"
0089715.png,2,"[2, 3, 7]"
0089716.png,7,"[7, 9, 4]"
0089719.png,7,"[7, 1, 9]"
0089721.png,7,"[7, 9, 4]"
0089722.png,7,"[7, 9, 3]"
0089725.png,7,"[7, 9, 4]"
0089729.png,7,"[7, 9, 4]"
0089730.png,7,"[7, 9, 3]"
0089733.png,7,"[7, 4, 9]"
0089744.png,7,"[7, 9, 4]"
0089749.png,2,"[2, 7, 8]"
0089752.png,7,"[7, 3, 2]"
0089753.png,7,"[7, 3, 2]"
0089759.png,7,"[7, 2, 9]"
0089776.png,7,"[7, 9, 2]"
0089778.png,7,"[7, 9, 3]"
0089780.png,7,"[7, 2, 9]"
0089781.png,7,"[7, 9, 1]"
0089800.png,7,"[7, 9, 3]"
0089805.png,7,"[7, 9, 4]"
0089809.png,7,"[7, 3, 2]"
0089810.png,7,"[7, 4, 3]"
0089814.png,7,"[7, 9, 4]"
0089815.png,7,"[7, 4, 3]"
0089816.png,7,"[7, 5, 2]"
0089819.png,7,"[7, 9, 5]"
0089826.png,7,"[7, 2, 9]"
0089830.png,7,"[7, 3, 5]"
0089836.png,7,"[7, 9, 3]"
0089841.png,7,"[7, 2, 9]"
0089844.png,7,"[7, 9, 5]"
0089848.png,7,"[7, 2, 3]"
0089851.png,7,"[7, 2, 3]"
0089859.png,7,"[7, 4, 9]"
0089860.png,7,"[7, 4, 2]"
0089866.png,7,"[7, 2, 9]"
0089867.png,7,"[7, 9, 6]"
0089868.png,7,"[7, 9, 4]"
0089883.png,7,"[7, 4, 9]"
0089884.png,7,"[7, 9, 3]"
0089888.png,7,"[7, 3, 2]"
0089889.png,7,"[7, 4, 2]"
0089897.png,7,"[7, 9, 2]"
0089898.png,7,"[7, 9, 3]"
0089902.png,7,"[7, 2, 9]"
0089909.png,7,"[7, 4, 8]"
0089913.png,7,"[7, 9, 2]"
0089922.png,7,"[7, 3, 5]"
0089926.png,7,"[7, 2, 9]"
0089927.png,7,"[7, 9, 2]"
0089928.png,7,"[7, 9, 2]"
0089931.png,4,"[4, 7, 9]"
0089935.png,7,"[7, 8, 5]"
0089938.png,7,"[7, 2, 3]"
0089942.png,7,"[7, 4, 9]"
0089944.png,7,"[7, 4, 9]"
0089946.png,7,"[7, 1, 4]"
0089947.png,7,"[7, 1, 4]"
0089952.png,7,"[7, 4, 9]"
0089959.png,7,"[7, 2, 5]"
0089969.png,7,"[7, 4, 9]"
0089971.png,7,"[7, 9, 4]"
0089972.png,7,"[7, 9, 3]"
0089976.png,7,"[7, 9, 2]"
0089980.png,7,"[7, 3, 2]"
0089988.png,7,"[7, 9, 2]"
0089990.png,4,"[4, 5, 2]"
0089992.png,7,"[7, 9, 2]"
0089995.png,7,"[7, 2, 4]"
0089997.png,7,"[7, 2, 3]"
0089999.png,7,"[7, 2, 9]"
0090003.png,7,"[7, 1, 3]"
0090005.png,7,"[7, 1, 9]"
0090009.png,7,"[7, 9, 3]"
0090018.png,7,"[7, 2, 5]"
0090022.png,7,"[7, 8, 9]"
0090032.png,4,"[4, 7, 8]"
0090033.png,4,"[4, 7, 2]"
0090039.png,7,"[7, 9, 2]"
0090041.png,7,"[7, 1, 9]"
0090052.png,7,"[7, 9, 1]"
0090060.png,7,"[7, 9, 3]"
0090064.png,7,"[7, 9, 1]"
0090066.png,7,"[7, 3, 9]"
0090070.png,7,"[7, 9, 2]"
0090074.png,7,"[7, 9, 2]"
0090082.png,7,"[7, 4, 9]"
0090083.png,7,"[7, 9, 2]"
0090092.png,7,"[7, 9, 3]"
0090097.png,7,"[7, 8, 4]"
0090098.png,7,"[7, 3, 9]"
0090099.png,7,"[7, 1, 3]"
0090100.png,7,"[7, 9, 4]"
0090103.png,7,"[7, 9, 1]"
0090104.png,7,"[7, 9, 2]"
0090106.png,7,"[7, 9, 2]"
0090110.png,7,"[7, 9, 3]"
0090114.png,7,"[7, 9, 1]"
0090118.png,7,"[7, 2, 3]"
0090122.png,7,"[7, 9, 4]"
0090128.png,7,"[7, 3, 5]"
0090135.png,7,"[7, 9, 3]"
0090140.png,7,"[7, 9, 2]"
0090143.png,7,"[7, 9, 2]"
0090147.png,7,"[7, 9, 1]"
0090152.png,7,"[7, 9, 2]"
0090156.png,7,"[7, 9, 3]"
0090159.png,7,"[7, 2, 3]"
0090160.png,7,"[7, 3, 2]"
0090162.png,7,"[7, 3, 5]"
0090163.png,7,"[7, 3, 5]"
0090165.png,7,"[7, 9, 2]"
0090178.png,7,"[7, 1, 9]"
0090180.png,7,"[7, 9, 5]"
0090181.png,7,"[7, 9, 1]"
0090182.png,3,"[3, 7, 2]"
0090201.png,7,"[7, 1, 2]"
0090209.png,7,"[7, 9, 2]"
0090215.png,7,"[7, 2, 9]"
0090220.png,7,"[7, 9, 3]"
0090228.png,7,"[7, 9, 2]"
0090231.png,7,"[7, 2, 9]"
0090234.png,7,"[7, 9, 8]"
0090238.png,7,"[7, 9, 4]"
0090242.png,7,"[7, 9, 5]"
0090257.png,7,"[7, 9, 2]"
0090268.png,7,"[7, 3, 2]"
0090276.png,7,"[7, 4, 5]"
0090280.png,7,"[7, 3, 2]"
0090293.png,7,"[7, 3, 2]"
0090294.png,4,"[4, 7, 5]"
0090296.png,7,"[7, 2, 9]"
0090297.png,7,"[7, 9, 2]"
0090302.png,7,"[7, 9, 4]"
0090304.png,7,"[7, 9, 4]"
0090307.png,7,"[7, 2, 9]"
0090311.png,7,"[7, 9, 4]"
0090319.png,7,"[7, 4, 3]"
0090326.png,7,"[7, 9, 2]"
0090333.png,7,"[7, 9, 4]"
0090334.png,7,"[7, 4, 9]"
0090336.png,7,"[7, 4, 9]"
0090341.png,7,"[7, 4, 9]"
0090346.png,7,"[7, 3, 5]"
0090349.png,7,"[7, 3, 2]"
0090356.png,1,"[1, 7, 2]"
0090358.png,7,"[7, 3, 5]"
0090381.png,8,"[8, 7, 2]"
0090382.png,7,"[7, 9, 1]"
0090383.png,7,"[7, 9, 1]"
0090386.png,7,"[7, 9, 4]"
0090389.png,7,"[7, 4, 9]"
0090390.png,7,"[7, 3, 2]"
0090401.png,7,"[7, 9, 2]"
0090402.png,7,"[7, 8, 9]"
0090426.png,7,"[7, 9, 4]"
0090427.png,7,"[7, 9, 2]"
0090432.png,7,"[7, 9, 2]"
0090438.png,7,"[7, 9, 3]"
0090440.png,7,"[7, 5, 4]"
0090447.png,7,"[7, 9, 1]"
0090449.png,7,"[7, 9, 2]"
0090456.png,7,"[7, 9, 2]"
0090461.png,7,"[7, 9, 1]"
0090462.png,7,"[7, 9, 2]"
0090477.png,7,"[7, 4, 3]"
0090481.png,7,"[7, 9, 3]"
0090483.png,7,"[7, 2, 5]"
0090488.png,7,"[7, 3, 2]"
0090489.png,7,"[7, 2, 3]"
0090493.png,7,"[7, 2, 3]"
0090494.png,7,"[7, 2, 5]"
0090508.png,7,"[7, 1, 9]"
0090509.png,7,"[7, 1, 4]"
0090512.png,7,"[7, 9, 4]"
0090522.png,2,"[2, 5, 7]"
0090525.png,7,"[7, 2, 9]"
0090528.png,7,"[7, 2, 3]"
0090539.png,7,"[7, 9, 2]"
0090540.png,7,"[7, 4, 2]"
0090559.png,7,"[7, 9, 3]"
0090570.png,7,"[7, 9, 4]"
0090575.png,7,"[7, 2, 3]"
0090581.png,7,"[7, 1, 9]"
0090588.png,7,"[7, 9, 2]"
0090591.png,7,"[7, 9, 4]"
0090598.png,7,"[7, 9, 4]"
0090601.png,7,"[7, 9, 2]"
0090612.png,7,"[7, 2, 9]"
0090613.png,7,"[7, 2, 9]"
0090633.png,7,"[7, 1, 4]"
0090638.png,7,"[7, 9, 2]"
0090645.png,7,"[7, 2, 3]"
0090655.png,7,"[7, 1, 2]"
0090658.png,7,"[7, 9, 3]"
0090660.png,7,"[7, 2, 9]"
0090663.png,7,"[7, 2, 8]"
0090664.png,7,"[7, 9, 2]"
0090683.png,7,"[7, 2, 3]"
0090684.png,7,"[7, 3, 9]"
0090685.png,7,"[7, 9, 2]"
0090693.png,7,"[7, 2, 9]"
0090698.png,4,"[4, 7, 1]"
0090699.png,4,"[4, 7, 1]"
0090701.png,7,"[7, 9, 3]"
0090705.png,7,"[7, 9, 3]"
0090718.png,7,"[7, 9, 3]"
0090729.png,7,"[7, 9, 4]"
0090736.png,7,"[7, 3, 5]"
0090738.png,7,"[7, 4, 8]"
0090742.png,7,"[7, 1, 3]"
0090745.png,7,"[7, 9, 4]"
0090752.png,7,"[7, 4, 9]"
0090759.png,7,"[7, 4, 9]"
0090763.png,7,"[7, 9, 2]"
0090769.png,7,"[7, 4, 2]"
0090771.png,7,"[7, 4, 2]"
0090772.png,7,"[7, 4, 2]"
0090776.png,7,"[7, 9, 2]"
0090779.png,7,"[7, 9, 4]"
0090781.png,7,"[7, 4, 9]"
0090791.png,7,"[7, 4, 9]"
0090795.png,7,"[7, 4, 9]"
0090798.png,7,"[7, 9, 2]"
0090804.png,7,"[7, 9, 1]"
0090805.png,7,"[7, 1, 9]"
0090806.png,7,"[7, 9, 8]"
0090809.png,7,"[7, 2, 9]"
0090814.png,7,"[7, 9, 3]"
0090816.png,7,"[7, 9, 3]"
0090832.png,7,"[7, 2, 3]"
0090838.png,7,"[7, 9, 2]"
0090862.png,7,"[7, 3, 2]"
0090867.png,7,"[7, 1, 9]"
0090868.png,7,"[7, 4, 2]"
0090876.png,7,"[7, 9, 4]"
0090881.png,7,"[7, 1, 9]"
0090893.png,7,"[7, 1, 4]"
0090895.png,7,"[7, 3, 2]"
0090897.png,7,"[7, 1, 9]"
0090905.png,7,"[7, 9, 4]"
0090909.png,7,"[7, 9, 2]"
0090912.png,7,"[7, 9, 2]"
0090915.png,7,"[7, 9, 2]"
0090923.png,7,"[7, 9, 3]"
0090931.png,7,"[7, 2, 3]"
0090936.png,7,"[7, 5, 2]"
0090944.png,7,"[7, 9, 2]"
0090957.png,7,"[7, 2, 5]"
0090961.png,7,"[7, 9, 5]"
0090963.png,7,"[7, 2, 3]"
0090973.png,7,"[7, 9, 1]"
0090974.png,7,"[7, 9, 4]"
0090978.png,7,"[7, 2, 9]"
0090983.png,7,"[7, 2, 3]"
0090989.png,7,"[7, 2, 9]"
0090992.png,7,"[7, 4, 2]"
0090999.png,7,"[7, 9, 4]"
0091002.png,7,"[7, 9, 2]"
0091005.png,7,"[7, 9, 4]"
0091013.png,7,"[7, 3, 9]"
0091021.png,7,"[7, 3, 9]"
0091022.png,7,"[7, 4, 1]"
0091024.png,7,"[7, 9, 4]"
0091027.png,7,"[7, 3, 4]"
0091032.png,7,"[7, 8, 9]"
0091038.png,7,"[7, 9, 1]"
0091056.png,7,"[7, 9, 4]"
0091057.png,7,"[7, 9, 2]"
0091063.png,7,"[7, 9, 1]"
0091064.png,7,"[7, 4, 9]"
0091066.png,7,"[7, 9, 2]"
0091067.png,7,"[7, 9, 1]"
0091070.png,7,"[7, 9, 4]"
0091077.png,7,"[7, 4, 9]"
0091086.png,7,"[7, 9, 4]"
0091094.png,7,"[7, 9, 3]"
0091100.png,7,"[7, 4, 9]"
0091105.png,7,"[7, 3, 4]"
0091106.png,7,"[7, 4, 9]"
0091109.png,7,"[7, 4, 1]"
0091112.png,7,"[7, 4, 1]"
0091116.png,7,"[7, 9, 2]"
0091125.png,7,"[7, 9, 3]"
0091138.png,7,"[7, 9, 8]"
0091144.png,7,"[7, 9, 4]"
0091147.png,7,"[7, 9, 4]"
0091151.png,9,"[9, 7, 1]"
0091154.png,7,"[7, 9, 3]"
0091162.png,7,"[7, 9, 2]"
0091163.png,7,"[7, 0, 2]"
0091170.png,7,"[7, 3, 2]"
0091174.png,7,"[7, 9, 5]"
0091176.png,7,"[7, 3, 2]"
0091183.png,7,"[7, 9, 2]"
0091184.png,7,"[7, 9, 5]"
0091185.png,7,"[7, 9, 2]"
0091186.png,7,"[7, 9, 2]"
0091190.png,7,"[7, 5, 3]"
0091192.png,7,"[7, 2, 9]"
0091193.png,7,"[7, 2, 3]"
0091201.png,7,"[7, 3, 2]"
0091205.png,7,"[7, 2, 1]"
0091219.png,7,"[7, 2, 3]"
0091225.png,7,"[7, 4, 8]"
0091228.png,7,"[7, 2, 9]"
0091243.png,4,"[4, 7, 9]"
0091244.png,7,"[7, 9, 2]"
0091245.png,7,"[7, 9, 4]"
0091251.png,7,"[7, 3, 9]"
0091257.png,7,"[7, 1, 4]"
0091261.png,7,"[7, 9, 2]"
0091263.png,7,"[7, 2, 5]"
0091266.png,7,"[7, 4, 9]"
0091272.png,7,"[7, 2, 9]"
0091273.png,2,"[2, 7, 9]"
0091274.png,7,"[7, 9, 4]"
0091278.png,7,"[7, 4, 5]"
0091289.png,7,"[7, 9, 2]"
0091291.png,7,"[7, 9, 2]"
0091293.png,7,"[7, 1, 3]"
0091301.png,7,"[7, 9, 4]"
0091304.png,7,"[7, 2, 9]"
0091308.png,7,"[7, 9, 5]"
0091313.png,7,"[7, 9, 4]"
0091317.png,7,"[7, 9, 4]"
0091322.png,7,"[7, 3, 9]"
0091324.png,1,"[1, 4, 7]"
0091327.png,7,"[7, 9, 2]"
0091330.png,7,"[7, 9, 4]"
0091345.png,7,"[7, 9, 4]"
0091356.png,7,"[7, 3, 2]"
0091361.png,7,"[7, 9, 4]"
0091373.png,7,"[7, 2, 5]"
0091374.png,7,"[7, 2, 4]"
0091376.png,7,"[7, 3, 9]"
0091380.png,7,"[7, 3, 9]"
0091381.png,7,"[7, 3, 9]"
0091388.png,7,"[7, 3, 2]"
0091400.png,7,"[7, 9, 2]"
0091404.png,7,"[7, 3, 2]"
0091416.png,7,"[7, 9, 1]"
0091421.png,7,"[7, 1, 2]"
0091424.png,7,"[7, 9, 2]"
0091434.png,7,"[7, 2, 3]"
0091436.png,7,"[7, 3, 2]"
0091438.png,7,"[7, 9, 3]"
0091440.png,7,"[7, 9, 2]"
0091441.png,7,"[7, 9, 2]"
0091445.png,7,"[7, 9, 4]"
0091446.png,7,"[7, 2, 3]"
0091465.png,7,"[7, 9, 4]"
0091473.png,7,"[7, 9, 2]"
0091484.png,7,"[7, 9, 2]"
0091487.png,7,"[7, 9, 2]"
0091491.png,7,"[7, 1, 9]"
0091513.png,7,"[7, 9, 2]"
0091518.png,7,"[7, 2, 9]"
0091526.png,7,"[7, 2, 9]"
0091527.png,7,"[7, 9, 2]"
0091530.png,7,"[7, 2, 9]"
0091533.png,7,"[7, 9, 2]"
0091540.png,7,"[7, 9, 2]"
0091559.png,7,"[7, 2, 3]"
0091561.png,7,"[7, 2, 3]"
0091574.png,7,"[7, 4, 2]"
0091575.png,7,"[7, 4, 3]"
0091582.png,7,"[7, 3, 9]"
0091584.png,7,"[7, 9, 2]"
0091587.png,7,"[7, 3, 5]"
0091605.png,7,"[7, 2, 3]"
0091606.png,7,"[7, 4, 2]"
0091607.png,7,"[7, 4, 2]"
0091608.png,7,"[7, 3, 9]"
0091609.png,7,"[7, 2, 3]"
0091612.png,7,"[7, 9, 2]"
0091617.png,7,"[7, 2, 9]"
0091623.png,7,"[7, 2, 9]"
0091624.png,7,"[7, 3, 9]"
0091628.png,7,"[7, 3, 2]"
0091637.png,7,"[7, 1, 4]"
0091649.png,7,"[7, 9, 2]"
0091650.png,7,"[7, 2, 9]"
0091652.png,7,"[7, 9, 3]"
0091655.png,7,"[7, 9, 4]"
0091656.png,7,"[7, 2, 9]"
0091663.png,7,"[7, 9, 4]"
0091664.png,7,"[7, 3, 5]"
0091665.png,7,"[7, 2, 3]"
0091669.png,7,"[7, 9, 4]"
0091671.png,7,"[7, 4, 9]"
0091680.png,7,"[7, 3, 5]"
0091681.png,7,"[7, 5, 9]"
0091691.png,7,"[7, 4, 8]"
0091696.png,7,"[7, 9, 8]"
0091697.png,7,"[7, 9, 2]"
0091699.png,7,"[7, 9, 2]"
0091707.png,7,"[7, 1, 2]"
0091716.png,7,"[7, 3, 9]"
0091718.png,7,"[7, 4, 9]"
0091732.png,7,"[7, 9, 5]"
0091737.png,7,"[7, 4, 2]"
0091749.png,7,"[7, 4, 9]"
0091752.png,7,"[7, 2, 9]"
0091753.png,7,"[7, 9, 2]"
0091758.png,4,"[4, 7, 9]"
0091760.png,7,"[7, 4, 9]"
0091761.png,7,"[7, 9, 4]"
0091771.png,7,"[7, 3, 9]"
0091774.png,7,"[7, 3, 5]"
0091777.png,7,"[7, 9, 2]"
0091793.png,7,"[7, 3, 2]"
0091794.png,7,"[7, 4, 9]"
0091795.png,7,"[7, 4, 9]"
0091798.png,7,"[7, 9, 2]"
0091800.png,7,"[7, 3, 2]"
0091815.png,7,"[7, 9, 3]"
0091816.png,7,"[7, 9, 2]"
0091820.png,7,"[7, 3, 9]"
0091823.png,7,"[7, 3, 9]"
0091830.png,7,"[7, 3, 2]"
0091836.png,7,"[7, 5, 4]"
0091841.png,7,"[7, 4, 5]"
0091845.png,7,"[7, 4, 9]"
0091857.png,7,"[7, 9, 2]"
0091860.png,7,"[7, 3, 5]"
0091868.png,7,"[7, 9, 1]"
0091882.png,7,"[7, 2, 9]"
0091889.png,7,"[7, 9, 2]"
0091890.png,7,"[7, 4, 9]"
0091893.png,7,"[7, 4, 9]"
0091894.png,7,"[7, 4, 9]"
0091899.png,7,"[7, 9, 2]"
0091907.png,4,"[4, 7, 9]"
0091908.png,7,"[7, 4, 9]"
0091910.png,7,"[7, 9, 2]"
0091911.png,7,"[7, 9, 2]"
0091917.png,7,"[7, 4, 9]"
0091918.png,7,"[7, 8, 2]"
0091941.png,7,"[7, 9, 1]"
0091955.png,7,"[7, 2, 9]"
0091966.png,7,"[7, 5, 1]"
0091972.png,7,"[7, 4, 8]"
0091984.png,7,"[7, 3, 5]"
0091988.png,7,"[7, 9, 4]"
0091994.png,7,"[7, 5, 3]"
0091997.png,7,"[7, 9, 3]"
0092013.png,7,"[7, 9, 2]"
0092018.png,7,"[7, 4, 9]"
0092025.png,7,"[7, 2, 9]"
0092035.png,7,"[7, 2, 3]"
0092038.png,4,"[4, 7, 9]"
0092043.png,7,"[7, 9, 4]"
0092054.png,7,"[7, 4, 9]"
0092055.png,4,"[4, 7, 9]"
0092062.png,7,"[7, 9, 1]"
0092063.png,7,"[7, 1, 4]"
0092067.png,4,"[4, 7, 5]"
0092084.png,7,"[7, 4, 9]"
0092091.png,7,"[7, 4, 2]"
0092095.png,7,"[7, 4, 2]"
0092096.png,7,"[7, 9, 5]"
0092107.png,7,"[7, 2, 9]"
0092111.png,4,"[4, 7, 2]"
0092113.png,7,"[7, 4, 5]"
0092114.png,7,"[7, 9, 2]"
0092119.png,7,"[7, 3, 9]"
0092122.png,7,"[7, 4, 9]"
0092124.png,7,"[7, 9, 3]"
0092129.png,7,"[7, 9, 1]"
0092131.png,7,"[7, 2, 3]"
0092133.png,7,"[7, 9, 2]"
0092138.png,7,"[7, 9, 1]"
0092140.png,7,"[7, 3, 9]"
0092141.png,7,"[7, 2, 9]"
0092154.png,7,"[7, 9, 2]"
0092155.png,7,"[7, 9, 2]"
0092164.png,7,"[7, 4, 1]"
0092182.png,4,"[4, 7, 2]"
0092185.png,7,"[7, 9, 4]"
0092192.png,7,"[7, 3, 9]"
0092201.png,7,"[7, 1, 9]"
0092204.png,7,"[7, 2, 3]"
0092206.png,7,"[7, 9, 2]"
0092207.png,7,"[7, 9, 1]"
0092216.png,7,"[7, 9, 2]"
0092224.png,7,"[7, 0, 4]"
0092230.png,7,"[7, 9, 4]"
0092235.png,7,"[7, 4, 9]"
0092239.png,7,"[7, 9, 3]"
0092244.png,7,"[7, 3, 9]"
0092246.png,7,"[7, 4, 9]"
0092252.png,7,"[7, 9, 1]"
0092259.png,7,"[7, 2, 3]"
0092260.png,7,"[7, 9, 3]"
0092267.png,7,"[7, 8, 4]"
0092281.png,7,"[7, 9, 3]"
0092294.png,7,"[7, 4, 3]"
0092298.png,7,"[7, 9, 4]"
0092299.png,7,"[7, 4, 9]"
0092303.png,7,"[7, 4, 8]"
0092316.png,7,"[7, 9, 2]"
0092318.png,7,"[7, 9, 3]"
0092319.png,7,"[7, 9, 2]"
0092326.png,7,"[7, 9, 2]"
0092335.png,7,"[7, 4, 9]"
0092337.png,7,"[7, 2, 9]"
0092340.png,7,"[7, 9, 4]"
0092343.png,7,"[7, 9, 4]"
0092354.png,7,"[7, 9, 1]"
0092360.png,7,"[7, 9, 3]"
0092362.png,7,"[7, 9, 8]"
0092368.png,7,"[7, 9, 2]"
0092372.png,7,"[7, 9, 2]"
0092373.png,9,"[9, 7, 2]"
0092386.png,7,"[7, 9, 2]"
0092393.png,7,"[7, 9, 4]"
0092400.png,7,"[7, 3, 2]"
0092421.png,7,"[7, 2, 9]"
0092426.png,7,"[7, 9, 2]"
0092431.png,7,"[7, 3, 9]"
0092435.png,7,"[7, 9, 2]"
0092441.png,7,"[7, 4, 2]"
0092443.png,7,"[7, 2, 3]"
0092451.png,7,"[7, 9, 2]"
0092452.png,7,"[7, 9, 8]"
0092468.png,7,"[7, 9, 2]"
0092469.png,7,"[7, 9, 4]"
0092474.png,7,"[7, 9, 3]"
0092480.png,7,"[7, 9, 3]"
0092482.png,7,"[7, 9, 3]"
0092489.png,7,"[7, 3, 8]"
0092500.png,7,"[7, 2, 3]"
0092517.png,8,"[8, 0, 7]"
0092528.png,7,"[7, 9, 1]"
0092529.png,7,"[7, 9, 4]"
0092533.png,7,"[7, 4, 9]"
0092534.png,7,"[7, 9, 4]"
0092537.png,7,"[7, 2, 9]"
0092544.png,7,"[7, 9, 1]"
0092547.png,7,"[7, 4, 2]"
0092550.png,7,"[7, 3, 9]"
0092553.png,7,"[7, 4, 2]"
0092554.png,7,"[7, 2, 9]"
0092561.png,7,"[7, 9, 1]"
0092564.png,7,"[7, 9, 3]"
0092574.png,7,"[7, 9, 2]"
0092577.png,7,"[7, 9, 2]"
0092579.png,7,"[7, 3, 9]"
0092580.png,7,"[7, 2, 3]"
0092585.png,7,"[7, 9, 4]"
0092586.png,7,"[7, 5, 3]"
0092587.png,7,"[7, 9, 2]"
0092595.png,7,"[7, 9, 2]"
0092598.png,7,"[7, 4, 6]"
0092599.png,7,"[7, 5, 9]"
0092601.png,7,"[7, 2, 9]"
0092603.png,7,"[7, 4, 9]"
0092610.png,7,"[7, 9, 4]"
0092612.png,7,"[7, 9, 4]"
0092613.png,7,"[7, 1, 9]"
0092615.png,7,"[7, 4, 9]"
0092619.png,7,"[7, 3, 9]"
0092628.png,7,"[7, 2, 4]"
0092633.png,7,"[7, 9, 2]"
0092638.png,7,"[7, 4, 1]"
0092644.png,7,"[7, 2, 9]"
0092646.png,7,"[7, 1, 6]"
0092650.png,7,"[7, 4, 2]"
0092670.png,7,"[7, 9, 4]"
0092671.png,7,"[7, 9, 4]"
0092672.png,7,"[7, 4, 9]"
0092688.png,7,"[7, 2, 9]"
0092701.png,7,"[7, 9, 0]"
0092706.png,7,"[7, 9, 4]"
0092713.png,7,"[7, 9, 4]"
0092719.png,7,"[7, 0, 9]"
0092723.png,7,"[7, 2, 4]"
0092726.png,7,"[7, 3, 9]"
0092731.png,7,"[7, 9, 4]"
0092732.png,7,"[7, 9, 3]"
0092746.png,7,"[7, 4, 9]"
0092756.png,7,"[7, 4, 9]"
0092761.png,7,"[7, 2, 3]"
0092763.png,7,"[7, 9, 1]"
0092765.png,7,"[7, 9, 2]"
0092766.png,7,"[7, 4, 5]"
0092769.png,7,"[7, 9, 2]"
0092770.png,7,"[7, 3, 2]"
0092773.png,7,"[7, 2, 3]"
0092778.png,7,"[7, 4, 9]"
0092779.png,7,"[7, 9, 4]"
0092783.png,7,"[7, 9, 3]"
0092788.png,7,"[7, 1, 9]"
0092790.png,7,"[7, 9, 3]"
0092794.png,7,"[7, 2, 3]"
0092796.png,7,"[7, 9, 2]"
0092800.png,7,"[7, 2, 9]"
0092812.png,7,"[7, 2, 9]"
0092818.png,7,"[7, 5, 3]"
0092820.png,7,"[7, 9, 8]"
0092821.png,7,"[7, 4, 2]"
0092822.png,7,"[7, 9, 2]"
0092825.png,7,"[7, 2, 3]"
0092836.png,7,"[7, 2, 9]"
0092839.png,7,"[7, 4, 9]"
0092842.png,7,"[7, 1, 9]"
0092853.png,7,"[7, 5, 1]"
0092855.png,7,"[7, 9, 4]"
0092858.png,7,"[7, 2, 3]"
0092864.png,7,"[7, 5, 9]"
0092871.png,7,"[7, 2, 9]"
0092875.png,7,"[7, 2, 3]"
0092877.png,7,"[7, 9, 4]"
0092884.png,7,"[7, 4, 9]"
0092885.png,7,"[7, 9, 5]"
0092891.png,7,"[7, 9, 4]"
0092894.png,7,"[7, 3, 2]"
0092897.png,7,"[7, 9, 2]"
0092898.png,7,"[7, 9, 8]"
0092911.png,7,"[7, 9, 4]"
0092928.png,7,"[7, 9, 2]"
0092937.png,7,"[7, 9, 1]"
0092942.png,7,"[7, 3, 5]"
0092950.png,7,"[7, 3, 2]"
0092953.png,7,"[7, 9, 4]"
0092960.png,7,"[7, 9, 3]"
0092962.png,7,"[7, 1, 9]"
0092965.png,4,"[4, 7, 3]"
0092967.png,7,"[7, 9, 2]"
0092971.png,7,"[7, 9, 3]"
0092972.png,7,"[7, 4, 9]"
0092974.png,7,"[7, 5, 4]"
0092977.png,7,"[7, 2, 3]"
0092980.png,7,"[7, 2, 9]"
0092982.png,7,"[7, 2, 3]"
0092991.png,7,"[7, 9, 5]"
0093000.png,7,"[7, 8, 9]"
0093004.png,7,"[7, 5, 1]"
0093005.png,7,"[7, 2, 5]"
0093014.png,7,"[7, 4, 9]"
0093018.png,7,"[7, 9, 2]"
0093019.png,7,"[7, 9, 2]"
0093026.png,7,"[7, 9, 4]"
0093031.png,7,"[7, 9, 1]"
0093037.png,7,"[7, 2, 3]"
0093047.png,7,"[7, 3, 2]"
0093048.png,4,"[4, 7, 9]"
0093049.png,9,"[9, 4, 7]"
0093051.png,4,"[4, 7, 8]"
0093064.png,7,"[7, 9, 4]"
0093067.png,7,"[7, 2, 3]"
0093070.png,7,"[7, 2, 9]"
0093077.png,7,"[7, 2, 5]"
0093081.png,7,"[7, 4, 5]"
0093083.png,7,"[7, 4, 8]"
0093085.png,7,"[7, 2, 3]"
0093101.png,7,"[7, 4, 2]"
0093102.png,7,"[7, 4, 9]"
0093103.png,7,"[7, 9, 4]"
0093107.png,7,"[7, 4, 5]"
0093108.png,4,"[4, 9, 7]"
0093116.png,7,"[7, 9, 2]"
0093118.png,7,"[7, 9, 8]"
0093119.png,7,"[7, 2, 9]"
0093126.png,7,"[7, 9, 2]"
0093130.png,7,"[7, 9, 1]"
0093134.png,7,"[7, 3, 9]"
0093138.png,7,"[7, 9, 2]"
0093153.png,7,"[7, 1, 4]"
0093157.png,7,"[7, 1, 3]"
0093161.png,7,"[7, 9, 2]"
0093171.png,7,"[7, 9, 2]"
0093177.png,7,"[7, 2, 9]"
0093180.png,7,"[7, 9, 4]"
0093183.png,7,"[7, 8, 2]"
0093186.png,7,"[7, 9, 2]"
0093193.png,7,"[7, 9, 2]"
0093197.png,7,"[7, 9, 8]"
0093206.png,7,"[7, 9, 3]"
0093224.png,7,"[7, 9, 2]"
0093229.png,7,"[7, 4, 8]"
0093231.png,7,"[7, 5, 4]"
0093243.png,7,"[7, 4, 9]"
0093244.png,7,"[7, 2, 9]"
0093251.png,7,"[7, 9, 3]"
0093252.png,7,"[7, 1, 3]"
0093260.png,7,"[7, 2, 9]"
0093265.png,7,"[7, 2, 3]"
0093266.png,7,"[7, 9, 4]"
0093278.png,7,"[7, 4, 9]"
0093284.png,7,"[7, 9, 2]"
0093288.png,7,"[7, 9, 2]"
0093290.png,7,"[7, 9, 2]"
0093295.png,7,"[7, 9, 1]"
0093296.png,7,"[7, 2, 9]"
0093302.png,7,"[7, 1, 2]"
0093305.png,7,"[7, 9, 6]"
0093322.png,7,"[7, 9, 4]"
0093324.png,7,"[7, 9, 4]"
0093328.png,7,"[7, 4, 9]"
0093330.png,7,"[7, 3, 2]"
0093334.png,7,"[7, 9, 3]"
0093335.png,7,"[7, 9, 2]"
0093337.png,7,"[7, 9, 2]"
0093340.png,7,"[7, 9, 4]"
0093342.png,7,"[7, 4, 9]"
0093344.png,7,"[7, 9, 2]"
0093347.png,7,"[7, 9, 2]"
0093349.png,7,"[7, 2, 3]"
0093360.png,7,"[7, 9, 4]"
0093363.png,7,"[7, 9, 2]"
0093366.png,7,"[7, 9, 3]"
0093369.png,7,"[7, 4, 9]"
0093371.png,7,"[7, 1, 2]"
0093379.png,7,"[7, 4, 9]"
0093380.png,7,"[7, 3, 2]"
0093384.png,7,"[7, 9, 4]"
0093394.png,7,"[7, 5, 3]"
0093396.png,7,"[7, 1, 5]"
0093410.png,7,"[7, 9, 3]"
0093412.png,7,"[7, 9, 4]"
0093413.png,7,"[7, 2, 9]"
0093428.png,7,"[7, 3, 2]"
0093436.png,7,"[7, 3, 1]"
0093437.png,7,"[7, 4, 1]"
0093451.png,7,"[7, 1, 9]"
0093454.png,7,"[7, 3, 9]"
0093457.png,7,"[7, 2, 3]"
0093460.png,7,"[7, 9, 1]"
0093462.png,7,"[7, 3, 9]"
0093463.png,7,"[7, 9, 3]"
0093464.png,7,"[7, 9, 3]"
0093468.png,7,"[7, 9, 4]"
0093471.png,7,"[7, 9, 4]"
0093476.png,7,"[7, 3, 9]"
0093489.png,7,"[7, 9, 1]"
0093492.png,7,"[7, 9, 2]"
0093494.png,7,"[7, 9, 2]"
0093495.png,7,"[7, 2, 9]"
0093502.png,7,"[7, 4, 9]"
0093506.png,7,"[7, 9, 2]"
0093519.png,7,"[7, 9, 2]"
0093525.png,7,"[7, 2, 5]"
0093531.png,7,"[7, 9, 2]"
0093534.png,7,"[7, 9, 2]"
0093537.png,7,"[7, 1, 4]"
0093539.png,7,"[7, 9, 2]"
0093540.png,2,"[2, 7, 4]"
0093543.png,7,"[7, 9, 4]"
0093546.png,7,"[7, 3, 9]"
0093558.png,7,"[7, 9, 5]"
0093559.png,7,"[7, 9, 5]"
0093566.png,7,"[7, 2, 9]"
0093568.png,7,"[7, 9, 2]"
0093570.png,7,"[7, 9, 4]"
0093578.png,7,"[7, 9, 1]"
0093591.png,7,"[7, 2, 9]"
0093592.png,7,"[7, 9, 4]"
0093593.png,7,"[7, 9, 1]"
0093594.png,7,"[7, 2, 9]"
0093597.png,7,"[7, 9, 2]"
0093599.png,7,"[7, 2, 9]"
0093609.png,7,"[7, 4, 2]"
0093611.png,7,"[7, 3, 2]"
0093622.png,7,"[7, 9, 2]"
0093632.png,7,"[7, 2, 3]"
0093636.png,1,"[1, 7, 5]"
0093637.png,7,"[7, 3, 9]"
0093639.png,7,"[7, 4, 1]"
0093640.png,7,"[7, 9, 4]"
0093644.png,7,"[7, 9, 2]"
0093647.png,7,"[7, 2, 3]"
0093650.png,7,"[7, 1, 3]"
0093652.png,7,"[7, 4, 9]"
0093662.png,7,"[7, 1, 9]"
0093666.png,7,"[7, 9, 2]"
0093675.png,7,"[7, 1, 4]"
0093676.png,7,"[7, 9, 1]"
0093681.png,7,"[7, 1, 4]"
0093683.png,7,"[7, 2, 9]"
0093688.png,7,"[7, 3, 9]"
0093697.png,7,"[7, 9, 1]"
0093699.png,7,"[7, 9, 4]"
0093700.png,7,"[7, 9, 4]"
0093702.png,7,"[7, 9, 4]"
0093707.png,7,"[7, 4, 9]"
0093715.png,7,"[7, 9, 5]"
0093718.png,7,"[7, 9, 5]"
0093723.png,7,"[7, 9, 2]"
0093725.png,7,"[7, 2, 9]"
0093727.png,7,"[7, 9, 2]"
0093733.png,7,"[7, 4, 9]"
0093737.png,7,"[7, 9, 2]"
0093741.png,7,"[7, 9, 4]"
0093746.png,7,"[7, 3, 2]"
0093752.png,7,"[7, 9, 2]"
0093753.png,7,"[7, 3, 1]"
0093758.png,7,"[7, 4, 8]"
0093761.png,9,"[9, 7, 2]"
0093763.png,7,"[7, 2, 9]"
0093767.png,7,"[7, 9, 5]"
0093771.png,7,"[7, 9, 4]"
0093782.png,9,"[9, 7, 5]"
0093783.png,7,"[7, 9, 5]"
0093789.png,7,"[7, 9, 2]"
0093792.png,7,"[7, 4, 9]"
0093800.png,7,"[7, 2, 9]"
0093802.png,7,"[7, 3, 2]"
0093809.png,7,"[7, 9, 2]"
0093820.png,7,"[7, 2, 3]"
0093837.png,7,"[7, 2, 3]"
0093843.png,7,"[7, 3, 2]"
0093844.png,7,"[7, 3, 1]"
0093849.png,7,"[7, 4, 5]"
0093850.png,2,"[2, 7, 3]"
0093854.png,7,"[7, 4, 9]"
0093864.png,7,"[7, 5, 3]"
0093872.png,7,"[7, 9, 4]"
0093876.png,7,"[7, 4, 9]"
0093877.png,7,"[7, 1, 9]"
0093880.png,7,"[7, 9, 5]"
0093881.png,7,"[7, 9, 5]"
0093886.png,7,"[7, 3, 2]"
0093887.png,7,"[7, 2, 3]"
0093891.png,7,"[7, 9, 4]"
0093895.png,7,"[7, 4, 9]"
0093896.png,7,"[7, 4, 5]"
0093900.png,7,"[7, 9, 4]"
0093903.png,7,"[7, 4, 9]"
0093917.png,7,"[7, 5, 9]"
0093918.png,7,"[7, 3, 1]"
0093920.png,7,"[7, 9, 4]"
0093923.png,7,"[7, 9, 2]"
0093924.png,4,"[4, 7, 9]"
0093929.png,7,"[7, 9, 4]"
0093934.png,7,"[7, 2, 3]"
0093939.png,7,"[7, 2, 3]"
0093945.png,7,"[7, 2, 9]"
0093950.png,7,"[7, 9, 2]"
0093956.png,7,"[7, 9, 3]"
0093964.png,7,"[7, 9, 1]"
0093970.png,7,"[7, 9, 1]"
0093973.png,7,"[7, 3, 5]"
0093974.png,4,"[4, 7, 5]"
0093976.png,7,"[7, 9, 2]"
0093981.png,7,"[7, 2, 3]"
0093985.png,2,"[2, 3, 7]"
0093988.png,7,"[7, 9, 4]"
0093999.png,7,"[7, 2, 3]"
0094000.png,7,"[7, 9, 3]"
0094003.png,7,"[7, 9, 2]"
0094005.png,7,"[7, 9, 2]"
0094012.png,7,"[7, 9, 4]"
0094018.png,7,"[7, 9, 5]"
0094019.png,7,"[7, 9, 2]"
0094030.png,7,"[7, 9, 2]"
0094032.png,7,"[7, 9, 2]"
0094036.png,7,"[7, 4, 9]"
0094040.png,7,"[7, 9, 2]"
0094044.png,7,"[7, 4, 5]"
0094045.png,4,"[4, 7, 9]"
0094046.png,7,"[7, 9, 4]"
0094048.png,7,"[7, 3, 9]"
0094055.png,7,"[7, 9, 4]"
0094059.png,7,"[7, 9, 1]"
0094065.png,7,"[7, 5, 3]"
0094066.png,7,"[7, 9, 2]"
0094068.png,7,"[7, 9, 4]"
0094070.png,4,"[4, 8, 7]"
0094085.png,7,"[7, 9, 4]"
0094087.png,7,"[7, 9, 4]"
0094100.png,7,"[7, 3, 5]"
0094108.png,7,"[7, 9, 2]"
0094110.png,7,"[7, 1, 4]"
0094119.png,7,"[7, 4, 9]"
0094121.png,7,"[7, 9, 3]"
0094127.png,7,"[7, 3, 2]"
0094132.png,7,"[7, 9, 2]"
0094133.png,7,"[7, 9, 2]"
0094135.png,7,"[7, 1, 3]"
0094140.png,7,"[7, 9, 4]"
0094142.png,7,"[7, 9, 2]"
0094143.png,7,"[7, 9, 1]"
0094145.png,7,"[7, 9, 2]"
0094156.png,7,"[7, 5, 4]"
0094173.png,7,"[7, 9, 5]"
0094179.png,7,"[7, 1, 9]"
0094195.png,7,"[7, 4, 5]"
0094196.png,1,"[1, 4, 7]"
0094198.png,7,"[7, 4, 9]"
0094200.png,7,"[7, 9, 4]"
0094202.png,7,"[7, 9, 1]"
0094204.png,7,"[7, 4, 9]"
0094206.png,7,"[7, 2, 3]"
0094207.png,7,"[7, 2, 3]"
0094211.png,7,"[7, 9, 4]"
0094220.png,7,"[7, 3, 9]"
0094234.png,7,"[7, 9, 4]"
0094238.png,7,"[7, 9, 4]"
0094241.png,7,"[7, 4, 9]"
0094245.png,7,"[7, 4, 9]"
0094259.png,7,"[7, 9, 4]"
0094262.png,7,"[7, 5, 9]"
0094274.png,7,"[7, 9, 1]"
0094285.png,7,"[7, 4, 1]"
0094289.png,7,"[7, 9, 2]"
0094298.png,7,"[7, 1, 2]"
0094299.png,7,"[7, 1, 9]"
0094301.png,7,"[7, 4, 9]"
0094303.png,7,"[7, 4, 9]"
0094306.png,7,"[7, 4, 9]"
0094311.png,7,"[7, 9, 4]"
0094312.png,7,"[7, 2, 9]"
0094317.png,7,"[7, 2, 9]"
0094320.png,7,"[7, 4, 1]"
0094324.png,7,"[7, 2, 5]"
0094328.png,7,"[7, 9, 2]"
0094329.png,7,"[7, 9, 2]"
0094342.png,7,"[7, 3, 8]"
0094345.png,7,"[7, 1, 9]"
0094348.png,7,"[7, 5, 4]"
0094349.png,7,"[7, 9, 5]"
0094355.png,7,"[7, 2, 9]"
0094356.png,7,"[7, 9, 2]"
0094372.png,7,"[7, 9, 3]"
0094374.png,7,"[7, 2, 9]"
0094380.png,7,"[7, 9, 2]"
0094381.png,7,"[7, 9, 2]"
0094383.png,7,"[7, 1, 3]"
0094386.png,7,"[7, 9, 4]"
0094387.png,7,"[7, 9, 1]"
0094389.png,7,"[7, 4, 9]"
0094391.png,7,"[7, 4, 9]"
0094394.png,7,"[7, 2, 9]"
0094396.png,7,"[7, 3, 9]"
0094397.png,7,"[7, 9, 1]"
0094398.png,7,"[7, 9, 5]"
0094403.png,7,"[7, 4, 3]"
0094407.png,7,"[7, 9, 2]"
0094414.png,7,"[7, 4, 9]"
0094417.png,7,"[7, 2, 4]"
0094428.png,7,"[7, 9, 3]"
0094429.png,7,"[7, 2, 9]"
0094432.png,7,"[7, 2, 9]"
0094436.png,7,"[7, 3, 9]"
0094439.png,7,"[7, 2, 9]"
0094448.png,7,"[7, 3, 2]"
0094449.png,7,"[7, 2, 9]"
0094463.png,7,"[7, 2, 3]"
0094464.png,7,"[7, 4, 9]"
0094468.png,7,"[7, 4, 9]"
0094470.png,7,"[7, 3, 9]"
0094477.png,7,"[7, 9, 1]"
0094480.png,7,"[7, 9, 3]"
0094481.png,7,"[7, 3, 2]"
0094497.png,7,"[7, 9, 2]"
0094499.png,8,"[8, 4, 7]"
0094506.png,7,"[7, 3, 9]"
0094507.png,7,"[7, 4, 1]"
0094517.png,7,"[7, 2, 9]"
0094523.png,7,"[7, 9, 4]"
0094527.png,7,"[7, 3, 2]"
0094536.png,7,"[7, 2, 5]"
0094549.png,7,"[7, 4, 9]"
0094550.png,7,"[7, 4, 9]"
0094558.png,7,"[7, 9, 4]"
0094562.png,7,"[7, 9, 2]"
0094569.png,7,"[7, 2, 9]"
0094570.png,7,"[7, 4, 3]"
0094578.png,7,"[7, 9, 5]"
0094580.png,7,"[7, 9, 4]"
0094583.png,7,"[7, 2, 4]"
0094585.png,7,"[7, 9, 4]"
0094588.png,7,"[7, 5, 2]"
0094590.png,7,"[7, 9, 3]"
0094596.png,7,"[7, 3, 9]"
0094599.png,7,"[7, 5, 9]"
0094602.png,7,"[7, 9, 2]"
0094603.png,7,"[7, 9, 2]"
0094606.png,7,"[7, 2, 9]"
0094607.png,2,"[2, 7, 9]"
0094613.png,7,"[7, 1, 4]"
0094614.png,4,"[4, 7, 8]"
0094617.png,7,"[7, 9, 2]"
0094618.png,7,"[7, 3, 2]"
0094628.png,7,"[7, 9, 2]"
0094634.png,7,"[7, 2, 9]"
0094637.png,7,"[7, 3, 2]"
0094640.png,7,"[7, 3, 9]"
0094641.png,7,"[7, 9, 3]"
0094643.png,7,"[7, 9, 4]"
0094649.png,7,"[7, 9, 4]"
0094651.png,7,"[7, 4, 9]"
0094653.png,7,"[7, 9, 2]"
0094661.png,7,"[7, 9, 1]"
0094670.png,7,"[7, 2, 9]"
0094687.png,7,"[7, 1, 4]"
0094689.png,7,"[7, 9, 2]"
0094690.png,7,"[7, 2, 4]"
0094692.png,7,"[7, 9, 4]"
0094711.png,7,"[7, 9, 2]"
0094712.png,7,"[7, 4, 8]"
0094716.png,7,"[7, 4, 9]"
0094729.png,7,"[7, 9, 1]"
0094730.png,7,"[7, 1, 2]"
0094732.png,7,"[7, 4, 9]"
0094737.png,7,"[7, 9, 1]"
0094741.png,7,"[7, 4, 8]"
0094750.png,7,"[7, 5, 3]"
0094759.png,7,"[7, 1, 2]"
0094766.png,7,"[7, 9, 1]"
0094774.png,7,"[7, 4, 9]"
0094776.png,7,"[7, 9, 5]"
0094777.png,7,"[7, 9, 2]"
0094785.png,7,"[7, 2, 3]"
0094794.png,7,"[7, 9, 2]"
0094799.png,7,"[7, 9, 2]"
0094800.png,7,"[7, 9, 3]"
0094802.png,7,"[7, 9, 4]"
0094803.png,7,"[7, 9, 4]"
0094824.png,7,"[7, 4, 9]"
0094831.png,7,"[7, 9, 4]"
0094832.png,7,"[7, 9, 5]"
0094840.png,7,"[7, 4, 9]"
0094842.png,7,"[7, 9, 4]"
0094846.png,7,"[7, 3, 2]"
0094851.png,7,"[7, 4, 9]"
0094855.png,7,"[7, 4, 9]"
0094858.png,7,"[7, 1, 9]"
0094862.png,7,"[7, 1, 0]"
0094864.png,4,"[4, 8, 7]"
0094867.png,7,"[7, 0, 2]"
0094873.png,7,"[7, 9, 5]"
0094877.png,7,"[7, 2, 9]"
0094881.png,7,"[7, 9, 1]"
0094884.png,7,"[7, 2, 9]"
0094888.png,0,"[0, 7, 2]"
0094897.png,7,"[7, 9, 1]"
0094898.png,7,"[7, 9, 4]"
0094908.png,7,"[7, 9, 2]"
0094919.png,7,"[7, 2, 3]"
0094921.png,7,"[7, 2, 3]"
0094922.png,4,"[4, 7, 8]"
0094923.png,7,"[7, 4, 8]"
0094928.png,7,"[7, 9, 5]"
0094930.png,7,"[7, 2, 9]"
0094932.png,5,"[5, 0, 2]"
0094934.png,7,"[7, 9, 2]"
0094938.png,7,"[7, 9, 2]"
0094944.png,7,"[7, 9, 1]"
0094949.png,7,"[7, 2, 3]"
0094952.png,7,"[7, 3, 9]"
0094953.png,7,"[7, 3, 2]"
0094955.png,7,"[7, 1, 9]"
0094956.png,7,"[7, 9, 4]"
0094957.png,7,"[7, 1, 9]"
0094958.png,7,"[7, 3, 2]"
0094967.png,7,"[7, 1, 4]"
0094978.png,7,"[7, 1, 4]"
0094979.png,7,"[7, 3, 4]"
0094994.png,7,"[7, 2, 9]"
0094997.png,7,"[7, 4, 9]"
0094998.png,7,"[7, 9, 2]"
0095005.png,7,"[7, 9, 2]"
0095021.png,7,"[7, 9, 4]"
0095025.png,7,"[7, 9, 1]"
0095031.png,7,"[7, 3, 9]"
0095033.png,7,"[7, 9, 2]"
0095042.png,7,"[7, 9, 1]"
0095047.png,7,"[7, 3, 2]"
0095051.png,7,"[7, 2, 1]"
0095055.png,7,"[7, 4, 9]"
0095056.png,7,"[7, 9, 2]"
0095057.png,7,"[7, 9, 2]"
0095063.png,7,"[7, 2, 3]"
0095070.png,7,"[7, 5, 4]"
0095087.png,7,"[7, 2, 3]"
0095092.png,7,"[7, 2, 4]"
0095098.png,7,"[7, 9, 2]"
0095101.png,7,"[7, 1, 3]"
0095105.png,7,"[7, 2, 1]"
0095107.png,7,"[7, 1, 5]"
0095111.png,7,"[7, 2, 3]"
0095114.png,7,"[7, 4, 9]"
0095119.png,7,"[7, 9, 2]"
0095124.png,7,"[7, 9, 4]"
0095126.png,7,"[7, 9, 5]"
0095127.png,7,"[7, 4, 9]"
0095130.png,7,"[7, 4, 9]"
0095141.png,7,"[7, 9, 4]"
0095150.png,7,"[7, 9, 4]"
0095153.png,7,"[7, 9, 1]"
0095158.png,7,"[7, 9, 4]"
0095162.png,7,"[7, 2, 5]"
0095164.png,7,"[7, 4, 9]"
0095169.png,7,"[7, 9, 2]"
0095171.png,7,"[7, 3, 9]"
0095172.png,7,"[7, 9, 3]"
0095173.png,7,"[7, 9, 2]"
0095179.png,9,"[9, 7, 1]"
0095184.png,7,"[7, 9, 2]"
0095198.png,7,"[7, 9, 3]"
0095203.png,7,"[7, 9, 1]"
0095204.png,7,"[7, 5, 2]"
0095208.png,7,"[7, 9, 4]"
0095211.png,7,"[7, 9, 2]"
0095217.png,7,"[7, 9, 2]"
0095219.png,7,"[7, 4, 1]"
0095229.png,7,"[7, 9, 1]"
0095230.png,7,"[7, 4, 9]"
0095232.png,7,"[7, 9, 2]"
0095233.png,7,"[7, 9, 1]"
0095239.png,7,"[7, 3, 9]"
0095244.png,7,"[7, 9, 3]"
0095245.png,7,"[7, 9, 3]"
0095246.png,7,"[7, 9, 2]"
0095252.png,7,"[7, 2, 3]"
0095260.png,7,"[7, 4, 2]"
0095263.png,7,"[7, 9, 4]"
0095264.png,7,"[7, 9, 2]"
0095268.png,7,"[7, 9, 5]"
0095269.png,7,"[7, 9, 2]"
0095280.png,4,"[4, 7, 1]"
0095282.png,7,"[7, 2, 9]"
0095286.png,7,"[7, 9, 2]"
0095293.png,7,"[7, 4, 9]"
0095302.png,7,"[7, 4, 9]"
0095303.png,7,"[7, 4, 3]"
0095307.png,7,"[7, 5, 9]"
0095310.png,7,"[7, 9, 2]"
0095313.png,7,"[7, 9, 4]"
0095317.png,7,"[7, 1, 2]"
0095321.png,7,"[7, 9, 4]"
0095324.png,7,"[7, 2, 3]"
0095325.png,7,"[7, 9, 5]"
0095331.png,7,"[7, 3, 2]"
0095340.png,7,"[7, 9, 4]"
0095342.png,7,"[7, 9, 1]"
0095343.png,7,"[7, 9, 5]"
0095357.png,7,"[7, 1, 2]"
0095362.png,7,"[7, 3, 2]"
0095363.png,7,"[7, 3, 2]"
0095365.png,7,"[7, 2, 3]"
0095381.png,7,"[7, 9, 2]"
0095382.png,7,"[7, 2, 9]"
0095385.png,7,"[7, 9, 2]"
0095388.png,7,"[7, 4, 8]"
0095390.png,7,"[7, 1, 9]"
0095391.png,7,"[7, 9, 1]"
0095393.png,7,"[7, 9, 2]"
0095399.png,7,"[7, 9, 1]"
0095412.png,7,"[7, 3, 9]"
0095426.png,7,"[7, 3, 2]"
0095430.png,7,"[7, 2, 3]"
0095432.png,7,"[7, 5, 4]"
0095433.png,7,"[7, 4, 5]"
0095445.png,7,"[7, 4, 5]"
0095449.png,7,"[7, 4, 9]"
0095453.png,7,"[7, 3, 2]"
0095457.png,7,"[7, 3, 2]"
0095459.png,7,"[7, 3, 1]"
0095462.png,7,"[7, 3, 2]"
0095468.png,7,"[7, 9, 2]"
0095470.png,7,"[7, 4, 1]"
0095472.png,7,"[7, 9, 2]"
0095473.png,7,"[7, 2, 9]"
0095475.png,7,"[7, 4, 9]"
0095478.png,7,"[7, 9, 2]"
0095480.png,7,"[7, 2, 3]"
0095485.png,7,"[7, 2, 1]"
0095487.png,7,"[7, 9, 4]"
0095491.png,2,"[2, 7, 3]"
0095496.png,7,"[7, 3, 2]"
0095501.png,7,"[7, 9, 4]"
0095503.png,7,"[7, 5, 3]"
0095507.png,7,"[7, 2, 3]"
0095517.png,7,"[7, 9, 2]"
0095518.png,7,"[7, 2, 9]"
0095524.png,7,"[7, 4, 2]"
0095525.png,7,"[7, 2, 5]"
0095527.png,7,"[7, 9, 1]"
0095528.png,7,"[7, 9, 1]"
0095531.png,4,"[4, 7, 2]"
0095535.png,7,"[7, 4, 2]"
0095554.png,7,"[7, 4, 1]"
0095567.png,7,"[7, 9, 1]"
0095571.png,7,"[7, 9, 2]"
0095580.png,7,"[7, 9, 3]"
0095581.png,7,"[7, 5, 9]"
0095586.png,7,"[7, 9, 2]"
0095589.png,7,"[7, 9, 2]"
0095594.png,7,"[7, 9, 4]"
0095612.png,7,"[7, 9, 3]"
0095615.png,7,"[7, 9, 1]"
0095616.png,3,"[3, 5, 1]"
0095624.png,7,"[7, 2, 9]"
0095625.png,7,"[7, 2, 9]"
0095626.png,7,"[7, 4, 1]"
0095642.png,7,"[7, 9, 2]"
0095647.png,7,"[7, 9, 2]"
0095652.png,7,"[7, 9, 4]"
0095656.png,2,"[2, 4, 7]"
0095659.png,7,"[7, 9, 4]"
0095666.png,7,"[7, 4, 9]"
0095672.png,7,"[7, 9, 2]"
0095677.png,7,"[7, 9, 4]"
0095678.png,7,"[7, 9, 4]"
0095687.png,7,"[7, 9, 3]"
0095692.png,7,"[7, 9, 2]"
0095693.png,7,"[7, 9, 5]"
0095699.png,7,"[7, 9, 4]"
0095705.png,4,"[4, 7, 3]"
0095711.png,7,"[7, 9, 2]"
0095712.png,7,"[7, 9, 2]"
0095713.png,7,"[7, 2, 9]"
0095714.png,7,"[7, 2, 3]"
0095719.png,2,"[2, 4, 7]"
0095724.png,7,"[7, 2, 9]"
0095726.png,2,"[2, 7, 9]"
0095729.png,7,"[7, 9, 2]"
0095731.png,7,"[7, 2, 9]"
0095732.png,7,"[7, 9, 1]"
0095747.png,7,"[7, 9, 2]"
0095749.png,7,"[7, 2, 4]"
0095753.png,7,"[7, 9, 4]"
0095773.png,7,"[7, 2, 9]"
0095780.png,7,"[7, 2, 9]"
0095781.png,7,"[7, 2, 3]"
0095784.png,7,"[7, 9, 2]"
0095787.png,7,"[7, 4, 2]"
0095796.png,7,"[7, 3, 2]"
0095805.png,7,"[7, 4, 2]"
0095814.png,7,"[7, 2, 3]"
0095821.png,7,"[7, 3, 9]"
0095828.png,7,"[7, 9, 2]"
0095831.png,7,"[7, 1, 9]"
0095832.png,7,"[7, 9, 2]"
0095834.png,4,"[4, 8, 7]"
0095835.png,8,"[8, 4, 7]"
0095848.png,7,"[7, 4, 9]"
0095849.png,7,"[7, 9, 4]"
0095852.png,7,"[7, 4, 8]"
0095854.png,7,"[7, 9, 5]"
0095858.png,7,"[7, 9, 4]"
0095859.png,7,"[7, 9, 4]"
0095865.png,7,"[7, 9, 1]"
0095867.png,7,"[7, 9, 1]"
0095871.png,7,"[7, 9, 1]"
0095875.png,7,"[7, 9, 4]"
0095878.png,7,"[7, 9, 1]"
0095881.png,7,"[7, 1, 9]"
0095889.png,7,"[7, 9, 3]"
0095890.png,7,"[7, 9, 4]"
0095895.png,7,"[7, 4, 9]"
0095900.png,7,"[7, 3, 9]"
0095912.png,7,"[7, 9, 4]"
0095916.png,7,"[7, 1, 9]"
0095918.png,7,"[7, 9, 1]"
0095920.png,7,"[7, 9, 3]"
0095923.png,7,"[7, 9, 2]"
0095931.png,7,"[7, 9, 1]"
0095946.png,7,"[7, 9, 3]"
0095948.png,7,"[7, 4, 5]"
0095960.png,7,"[7, 2, 3]"
0095969.png,7,"[7, 4, 8]"
0095979.png,7,"[7, 2, 4]"
0095980.png,7,"[7, 9, 5]"
0095981.png,7,"[7, 9, 2]"
0095982.png,7,"[7, 3, 9]"
0095987.png,7,"[7, 9, 3]"
0095990.png,7,"[7, 3, 9]"
0095997.png,7,"[7, 3, 9]"
0096006.png,7,"[7, 9, 3]"
0096014.png,7,"[7, 3, 2]"
0096016.png,7,"[7, 4, 2]"
0096018.png,7,"[7, 4, 9]"
0096020.png,7,"[7, 3, 2]"
0096021.png,7,"[7, 2, 3]"
0096023.png,7,"[7, 9, 4]"
0096024.png,7,"[7, 4, 2]"
0096035.png,7,"[7, 9, 1]"
0096041.png,7,"[7, 3, 9]"
0096044.png,7,"[7, 9, 4]"
0096046.png,7,"[7, 4, 9]"
0096054.png,7,"[7, 9, 4]"
0096059.png,7,"[7, 9, 2]"
0096063.png,7,"[7, 3, 2]"
0096064.png,7,"[7, 3, 1]"
0096066.png,7,"[7, 2, 3]"
0096069.png,7,"[7, 9, 5]"
0096070.png,7,"[7, 9, 3]"
0096073.png,7,"[7, 1, 3]"
0096075.png,7,"[7, 2, 9]"
0096077.png,7,"[7, 8, 1]"
0096083.png,7,"[7, 2, 9]"
0096091.png,7,"[7, 9, 4]"
0096101.png,7,"[7, 4, 9]"
0096103.png,7,"[7, 9, 4]"
0096106.png,7,"[7, 9, 3]"
0096107.png,7,"[7, 4, 9]"
0096116.png,7,"[7, 3, 2]"
0096127.png,7,"[7, 9, 4]"
0096130.png,7,"[7, 9, 4]"
0096137.png,7,"[7, 9, 4]"
0096153.png,4,"[4, 7, 2]"
0096156.png,7,"[7, 3, 5]"
0096162.png,7,"[7, 9, 2]"
0096164.png,7,"[7, 4, 9]"
0096169.png,7,"[7, 4, 9]"
0096180.png,7,"[7, 4, 2]"
0096182.png,7,"[7, 4, 9]"
0096193.png,7,"[7, 1, 4]"
0096195.png,7,"[7, 9, 2]"
0096196.png,7,"[7, 9, 1]"
0096197.png,7,"[7, 1, 9]"
0096203.png,7,"[7, 9, 4]"
0096204.png,7,"[7, 4, 9]"
0096206.png,7,"[7, 4, 9]"
0096220.png,7,"[7, 9, 5]"
0096229.png,7,"[7, 9, 3]"
0096233.png,7,"[7, 4, 9]"
0096235.png,7,"[7, 9, 4]"
0096245.png,7,"[7, 2, 1]"
0096252.png,7,"[7, 2, 9]"
0096259.png,7,"[7, 9, 2]"
0096262.png,7,"[7, 9, 3]"
0096264.png,2,"[2, 7, 4]"
0096266.png,7,"[7, 4, 9]"
0096275.png,7,"[7, 9, 2]"
0096279.png,7,"[7, 9, 1]"
0096281.png,7,"[7, 2, 3]"
0096283.png,7,"[7, 9, 2]"
0096288.png,7,"[7, 9, 4]"
0096292.png,7,"[7, 2, 9]"
0096296.png,7,"[7, 9, 2]"
0096300.png,7,"[7, 9, 4]"
0096301.png,7,"[7, 2, 9]"
0096307.png,7,"[7, 2, 9]"
0096312.png,7,"[7, 9, 2]"
0096319.png,7,"[7, 2, 9]"
0096320.png,7,"[7, 9, 2]"
0096323.png,7,"[7, 2, 3]"
0096325.png,7,"[7, 9, 1]"
0096331.png,7,"[7, 9, 4]"
0096332.png,7,"[7, 4, 9]"
0096335.png,7,"[7, 1, 2]"
0096339.png,7,"[7, 2, 9]"
0096343.png,7,"[7, 9, 4]"
0096348.png,7,"[7, 4, 9]"
0096351.png,7,"[7, 9, 2]"
0096357.png,7,"[7, 9, 3]"
0096362.png,7,"[7, 9, 4]"
0096367.png,7,"[7, 4, 9]"
0096368.png,7,"[7, 9, 4]"
0096370.png,7,"[7, 4, 9]"
0096372.png,7,"[7, 2, 9]"
0096373.png,7,"[7, 9, 2]"
0096376.png,7,"[7, 2, 9]"
0096378.png,7,"[7, 9, 2]"
0096382.png,7,"[7, 9, 4]"
0096384.png,7,"[7, 9, 4]"
0096387.png,7,"[7, 9, 3]"
0096401.png,7,"[7, 9, 4]"
0096402.png,7,"[7, 9, 2]"
0096407.png,7,"[7, 9, 4]"
0096408.png,3,"[3, 7, 2]"
0096409.png,7,"[7, 2, 3]"
0096410.png,7,"[7, 9, 2]"
0096415.png,7,"[7, 9, 2]"
0096422.png,7,"[7, 2, 9]"
0096427.png,7,"[7, 2, 3]"
0096429.png,7,"[7, 9, 4]"
0096430.png,7,"[7, 3, 9]"
0096433.png,7,"[7, 4, 9]"
0096434.png,7,"[7, 2, 3]"
0096439.png,2,"[2, 7, 0]"
0096440.png,7,"[7, 2, 9]"
0096442.png,7,"[7, 1, 3]"
0096448.png,7,"[7, 3, 9]"
0096466.png,7,"[7, 9, 3]"
0096471.png,7,"[7, 4, 9]"
0096472.png,7,"[7, 4, 1]"
0096475.png,7,"[7, 9, 5]"
0096490.png,7,"[7, 3, 2]"
0096495.png,7,"[7, 1, 9]"
0096496.png,7,"[7, 9, 2]"
0096500.png,7,"[7, 9, 4]"
0096506.png,7,"[7, 9, 4]"
0096523.png,7,"[7, 9, 1]"
0096526.png,7,"[7, 1, 5]"
0096533.png,7,"[7, 4, 2]"
0096537.png,7,"[7, 9, 2]"
0096546.png,7,"[7, 9, 0]"
0096547.png,7,"[7, 9, 2]"
0096556.png,7,"[7, 8, 4]"
0096557.png,7,"[7, 4, 5]"
0096558.png,7,"[7, 9, 2]"
0096562.png,7,"[7, 2, 9]"
0096579.png,7,"[7, 2, 1]"
0096591.png,7,"[7, 9, 4]"
0096599.png,7,"[7, 4, 8]"
0096601.png,7,"[7, 9, 4]"
0096603.png,7,"[7, 9, 4]"
0096605.png,7,"[7, 2, 9]"
0096613.png,7,"[7, 9, 4]"
0096616.png,7,"[7, 2, 3]"
0096617.png,7,"[7, 3, 2]"
0096619.png,7,"[7, 9, 2]"
0096635.png,7,"[7, 4, 9]"
0096649.png,7,"[7, 1, 9]"
0096655.png,7,"[7, 4, 3]"
0096657.png,7,"[7, 5, 2]"
0096664.png,7,"[7, 9, 4]"
0096672.png,7,"[7, 4, 9]"
0096673.png,7,"[7, 9, 4]"
0096675.png,7,"[7, 9, 5]"
0096679.png,7,"[7, 1, 9]"
0096682.png,7,"[7, 9, 1]"
0096690.png,7,"[7, 9, 2]"
0096694.png,7,"[7, 4, 9]"
0096707.png,7,"[7, 5, 9]"
0096709.png,7,"[7, 9, 2]"
0096711.png,7,"[7, 9, 4]"
0096718.png,7,"[7, 2, 3]"
0096727.png,7,"[7, 4, 9]"
0096733.png,7,"[7, 9, 2]"
0096736.png,7,"[7, 2, 9]"
0096737.png,7,"[7, 2, 9]"
0096738.png,1,"[1, 0, 3]"
0096752.png,7,"[7, 9, 2]"
0096774.png,7,"[7, 2, 9]"
0096781.png,7,"[7, 9, 4]"
0096782.png,7,"[7, 2, 9]"
0096783.png,7,"[7, 2, 5]"
0096785.png,7,"[7, 9, 5]"
0096789.png,9,"[9, 7, 4]"
0096796.png,7,"[7, 9, 4]"
0096800.png,7,"[7, 9, 3]"
0096805.png,7,"[7, 4, 9]"
0096806.png,7,"[7, 9, 4]"
0096814.png,7,"[7, 5, 9]"
0096820.png,7,"[7, 3, 2]"
0096825.png,7,"[7, 3, 9]"
0096839.png,7,"[7, 4, 5]"
0096844.png,7,"[7, 9, 3]"
0096847.png,7,"[7, 2, 3]"
0096849.png,7,"[7, 3, 2]"
0096855.png,7,"[7, 9, 2]"
0096866.png,7,"[7, 4, 9]"
0096868.png,7,"[7, 9, 1]"
0096876.png,7,"[7, 9, 4]"
0096878.png,7,"[7, 9, 3]"
0096879.png,7,"[7, 9, 2]"
0096885.png,7,"[7, 9, 4]"
0096890.png,7,"[7, 9, 2]"
0096895.png,7,"[7, 9, 1]"
0096899.png,7,"[7, 2, 9]"
0096902.png,7,"[7, 9, 2]"
0096917.png,7,"[7, 2, 9]"
0096921.png,7,"[7, 9, 2]"
0096926.png,7,"[7, 3, 2]"
0096930.png,7,"[7, 9, 2]"
0096935.png,7,"[7, 9, 2]"
0096936.png,7,"[7, 9, 4]"
0096943.png,7,"[7, 4, 9]"
0096948.png,7,"[7, 9, 4]"
0096955.png,7,"[7, 9, 4]"
0096956.png,7,"[7, 4, 1]"
0096959.png,7,"[7, 9, 2]"
0096962.png,7,"[7, 9, 3]"
0096964.png,7,"[7, 9, 1]"
0096970.png,7,"[7, 9, 2]"
0096982.png,5,"[5, 7, 1]"
0096987.png,7,"[7, 9, 1]"
0096989.png,7,"[7, 9, 2]"
0096992.png,7,"[7, 1, 4]"
0096993.png,7,"[7, 1, 4]"
0096995.png,7,"[7, 1, 9]"
0096997.png,7,"[7, 9, 5]"
0096999.png,7,"[7, 9, 5]"
0097004.png,7,"[7, 9, 2]"
0097008.png,7,"[7, 9, 1]"
0097009.png,7,"[7, 3, 9]"
0097014.png,7,"[7, 9, 3]"
0097015.png,7,"[7, 1, 3]"
0097027.png,7,"[7, 9, 2]"
0097032.png,7,"[7, 3, 5]"
0097038.png,7,"[7, 9, 3]"
0097063.png,7,"[7, 4, 9]"
0097074.png,7,"[7, 9, 2]"
0097078.png,7,"[7, 9, 1]"
0097085.png,7,"[7, 2, 1]"
0097088.png,7,"[7, 9, 3]"
0097095.png,7,"[7, 2, 3]"
0097103.png,7,"[7, 5, 2]"
0097104.png,7,"[7, 2, 0]"
0097113.png,7,"[7, 9, 1]"
0097117.png,7,"[7, 3, 2]"
0097122.png,7,"[7, 9, 1]"
0097125.png,7,"[7, 9, 2]"
0097129.png,7,"[7, 9, 2]"
0097130.png,7,"[7, 9, 3]"
0097132.png,7,"[7, 9, 2]"
0097134.png,7,"[7, 2, 9]"
0097150.png,7,"[7, 9, 4]"
0097153.png,7,"[7, 4, 9]"
0097155.png,7,"[7, 9, 8]"
0097158.png,7,"[7, 9, 4]"
0097159.png,7,"[7, 4, 9]"
0097162.png,7,"[7, 9, 4]"
0097166.png,7,"[7, 9, 2]"
0097170.png,7,"[7, 2, 3]"
0097177.png,7,"[7, 9, 2]"
0097180.png,7,"[7, 9, 2]"
0097181.png,7,"[7, 2, 9]"
0097190.png,7,"[7, 2, 9]"
0097192.png,7,"[7, 2, 3]"
0097196.png,7,"[7, 2, 9]"
0097199.png,7,"[7, 9, 4]"
0097214.png,7,"[7, 3, 2]"
0097233.png,7,"[7, 2, 9]"
0097234.png,7,"[7, 9, 3]"
0097235.png,7,"[7, 9, 4]"
0097239.png,7,"[7, 9, 4]"
0097240.png,7,"[7, 9, 2]"
0097243.png,7,"[7, 2, 3]"
0097248.png,7,"[7, 4, 2]"
0097259.png,7,"[7, 1, 5]"
0097271.png,7,"[7, 3, 1]"
0097286.png,7,"[7, 9, 2]"
0097289.png,7,"[7, 9, 1]"
0097291.png,7,"[7, 4, 3]"
0097295.png,7,"[7, 9, 1]"
0097303.png,7,"[7, 9, 3]"
0097304.png,7,"[7, 9, 3]"
0097307.png,7,"[7, 9, 2]"
0097308.png,7,"[7, 5, 9]"
0097310.png,7,"[7, 9, 3]"
0097313.png,7,"[7, 9, 2]"
0097316.png,7,"[7, 9, 2]"
0097320.png,7,"[7, 2, 3]"
0097324.png,7,"[7, 5, 3]"
0097329.png,7,"[7, 9, 2]"
0097336.png,7,"[7, 3, 9]"
0097340.png,7,"[7, 2, 9]"
0097348.png,4,"[4, 7, 1]"
0097349.png,7,"[7, 1, 4]"
0097364.png,7,"[7, 9, 2]"
0097365.png,7,"[7, 9, 2]"
0097371.png,7,"[7, 2, 9]"
0097378.png,4,"[4, 7, 9]"
0097380.png,4,"[4, 7, 9]"
0097381.png,4,"[4, 7, 9]"
0097388.png,7,"[7, 4, 9]"
0097389.png,7,"[7, 9, 5]"
0097397.png,7,"[7, 1, 2]"
0097400.png,7,"[7, 9, 2]"
0097418.png,7,"[7, 2, 9]"
0097423.png,4,"[4, 8, 2]"
0097428.png,7,"[7, 9, 3]"
0097429.png,7,"[7, 9, 4]"
0097431.png,7,"[7, 3, 4]"
0097438.png,7,"[7, 2, 3]"
0097451.png,7,"[7, 9, 4]"
0097453.png,7,"[7, 2, 1]"
0097461.png,7,"[7, 9, 1]"
0097464.png,7,"[7, 9, 3]"
0097468.png,7,"[7, 2, 9]"
0097471.png,7,"[7, 9, 4]"
0097473.png,7,"[7, 9, 4]"
0097474.png,7,"[7, 2, 3]"
0097477.png,7,"[7, 2, 3]"
0097481.png,7,"[7, 9, 2]"
0097490.png,7,"[7, 9, 1]"
0097496.png,7,"[7, 9, 4]"
0097504.png,7,"[7, 9, 2]"
0097505.png,7,"[7, 9, 2]"
0097512.png,7,"[7, 9, 2]"
0097516.png,7,"[7, 4, 5]"
0097525.png,7,"[7, 2, 8]"
0097532.png,7,"[7, 9, 1]"
0097536.png,7,"[7, 4, 9]"
0097542.png,7,"[7, 9, 4]"
0097543.png,7,"[7, 1, 9]"
0097551.png,7,"[7, 9, 2]"
0097553.png,7,"[7, 9, 4]"
0097557.png,7,"[7, 9, 4]"
0097561.png,7,"[7, 9, 2]"
0097562.png,7,"[7, 2, 5]"
0097575.png,7,"[7, 3, 1]"
0097578.png,7,"[7, 9, 3]"
0097599.png,7,"[7, 9, 4]"
0097603.png,7,"[7, 9, 3]"
0097606.png,7,"[7, 5, 4]"
0097609.png,7,"[7, 9, 1]"
0097610.png,4,"[4, 7, 8]"
0097614.png,7,"[7, 9, 3]"
0097618.png,7,"[7, 4, 1]"
0097622.png,7,"[7, 3, 2]"
0097634.png,7,"[7, 9, 3]"
0097644.png,7,"[7, 9, 4]"
0097645.png,7,"[7, 9, 2]"
0097652.png,7,"[7, 9, 4]"
0097662.png,7,"[7, 9, 8]"
0097663.png,7,"[7, 9, 4]"
0097666.png,7,"[7, 2, 3]"
0097667.png,7,"[7, 2, 4]"
0097669.png,7,"[7, 2, 3]"
0097675.png,7,"[7, 9, 2]"
0097679.png,7,"[7, 9, 2]"
0097683.png,7,"[7, 9, 1]"
0097684.png,7,"[7, 9, 2]"
0097689.png,7,"[7, 3, 8]"
0097697.png,7,"[7, 9, 2]"
0097704.png,7,"[7, 3, 2]"
0097706.png,7,"[7, 9, 1]"
0097716.png,7,"[7, 9, 2]"
0097718.png,7,"[7, 9, 2]"
0097719.png,7,"[7, 9, 2]"
0097723.png,7,"[7, 9, 2]"
0097729.png,7,"[7, 1, 2]"
0097732.png,7,"[7, 9, 2]"
0097742.png,9,"[9, 7, 2]"
0097743.png,7,"[7, 9, 2]"
0097746.png,7,"[7, 2, 3]"
0097752.png,7,"[7, 9, 3]"
0097755.png,7,"[7, 0, 4]"
0097757.png,7,"[7, 9, 3]"
0097767.png,7,"[7, 1, 9]"
0097773.png,7,"[7, 9, 2]"
0097781.png,7,"[7, 9, 2]"
0097784.png,7,"[7, 9, 2]"
0097790.png,7,"[7, 2, 3]"
0097795.png,7,"[7, 4, 5]"
0097796.png,7,"[7, 2, 5]"
0097799.png,7,"[7, 4, 9]"
0097800.png,7,"[7, 5, 3]"
0097809.png,7,"[7, 1, 4]"
0097811.png,7,"[7, 9, 1]"
0097815.png,7,"[7, 3, 5]"
0097825.png,7,"[7, 3, 2]"
0097827.png,7,"[7, 1, 2]"
0097830.png,7,"[7, 9, 3]"
0097843.png,7,"[7, 9, 1]"
0097854.png,7,"[7, 9, 1]"
0097858.png,7,"[7, 0, 9]"
0097860.png,7,"[7, 4, 2]"
0097864.png,7,"[7, 4, 9]"
0097880.png,7,"[7, 9, 2]"
0097889.png,7,"[7, 9, 4]"
0097892.png,7,"[7, 9, 4]"
0097898.png,7,"[7, 2, 3]"
0097918.png,7,"[7, 9, 1]"
0097919.png,7,"[7, 9, 4]"
0097925.png,7,"[7, 3, 9]"
0097929.png,7,"[7, 9, 2]"
0097933.png,7,"[7, 2, 9]"
0097934.png,7,"[7, 9, 4]"
0097937.png,7,"[7, 9, 4]"
0097947.png,7,"[7, 4, 9]"
0097953.png,9,"[9, 7, 2]"
0097958.png,7,"[7, 9, 1]"
0097962.png,7,"[7, 4, 9]"
0097963.png,7,"[7, 4, 9]"
0097964.png,7,"[7, 4, 2]"
0097966.png,7,"[7, 2, 3]"
0097969.png,7,"[7, 4, 2]"
0097970.png,7,"[7, 9, 4]"
0097972.png,7,"[7, 9, 2]"
0097976.png,7,"[7, 3, 2]"
0097981.png,7,"[7, 2, 3]"
0097989.png,7,"[7, 9, 4]"
0097994.png,7,"[7, 4, 9]"
0097996.png,7,"[7, 3, 9]"
0097999.png,7,"[7, 9, 3]"
0098001.png,7,"[7, 9, 4]"
0098004.png,7,"[7, 9, 4]"
0098010.png,7,"[7, 9, 4]"
0098025.png,7,"[7, 2, 9]"
0098026.png,7,"[7, 5, 3]"
0098029.png,7,"[7, 4, 9]"
0098032.png,7,"[7, 9, 2]"
0098041.png,7,"[7, 9, 2]"
0098042.png,7,"[7, 1, 9]"
0098047.png,7,"[7, 4, 8]"
0098055.png,7,"[7, 9, 1]"
0098056.png,7,"[7, 9, 5]"
0098058.png,7,"[7, 1, 4]"
0098061.png,7,"[7, 2, 9]"
0098062.png,7,"[7, 4, 9]"
0098067.png,7,"[7, 9, 2]"
0098074.png,7,"[7, 3, 2]"
0098075.png,7,"[7, 3, 5]"
0098081.png,7,"[7, 9, 1]"
0098082.png,7,"[7, 9, 3]"
0098083.png,7,"[7, 2, 9]"
0098102.png,7,"[7, 4, 9]"
0098109.png,7,"[7, 3, 2]"
0098110.png,7,"[7, 3, 9]"
0098113.png,7,"[7, 9, 2]"
0098114.png,7,"[7, 9, 3]"
0098115.png,7,"[7, 9, 4]"
0098120.png,7,"[7, 3, 9]"
0098125.png,7,"[7, 2, 3]"
0098129.png,7,"[7, 2, 9]"
0098133.png,4,"[4, 7, 9]"
0098137.png,7,"[7, 2, 9]"
0098138.png,7,"[7, 2, 9]"
0098140.png,7,"[7, 3, 2]"
0098141.png,7,"[7, 2, 3]"
0098143.png,7,"[7, 9, 5]"
0098149.png,8,"[8, 2, 3]"
0098156.png,8,"[8, 2, 9]"
0098162.png,8,"[8, 2, 9]"
0098164.png,8,"[8, 9, 2]"
0098165.png,8,"[8, 5, 9]"
0098166.png,8,"[8, 2, 5]"
0098183.png,8,"[8, 5, 3]"
0098189.png,8,"[8, 6, 1]"
0098190.png,8,"[8, 4, 6]"
0098193.png,6,"[6, 8, 5]"
0098195.png,8,"[8, 9, 2]"
0098207.png,8,"[8, 3, 9]"
0098209.png,8,"[8, 9, 1]"
0098211.png,8,"[8, 3, 0]"
0098214.png,8,"[8, 9, 3]"
0098215.png,8,"[8, 3, 9]"
0098217.png,8,"[8, 9, 3]"
0098219.png,8,"[8, 5, 9]"
0098239.png,8,"[8, 3, 6]"
0098240.png,8,"[8, 3, 9]"
0098242.png,8,"[8, 6, 3]"
0098243.png,8,"[8, 3, 6]"
0098252.png,8,"[8, 5, 3]"
0098257.png,8,"[8, 9, 3]"
0098260.png,8,"[8, 7, 3]"
0098270.png,8,"[8, 3, 9]"
0098274.png,8,"[8, 9, 3]"
0098276.png,8,"[8, 9, 7]"
0098281.png,8,"[8, 2, 3]"
0098284.png,8,"[8, 9, 3]"
0098286.png,8,"[8, 9, 3]"
0098292.png,8,"[8, 9, 3]"
0098298.png,9,"[9, 8, 3]"
0098302.png,9,"[9, 2, 3]"
0098303.png,9,"[9, 2, 3]"
0098304.png,8,"[8, 2, 9]"
0098306.png,8,"[8, 9, 3]"
0098308.png,8,"[8, 9, 6]"
0098311.png,8,"[8, 3, 7]"
0098314.png,8,"[8, 2, 3]"
0098325.png,8,"[8, 9, 2]"
0098330.png,0,"[0, 3, 6]"
0098333.png,8,"[8, 9, 6]"
0098336.png,8,"[8, 2, 0]"
0098337.png,8,"[8, 2, 9]"
0098348.png,8,"[8, 9, 2]"
0098353.png,8,"[8, 9, 6]"
0098356.png,8,"[8, 3, 9]"
0098357.png,8,"[8, 3, 9]"
0098361.png,8,"[8, 3, 5]"
0098366.png,8,"[8, 9, 6]"
0098368.png,8,"[8, 9, 6]"
0098373.png,8,"[8, 3, 9]"
0098377.png,8,"[8, 6, 3]"
0098387.png,8,"[8, 9, 3]"
0098391.png,8,"[8, 6, 2]"
0098409.png,8,"[8, 9, 3]"
0098414.png,2,"[2, 7, 9]"
0098415.png,8,"[8, 9, 7]"
0098418.png,8,"[8, 2, 6]"
0098423.png,8,"[8, 5, 9]"
0098444.png,8,"[8, 9, 2]"
0098448.png,2,"[2, 8, 3]"
0098451.png,8,"[8, 9, 3]"
0098458.png,8,"[8, 2, 9]"
0098459.png,8,"[8, 2, 9]"
0098460.png,8,"[8, 5, 9]"
0098474.png,8,"[8, 9, 3]"
0098476.png,8,"[8, 5, 9]"
0098487.png,6,"[6, 8, 5]"
0098489.png,8,"[8, 2, 9]"
0098492.png,8,"[8, 3, 2]"
0098493.png,8,"[8, 2, 3]"
0098494.png,8,"[8, 2, 9]"
0098500.png,8,"[8, 9, 3]"
0098501.png,8,"[8, 6, 3]"
0098509.png,8,"[8, 3, 2]"
0098518.png,8,"[8, 3, 2]"
0098519.png,8,"[8, 2, 3]"
0098524.png,8,"[8, 9, 7]"
0098526.png,8,"[8, 2, 3]"
0098528.png,8,"[8, 9, 2]"
0098532.png,8,"[8, 9, 2]"
0098535.png,8,"[8, 9, 2]"
0098538.png,8,"[8, 6, 9]"
0098552.png,8,"[8, 9, 3]"
0098553.png,8,"[8, 3, 9]"
0098556.png,8,"[8, 7, 2]"
0098560.png,8,"[8, 9, 3]"
0098564.png,8,"[8, 2, 9]"
0098578.png,8,"[8, 9, 6]"
0098580.png,5,"[5, 8, 6]"
0098582.png,9,"[9, 8, 7]"
0098583.png,8,"[8, 1, 9]"
0098585.png,8,"[8, 9, 3]"
0098587.png,8,"[8, 2, 3]"
0098594.png,8,"[8, 5, 4]"
0098599.png,8,"[8, 3, 4]"
0098617.png,8,"[8, 2, 5]"
0098618.png,8,"[8, 9, 6]"
0098620.png,8,"[8, 6, 5]"
0098623.png,8,"[8, 5, 6]"
0098632.png,8,"[8, 2, 5]"
0098634.png,8,"[8, 9, 7]"
0098642.png,8,"[8, 9, 3]"
0098661.png,8,"[8, 3, 0]"
0098680.png,8,"[8, 9, 3]"
0098692.png,8,"[8, 5, 3]"
0098694.png,8,"[8, 9, 6]"
0098695.png,8,"[8, 9, 6]"
0098697.png,8,"[8, 9, 3]"
0098704.png,8,"[8, 9, 3]"
0098705.png,8,"[8, 9, 3]"
0098708.png,8,"[8, 5, 2]"
0098711.png,8,"[8, 3, 2]"
0098717.png,8,"[8, 7, 9]"
0098734.png,8,"[8, 9, 3]"
0098754.png,8,"[8, 9, 3]"
0098755.png,8,"[8, 9, 3]"
0098756.png,8,"[8, 2, 9]"
0098757.png,8,"[8, 2, 7]"
0098775.png,8,"[8, 3, 9]"
0098778.png,8,"[8, 9, 2]"
0098781.png,8,"[8, 5, 3]"
0098782.png,8,"[8, 9, 3]"
0098784.png,8,"[8, 2, 3]"
0098787.png,5,"[5, 8, 3]"
0098791.png,8,"[8, 5, 3]"
0098796.png,8,"[8, 2, 6]"
0098803.png,8,"[8, 9, 3]"
0098810.png,8,"[8, 9, 2]"
0098811.png,8,"[8, 2, 9]"
0098812.png,8,"[8, 3, 9]"
0098815.png,8,"[8, 2, 9]"
0098816.png,8,"[8, 3, 9]"
0098819.png,8,"[8, 9, 6]"
0098830.png,8,"[8, 0, 6]"
0098834.png,8,"[8, 5, 2]"
0098840.png,8,"[8, 2, 9]"
0098843.png,8,"[8, 3, 2]"
0098846.png,8,"[8, 2, 9]"
0098847.png,8,"[8, 2, 3]"
0098849.png,5,"[5, 8, 9]"
0098858.png,8,"[8, 9, 3]"
0098866.png,8,"[8, 3, 9]"
0098871.png,8,"[8, 2, 3]"
0098879.png,8,"[8, 9, 2]"
0098883.png,8,"[8, 3, 9]"
0098884.png,8,"[8, 9, 3]"
0098892.png,8,"[8, 9, 7]"
0098893.png,8,"[8, 9, 3]"
0098894.png,8,"[8, 6, 9]"
0098897.png,8,"[8, 9, 2]"
0098901.png,8,"[8, 9, 3]"
0098903.png,8,"[8, 3, 2]"
0098911.png,8,"[8, 9, 3]"
0098916.png,8,"[8, 9, 3]"
0098924.png,8,"[8, 2, 9]"
0098931.png,8,"[8, 9, 3]"
0098938.png,8,"[8, 0, 5]"
0098941.png,8,"[8, 6, 9]"
0098944.png,9,"[9, 8, 7]"
0098950.png,8,"[8, 9, 7]"
0098951.png,8,"[8, 9, 2]"
0098962.png,8,"[8, 9, 2]"
0098963.png,8,"[8, 9, 2]"
0098964.png,8,"[8, 2, 9]"
0098968.png,0,"[0, 6, 8]"
0098969.png,0,"[0, 8, 6]"
0098975.png,8,"[8, 3, 6]"
0098977.png,8,"[8, 2, 9]"
0098978.png,8,"[8, 9, 2]"
0099000.png,8,"[8, 6, 9]"
0099002.png,8,"[8, 9, 3]"
0099005.png,8,"[8, 9, 2]"
0099009.png,8,"[8, 2, 9]"
0099010.png,8,"[8, 9, 3]"
0099020.png,8,"[8, 3, 2]"
0099022.png,8,"[8, 2, 5]"
0099023.png,8,"[8, 2, 6]"
0099024.png,8,"[8, 6, 9]"
0099025.png,8,"[8, 3, 6]"
0099026.png,8,"[8, 5, 3]"
0099036.png,8,"[8, 9, 3]"
0099040.png,8,"[8, 3, 6]"
0099054.png,8,"[8, 3, 5]"
0099059.png,8,"[8, 9, 7]"
0099060.png,8,"[8, 9, 3]"
0099074.png,3,"[3, 8, 4]"
0099075.png,8,"[8, 9, 6]"
0099080.png,8,"[8, 6, 9]"
0099081.png,8,"[8, 6, 3]"
0099083.png,8,"[8, 9, 3]"
0099089.png,8,"[8, 2, 9]"
0099095.png,8,"[8, 0, 3]"
0099103.png,8,"[8, 6, 3]"
0099104.png,8,"[8, 5, 9]"
0099105.png,8,"[8, 9, 2]"
0099106.png,8,"[8, 9, 6]"
0099108.png,8,"[8, 5, 9]"
0099121.png,8,"[8, 2, 9]"
0099122.png,8,"[8, 9, 5]"
0099131.png,8,"[8, 2, 3]"
0099138.png,8,"[8, 9, 3]"
0099146.png,5,"[5, 6, 8]"
0099147.png,5,"[5, 8, 6]"
0099169.png,8,"[8, 9, 6]"
0099179.png,8,"[8, 3, 2]"
0099180.png,8,"[8, 2, 6]"
0099185.png,8,"[8, 3, 6]"
0099190.png,8,"[8, 2, 9]"
0099191.png,8,"[8, 5, 3]"
0099194.png,8,"[8, 2, 9]"
0099197.png,8,"[8, 2, 6]"
0099198.png,8,"[8, 2, 3]"
0099214.png,8,"[8, 9, 3]"
0099222.png,8,"[8, 9, 6]"
0099237.png,8,"[8, 5, 2]"
0099245.png,5,"[5, 8, 9]"
0099251.png,8,"[8, 2, 9]"
0099254.png,8,"[8, 9, 3]"
0099258.png,8,"[8, 6, 4]"
0099265.png,8,"[8, 9, 3]"
0099270.png,9,"[9, 6, 8]"
0099274.png,8,"[8, 9, 5]"
0099276.png,8,"[8, 9, 2]"
0099278.png,8,"[8, 9, 3]"
0099281.png,8,"[8, 2, 3]"
0099282.png,8,"[8, 9, 6]"
0099286.png,8,"[8, 5, 9]"
0099303.png,8,"[8, 9, 2]"
0099305.png,8,"[8, 3, 9]"
0099313.png,8,"[8, 9, 2]"
0099314.png,8,"[8, 2, 4]"
0099319.png,8,"[8, 2, 9]"
0099324.png,8,"[8, 3, 2]"
0099331.png,8,"[8, 9, 6]"
0099333.png,8,"[8, 2, 5]"
0099338.png,8,"[8, 5, 2]"
0099340.png,8,"[8, 3, 9]"
0099341.png,8,"[8, 2, 3]"
0099349.png,8,"[8, 4, 5]"
0099357.png,8,"[8, 2, 3]"
0099359.png,8,"[8, 3, 9]"
0099362.png,8,"[8, 9, 3]"
0099367.png,8,"[8, 3, 6]"
0099369.png,8,"[8, 3, 6]"
0099371.png,8,"[8, 3, 9]"
0099373.png,5,"[5, 6, 8]"
0099380.png,8,"[8, 2, 3]"
0099387.png,8,"[8, 5, 2]"
0099388.png,0,"[0, 8, 6]"
0099391.png,8,"[8, 9, 2]"
0099400.png,8,"[8, 2, 5]"
0099402.png,8,"[8, 9, 7]"
0099403.png,8,"[8, 9, 2]"
0099404.png,8,"[8, 9, 2]"
0099410.png,8,"[8, 4, 2]"
0099411.png,8,"[8, 7, 4]"
0099412.png,2,"[2, 9, 7]"
0099416.png,8,"[8, 4, 9]"
0099426.png,8,"[8, 2, 5]"
0099431.png,8,"[8, 2, 3]"
0099443.png,8,"[8, 9, 3]"
0099447.png,8,"[8, 5, 6]"
0099450.png,8,"[8, 2, 9]"
0099457.png,8,"[8, 9, 3]"
0099475.png,8,"[8, 3, 9]"
0099483.png,8,"[8, 2, 3]"
0099484.png,9,"[9, 8, 7]"
0099486.png,8,"[8, 2, 6]"
0099489.png,8,"[8, 9, 3]"
0099492.png,6,"[6, 8, 9]"
0099494.png,8,"[8, 9, 2]"
0099496.png,8,"[8, 9, 3]"
0099503.png,8,"[8, 9, 3]"
0099509.png,8,"[8, 3, 2]"
0099511.png,8,"[8, 9, 2]"
0099526.png,8,"[8, 9, 4]"
0099527.png,8,"[8, 9, 3]"
0099534.png,8,"[8, 9, 6]"
0099547.png,8,"[8, 2, 3]"
0099555.png,8,"[8, 2, 7]"
0099558.png,8,"[8, 2, 5]"
0099559.png,8,"[8, 2, 5]"
0099561.png,8,"[8, 9, 3]"
0099562.png,8,"[8, 6, 9]"
0099564.png,8,"[8, 2, 9]"
0099566.png,8,"[8, 9, 2]"
0099573.png,8,"[8, 2, 9]"
0099577.png,8,"[8, 3, 9]"
0099583.png,8,"[8, 9, 2]"
0099586.png,8,"[8, 5, 3]"
0099588.png,8,"[8, 5, 6]"
0099595.png,8,"[8, 3, 6]"
0099599.png,8,"[8, 2, 3]"
0099604.png,8,"[8, 6, 9]"
0099606.png,8,"[8, 2, 7]"
0099613.png,8,"[8, 9, 6]"
0099617.png,8,"[8, 5, 6]"
0099622.png,8,"[8, 2, 5]"
0099624.png,8,"[8, 9, 2]"
0099628.png,9,"[9, 8, 7]"
0099635.png,8,"[8, 3, 9]"
0099645.png,8,"[8, 9, 7]"
0099664.png,8,"[8, 9, 2]"
0099671.png,8,"[8, 5, 6]"
0099680.png,8,"[8, 9, 2]"
0099685.png,8,"[8, 3, 2]"
0099689.png,8,"[8, 3, 9]"
0099691.png,8,"[8, 6, 9]"
0099693.png,8,"[8, 2, 9]"
0099697.png,8,"[8, 2, 6]"
0099703.png,8,"[8, 4, 2]"
0099706.png,8,"[8, 5, 6]"
0099709.png,3,"[3, 8, 2]"
0099712.png,8,"[8, 5, 9]"
0099713.png,8,"[8, 2, 9]"
0099715.png,8,"[8, 5, 9]"
0099723.png,8,"[8, 2, 9]"
0099730.png,8,"[8, 3, 9]"
0099733.png,8,"[8, 2, 5]"
0099736.png,8,"[8, 2, 5]"
0099743.png,8,"[8, 2, 9]"
0099745.png,8,"[8, 3, 2]"
0099747.png,8,"[8, 9, 6]"
0099749.png,8,"[8, 5, 2]"
0099752.png,8,"[8, 2, 9]"
0099762.png,8,"[8, 2, 5]"
0099763.png,8,"[8, 2, 5]"
0099765.png,8,"[8, 2, 5]"
0099767.png,8,"[8, 9, 6]"
0099771.png,8,"[8, 9, 2]"
0099783.png,8,"[8, 9, 6]"
0099790.png,8,"[8, 9, 2]"
0099791.png,8,"[8, 2, 7]"
0099806.png,8,"[8, 3, 2]"
0099811.png,8,"[8, 3, 2]"
0099813.png,8,"[8, 5, 6]"
0099817.png,8,"[8, 6, 3]"
0099824.png,8,"[8, 2, 3]"
0099843.png,8,"[8, 2, 9]"
0099844.png,8,"[8, 9, 3]"
0099848.png,8,"[8, 9, 6]"
0099855.png,8,"[8, 3, 2]"
0099858.png,8,"[8, 9, 6]"
0099863.png,8,"[8, 9, 5]"
0099868.png,8,"[8, 6, 4]"
0099870.png,8,"[8, 5, 6]"
0099873.png,8,"[8, 2, 9]"
0099887.png,8,"[8, 9, 2]"
0099902.png,8,"[8, 9, 3]"
0099911.png,8,"[8, 3, 9]"
0099913.png,8,"[8, 3, 9]"
0099918.png,8,"[8, 9, 3]"
0099921.png,8,"[8, 9, 3]"
0099926.png,8,"[8, 3, 6]"
0099927.png,8,"[8, 6, 3]"
0099929.png,8,"[8, 9, 3]"
0099930.png,8,"[8, 9, 2]"
0099938.png,8,"[8, 9, 7]"
0099939.png,8,"[8, 6, 0]"
0099944.png,8,"[8, 9, 2]"
0099946.png,8,"[8, 5, 6]"
0099951.png,8,"[8, 3, 9]"
0099953.png,8,"[8, 6, 9]"
0099964.png,8,"[8, 2, 3]"
0099968.png,8,"[8, 3, 9]"
0099988.png,8,"[8, 9, 6]"
0099992.png,8,"[8, 9, 2]"
0099995.png,8,"[8, 6, 9]"
0100003.png,8,"[8, 3, 9]"
0100017.png,8,"[8, 2, 5]"
0100019.png,8,"[8, 2, 6]"
0100021.png,8,"[8, 9, 3]"
0100032.png,8,"[8, 3, 2]"
0100033.png,8,"[8, 2, 0]"
0100053.png,8,"[8, 9, 2]"
0100055.png,8,"[8, 2, 9]"
0100056.png,8,"[8, 3, 9]"
0100059.png,8,"[8, 9, 2]"
0100060.png,8,"[8, 5, 9]"
0100061.png,8,"[8, 5, 6]"
0100095.png,8,"[8, 6, 9]"
0100101.png,8,"[8, 6, 5]"
0100111.png,8,"[8, 2, 9]"
0100120.png,8,"[8, 9, 6]"
0100123.png,8,"[8, 2, 9]"
0100132.png,8,"[8, 9, 2]"
0100136.png,8,"[8, 9, 6]"
0100137.png,8,"[8, 0, 9]"
0100152.png,8,"[8, 9, 3]"
0100159.png,8,"[8, 5, 9]"
0100161.png,9,"[9, 8, 6]"
0100163.png,8,"[8, 9, 3]"
0100168.png,8,"[8, 3, 9]"
0100171.png,8,"[8, 3, 9]"
0100179.png,8,"[8, 9, 6]"
0100190.png,8,"[8, 2, 7]"
0100193.png,8,"[8, 9, 6]"
0100199.png,8,"[8, 3, 2]"
0100207.png,8,"[8, 5, 3]"
0100216.png,8,"[8, 3, 9]"
0100222.png,8,"[8, 3, 9]"
0100224.png,8,"[8, 3, 5]"
0100239.png,8,"[8, 2, 9]"
0100241.png,8,"[8, 9, 3]"
0100248.png,8,"[8, 0, 6]"
0100250.png,8,"[8, 3, 9]"
0100258.png,8,"[8, 9, 3]"
0100261.png,8,"[8, 3, 5]"
0100266.png,8,"[8, 9, 3]"
0100269.png,8,"[8, 9, 3]"
0100272.png,8,"[8, 3, 6]"
0100281.png,8,"[8, 9, 6]"
0100284.png,8,"[8, 3, 0]"
0100291.png,8,"[8, 5, 9]"
0100294.png,8,"[8, 3, 9]"
0100296.png,8,"[8, 6, 9]"
0100298.png,8,"[8, 9, 3]"
0100299.png,8,"[8, 3, 9]"
0100300.png,8,"[8, 0, 3]"
0100301.png,8,"[8, 0, 2]"
0100304.png,8,"[8, 6, 3]"
0100314.png,8,"[8, 3, 9]"
0100316.png,8,"[8, 9, 3]"
0100317.png,8,"[8, 3, 9]"
0100318.png,8,"[8, 6, 9]"
0100319.png,8,"[8, 6, 0]"
0100320.png,8,"[8, 5, 6]"
0100321.png,6,"[6, 5, 8]"
0100325.png,8,"[8, 3, 9]"
0100331.png,8,"[8, 2, 3]"
0100339.png,8,"[8, 3, 6]"
0100343.png,8,"[8, 9, 3]"
0100347.png,8,"[8, 2, 6]"
0100348.png,8,"[8, 2, 6]"
0100354.png,8,"[8, 5, 2]"
0100361.png,8,"[8, 5, 2]"
0100362.png,8,"[8, 6, 2]"
0100363.png,8,"[8, 2, 9]"
0100368.png,8,"[8, 3, 6]"
0100370.png,8,"[8, 3, 9]"
0100383.png,8,"[8, 9, 6]"
0100391.png,8,"[8, 9, 6]"
0100396.png,8,"[8, 9, 3]"
0100407.png,0,"[0, 8, 6]"
0100410.png,8,"[8, 9, 2]"
0100411.png,8,"[8, 2, 9]"
0100412.png,8,"[8, 3, 9]"
0100414.png,8,"[8, 2, 0]"
0100420.png,8,"[8, 9, 0]"
0100423.png,8,"[8, 3, 2]"
0100426.png,8,"[8, 9, 2]"
0100439.png,8,"[8, 9, 3]"
0100442.png,8,"[8, 3, 6]"
0100445.png,8,"[8, 3, 5]"
0100452.png,8,"[8, 6, 2]"
0100453.png,8,"[8, 2, 9]"
0100462.png,8,"[8, 2, 5]"
0100466.png,8,"[8, 9, 6]"
0100472.png,8,"[8, 9, 2]"
0100473.png,8,"[8, 3, 9]"
0100474.png,8,"[8, 3, 9]"
0100475.png,8,"[8, 3, 2]"
0100478.png,8,"[8, 3, 9]"
0100483.png,8,"[8, 2, 9]"
0100487.png,8,"[8, 9, 3]"
0100488.png,8,"[8, 9, 3]"
0100509.png,8,"[8, 3, 6]"
0100519.png,8,"[8, 2, 3]"
0100529.png,8,"[8, 9, 2]"
0100545.png,8,"[8, 5, 9]"
0100552.png,8,"[8, 9, 3]"
0100558.png,8,"[8, 9, 6]"
0100560.png,8,"[8, 9, 3]"
0100564.png,8,"[8, 9, 6]"
0100567.png,8,"[8, 9, 3]"
0100568.png,8,"[8, 9, 3]"
0100570.png,8,"[8, 9, 3]"
0100573.png,8,"[8, 2, 5]"
0100575.png,8,"[8, 9, 3]"
0100585.png,8,"[8, 0, 6]"
0100586.png,8,"[8, 9, 2]"
0100590.png,8,"[8, 6, 9]"
0100594.png,8,"[8, 6, 9]"
0100598.png,8,"[8, 6, 9]"
0100600.png,8,"[8, 3, 6]"
0100601.png,8,"[8, 3, 6]"
0100605.png,8,"[8, 3, 9]"
0100606.png,0,"[0, 8, 9]"
0100610.png,8,"[8, 9, 7]"
0100616.png,8,"[8, 9, 2]"
0100618.png,9,"[9, 8, 6]"
0100620.png,8,"[8, 4, 6]"
0100643.png,8,"[8, 9, 2]"
0100646.png,8,"[8, 9, 3]"
0100648.png,8,"[8, 9, 6]"
0100670.png,8,"[8, 9, 2]"
0100677.png,8,"[8, 9, 3]"
0100693.png,8,"[8, 3, 7]"
0100694.png,8,"[8, 9, 6]"
0100701.png,8,"[8, 5, 3]"
0100704.png,8,"[8, 9, 3]"
0100707.png,8,"[8, 3, 9]"
0100713.png,8,"[8, 3, 2]"
0100714.png,8,"[8, 4, 6]"
0100721.png,8,"[8, 6, 3]"
0100723.png,6,"[6, 8, 9]"
0100732.png,8,"[8, 3, 9]"
0100734.png,8,"[8, 9, 6]"
0100736.png,8,"[8, 2, 3]"
0100744.png,8,"[8, 3, 9]"
0100748.png,8,"[8, 9, 6]"
0100756.png,8,"[8, 2, 6]"
0100760.png,8,"[8, 9, 6]"
0100762.png,8,"[8, 6, 9]"
0100763.png,8,"[8, 6, 3]"
0100765.png,8,"[8, 2, 3]"
0100767.png,8,"[8, 9, 2]"
0100772.png,8,"[8, 2, 5]"
0100773.png,8,"[8, 9, 3]"
0100774.png,8,"[8, 4, 9]"
0100775.png,8,"[8, 9, 6]"
0100785.png,8,"[8, 9, 2]"
0100788.png,8,"[8, 5, 2]"
0100798.png,8,"[8, 2, 3]"
0100807.png,8,"[8, 2, 3]"
0100816.png,8,"[8, 3, 2]"
0100829.png,8,"[8, 3, 9]"
0100830.png,8,"[8, 2, 5]"
0100836.png,8,"[8, 5, 2]"
0100837.png,8,"[8, 5, 6]"
0100840.png,8,"[8, 2, 5]"
0100845.png,8,"[8, 2, 9]"
0100846.png,8,"[8, 2, 9]"
0100854.png,8,"[8, 2, 3]"
0100870.png,8,"[8, 3, 5]"
0100871.png,6,"[6, 9, 8]"
0100878.png,8,"[8, 5, 2]"
0100880.png,8,"[8, 5, 6]"
0100888.png,8,"[8, 9, 3]"
0100889.png,8,"[8, 3, 2]"
0100891.png,8,"[8, 9, 6]"
0100894.png,8,"[8, 9, 2]"
0100903.png,8,"[8, 6, 5]"
0100917.png,8,"[8, 2, 9]"
0100921.png,8,"[8, 5, 2]"
0100924.png,8,"[8, 9, 2]"
0100925.png,8,"[8, 0, 2]"
0100932.png,8,"[8, 3, 2]"
0100938.png,2,"[2, 4, 5]"
0100953.png,8,"[8, 3, 9]"
0100954.png,8,"[8, 2, 9]"
0100964.png,8,"[8, 9, 2]"
0100966.png,8,"[8, 9, 3]"
0100975.png,8,"[8, 5, 6]"
0100982.png,8,"[8, 3, 9]"
0100984.png,8,"[8, 3, 9]"
0100986.png,8,"[8, 2, 9]"
0100996.png,8,"[8, 3, 9]"
0100997.png,8,"[8, 3, 2]"
0101000.png,8,"[8, 9, 4]"
0101011.png,8,"[8, 9, 3]"
0101016.png,8,"[8, 9, 3]"
0101017.png,8,"[8, 5, 9]"
0101022.png,8,"[8, 9, 5]"
0101031.png,8,"[8, 9, 2]"
0101038.png,8,"[8, 9, 2]"
0101056.png,8,"[8, 9, 0]"
0101058.png,8,"[8, 5, 9]"
0101064.png,8,"[8, 3, 9]"
0101077.png,8,"[8, 3, 2]"
0101079.png,8,"[8, 5, 2]"
0101087.png,8,"[8, 2, 3]"
0101091.png,8,"[8, 3, 2]"
0101097.png,8,"[8, 3, 9]"
0101102.png,8,"[8, 9, 7]"
0101103.png,8,"[8, 9, 3]"
0101111.png,8,"[8, 9, 2]"
0101116.png,8,"[8, 2, 6]"
0101125.png,8,"[8, 9, 2]"
0101130.png,8,"[8, 2, 9]"
0101132.png,8,"[8, 9, 7]"
0101161.png,8,"[8, 9, 5]"
0101168.png,8,"[8, 5, 6]"
0101170.png,8,"[8, 2, 9]"
0101173.png,8,"[8, 3, 9]"
0101174.png,8,"[8, 9, 7]"
0101188.png,8,"[8, 9, 3]"
0101199.png,8,"[8, 9, 2]"
0101200.png,8,"[8, 9, 3]"
0101203.png,8,"[8, 3, 9]"
0101212.png,8,"[8, 3, 2]"
0101220.png,8,"[8, 5, 2]"
0101222.png,8,"[8, 3, 9]"
0101223.png,8,"[8, 3, 2]"
0101224.png,8,"[8, 9, 2]"
0101229.png,8,"[8, 2, 3]"
0101230.png,8,"[8, 2, 9]"
0101237.png,8,"[8, 9, 3]"
0101241.png,4,"[4, 2, 5]"
0101244.png,3,"[3, 8, 0]"
0101245.png,3,"[3, 0, 8]"
0101249.png,8,"[8, 6, 3]"
0101252.png,8,"[8, 9, 6]"
0101256.png,8,"[8, 2, 3]"
0101280.png,8,"[8, 9, 3]"
0101293.png,8,"[8, 9, 7]"
0101298.png,9,"[9, 8, 6]"
0101309.png,8,"[8, 2, 9]"
0101312.png,8,"[8, 9, 2]"
0101318.png,8,"[8, 9, 6]"
0101320.png,8,"[8, 2, 6]"
0101321.png,8,"[8, 6, 3]"
0101322.png,8,"[8, 9, 6]"
0101336.png,0,"[0, 8, 1]"
0101339.png,8,"[8, 9, 6]"
0101347.png,8,"[8, 3, 6]"
0101349.png,8,"[8, 3, 2]"
0101355.png,8,"[8, 6, 3]"
0101363.png,8,"[8, 0, 3]"
0101364.png,8,"[8, 3, 2]"
0101367.png,8,"[8, 3, 2]"
0101368.png,8,"[8, 3, 0]"
0101372.png,8,"[8, 9, 2]"
0101377.png,8,"[8, 2, 3]"
0101379.png,8,"[8, 9, 3]"
0101383.png,8,"[8, 9, 3]"
0101393.png,8,"[8, 3, 2]"
0101399.png,8,"[8, 3, 6]"
0101402.png,0,"[0, 8, 9]"
0101404.png,8,"[8, 9, 3]"
0101407.png,8,"[8, 0, 6]"
0101409.png,8,"[8, 3, 9]"
0101412.png,8,"[8, 3, 9]"
0101414.png,8,"[8, 3, 5]"
0101415.png,8,"[8, 3, 6]"
0101418.png,8,"[8, 9, 3]"
0101419.png,8,"[8, 3, 6]"
0101422.png,8,"[8, 0, 3]"
0101429.png,8,"[8, 6, 9]"
0101435.png,8,"[8, 4, 6]"
0101438.png,8,"[8, 2, 3]"
0101445.png,8,"[8, 6, 3]"
0101450.png,5,"[5, 8, 2]"
0101453.png,8,"[8, 5, 3]"
0101456.png,8,"[8, 9, 3]"
0101458.png,8,"[8, 2, 9]"
0101468.png,8,"[8, 5, 2]"
0101476.png,8,"[8, 2, 3]"
0101482.png,9,"[9, 8, 2]"
0101483.png,2,"[2, 9, 8]"
0101485.png,8,"[8, 5, 6]"
0101486.png,8,"[8, 9, 3]"
0101488.png,8,"[8, 5, 9]"
0101495.png,8,"[8, 3, 9]"
0101506.png,9,"[9, 8, 4]"
0101508.png,8,"[8, 9, 6]"
0101509.png,8,"[8, 9, 1]"
0101510.png,9,"[9, 8, 2]"
0101511.png,8,"[8, 9, 6]"
0101515.png,8,"[8, 2, 6]"
0101518.png,8,"[8, 9, 6]"
0101525.png,8,"[8, 2, 9]"
0101529.png,8,"[8, 3, 2]"
0101538.png,8,"[8, 3, 9]"
0101544.png,8,"[8, 3, 9]"
0101546.png,8,"[8, 0, 2]"
0101548.png,8,"[8, 9, 6]"
0101549.png,8,"[8, 3, 6]"
0101554.png,5,"[5, 8, 6]"
0101557.png,8,"[8, 2, 3]"
0101560.png,8,"[8, 9, 6]"
0101564.png,8,"[8, 9, 6]"
0101567.png,8,"[8, 3, 6]"
0101570.png,8,"[8, 9, 7]"
0101577.png,8,"[8, 5, 9]"
0101580.png,9,"[9, 8, 6]"
0101586.png,8,"[8, 9, 2]"
0101588.png,8,"[8, 2, 6]"
0101599.png,8,"[8, 7, 3]"
0101601.png,8,"[8, 2, 9]"
0101606.png,8,"[8, 9, 3]"
0101608.png,8,"[8, 9, 6]"
0101623.png,8,"[8, 9, 3]"
0101628.png,8,"[8, 9, 3]"
0101630.png,8,"[8, 3, 9]"
0101631.png,8,"[8, 5, 6]"
0101639.png,8,"[8, 2, 5]"
0101643.png,8,"[8, 9, 2]"
0101646.png,8,"[8, 2, 7]"
0101667.png,8,"[8, 3, 2]"
0101669.png,8,"[8, 2, 3]"
0101674.png,8,"[8, 9, 6]"
0101690.png,8,"[8, 2, 3]"
0101696.png,8,"[8, 3, 9]"
0101700.png,8,"[8, 3, 2]"
0101706.png,8,"[8, 9, 3]"
0101710.png,8,"[8, 2, 3]"
0101714.png,8,"[8, 5, 9]"
0101725.png,8,"[8, 5, 6]"
0101734.png,8,"[8, 3, 5]"
0101738.png,8,"[8, 9, 5]"
0101744.png,8,"[8, 2, 3]"
0101746.png,8,"[8, 3, 9]"
0101749.png,8,"[8, 2, 3]"
0101753.png,8,"[8, 6, 3]"
0101755.png,8,"[8, 2, 3]"
0101758.png,8,"[8, 9, 6]"
0101770.png,8,"[8, 2, 6]"
0101776.png,8,"[8, 6, 3]"
0101780.png,8,"[8, 2, 9]"
0101782.png,8,"[8, 9, 4]"
0101783.png,8,"[8, 9, 3]"
0101784.png,0,"[0, 8, 3]"
0101808.png,8,"[8, 3, 0]"
0101812.png,9,"[9, 3, 8]"
0101815.png,8,"[8, 3, 0]"
0101816.png,3,"[3, 0, 6]"
0101824.png,3,"[3, 8, 6]"
0101829.png,8,"[8, 0, 3]"
0101853.png,8,"[8, 3, 2]"
0101856.png,8,"[8, 7, 9]"
0101859.png,8,"[8, 0, 9]"
0101860.png,8,"[8, 5, 6]"
0101869.png,8,"[8, 3, 4]"
0101874.png,8,"[8, 9, 2]"
0101876.png,8,"[8, 9, 6]"
0101880.png,8,"[8, 2, 5]"
0101881.png,8,"[8, 2, 9]"
0101902.png,8,"[8, 2, 9]"
0101904.png,8,"[8, 2, 5]"
0101908.png,8,"[8, 2, 9]"
0101909.png,8,"[8, 2, 5]"
0101920.png,8,"[8, 6, 9]"
0101923.png,8,"[8, 2, 9]"
0101927.png,8,"[8, 3, 9]"
0101928.png,8,"[8, 2, 5]"
0101929.png,8,"[8, 2, 9]"
0101954.png,8,"[8, 6, 9]"
0101960.png,8,"[8, 9, 6]"
0101964.png,8,"[8, 9, 3]"
0101965.png,8,"[8, 5, 9]"
0101967.png,8,"[8, 3, 2]"
0101972.png,8,"[8, 3, 2]"
0101974.png,8,"[8, 5, 9]"
0101979.png,8,"[8, 9, 6]"
0101982.png,8,"[8, 9, 3]"
0101985.png,8,"[8, 2, 3]"
0101987.png,8,"[8, 6, 2]"
0101993.png,8,"[8, 2, 3]"
0101994.png,8,"[8, 9, 3]"
0102017.png,5,"[5, 8, 6]"
0102018.png,8,"[8, 9, 6]"
0102030.png,9,"[9, 7, 8]"
0102036.png,8,"[8, 9, 2]"
0102041.png,8,"[8, 5, 2]"
0102049.png,5,"[5, 8, 6]"
0102053.png,8,"[8, 9, 2]"
0102064.png,8,"[8, 5, 6]"
0102067.png,8,"[8, 2, 6]"
0102070.png,8,"[8, 5, 9]"
0102072.png,8,"[8, 5, 3]"
0102082.png,8,"[8, 2, 9]"
0102083.png,8,"[8, 3, 9]"
0102085.png,8,"[8, 9, 2]"
0102089.png,8,"[8, 9, 2]"
0102092.png,8,"[8, 9, 6]"
0102095.png,8,"[8, 2, 3]"
0102097.png,8,"[8, 9, 3]"
0102111.png,8,"[8, 2, 0]"
0102121.png,8,"[8, 9, 6]"
0102124.png,8,"[8, 9, 6]"
0102133.png,8,"[8, 9, 3]"
0102136.png,8,"[8, 9, 3]"
0102141.png,8,"[8, 3, 2]"
0102150.png,8,"[8, 3, 9]"
0102156.png,8,"[8, 3, 9]"
0102157.png,8,"[8, 3, 7]"
0102159.png,8,"[8, 3, 9]"
0102163.png,8,"[8, 3, 7]"
0102164.png,8,"[8, 9, 3]"
0102167.png,8,"[8, 9, 3]"
0102183.png,8,"[8, 2, 3]"
0102186.png,8,"[8, 5, 2]"
0102191.png,8,"[8, 6, 9]"
0102201.png,8,"[8, 9, 7]"
0102209.png,8,"[8, 9, 2]"
0102215.png,8,"[8, 2, 5]"
0102221.png,8,"[8, 3, 9]"
0102223.png,8,"[8, 2, 3]"
0102229.png,8,"[8, 9, 5]"
0102231.png,8,"[8, 6, 3]"
0102237.png,8,"[8, 5, 3]"
0102246.png,8,"[8, 9, 3]"
0102248.png,8,"[8, 9, 3]"
0102249.png,8,"[8, 9, 3]"
0102258.png,8,"[8, 2, 6]"
0102270.png,8,"[8, 0, 2]"
0102271.png,8,"[8, 2, 0]"
0102277.png,8,"[8, 2, 3]"
0102279.png,8,"[8, 2, 5]"
0102284.png,8,"[8, 9, 3]"
0102285.png,8,"[8, 3, 9]"
0102293.png,8,"[8, 3, 2]"
0102296.png,8,"[8, 2, 0]"
0102302.png,8,"[8, 3, 9]"
0102309.png,8,"[8, 3, 9]"
0102311.png,8,"[8, 9, 2]"
0102316.png,8,"[8, 9, 3]"
0102317.png,8,"[8, 9, 6]"
0102318.png,8,"[8, 9, 3]"
0102322.png,8,"[8, 2, 9]"
0102325.png,8,"[8, 5, 6]"
0102326.png,8,"[8, 9, 3]"
0102332.png,8,"[8, 3, 6]"
0102347.png,8,"[8, 5, 3]"
0102351.png,8,"[8, 2, 3]"
0102352.png,8,"[8, 6, 2]"
0102353.png,5,"[5, 8, 6]"
0102357.png,8,"[8, 3, 2]"
0102367.png,8,"[8, 9, 3]"
0102368.png,8,"[8, 9, 2]"
0102372.png,8,"[8, 9, 6]"
0102373.png,8,"[8, 9, 2]"
0102374.png,5,"[5, 8, 2]"
0102380.png,8,"[8, 0, 2]"
0102381.png,8,"[8, 6, 5]"
0102385.png,8,"[8, 9, 3]"
0102386.png,8,"[8, 9, 2]"
0102395.png,8,"[8, 5, 6]"
0102414.png,8,"[8, 9, 2]"
0102427.png,8,"[8, 3, 9]"
0102439.png,8,"[8, 9, 3]"
0102443.png,8,"[8, 5, 6]"
0102444.png,8,"[8, 2, 3]"
0102448.png,3,"[3, 8, 2]"
0102452.png,8,"[8, 7, 9]"
0102457.png,8,"[8, 3, 6]"
0102460.png,8,"[8, 9, 3]"
0102462.png,8,"[8, 2, 9]"
0102463.png,8,"[8, 2, 9]"
0102466.png,8,"[8, 9, 0]"
0102469.png,8,"[8, 2, 6]"
0102472.png,8,"[8, 9, 2]"
0102477.png,8,"[8, 7, 2]"
0102483.png,8,"[8, 3, 9]"
0102486.png,8,"[8, 6, 3]"
0102489.png,8,"[8, 3, 6]"
0102505.png,8,"[8, 9, 3]"
0102513.png,3,"[3, 8, 5]"
0102522.png,8,"[8, 9, 6]"
0102524.png,5,"[5, 8, 9]"
0102548.png,8,"[8, 2, 9]"
0102554.png,8,"[8, 5, 9]"
0102559.png,8,"[8, 5, 9]"
0102568.png,8,"[8, 9, 2]"
0102570.png,8,"[8, 9, 6]"
0102572.png,8,"[8, 9, 7]"
0102584.png,8,"[8, 9, 3]"
0102586.png,8,"[8, 2, 9]"
0102589.png,2,"[2, 8, 9]"
0102590.png,8,"[8, 9, 6]"
0102609.png,8,"[8, 3, 2]"
0102610.png,8,"[8, 2, 4]"
0102617.png,8,"[8, 6, 3]"
0102641.png,8,"[8, 3, 9]"
0102642.png,8,"[8, 3, 9]"
0102647.png,8,"[8, 9, 7]"
0102652.png,8,"[8, 4, 3]"
0102653.png,8,"[8, 3, 9]"
0102654.png,8,"[8, 3, 9]"
0102662.png,8,"[8, 5, 4]"
0102666.png,8,"[8, 3, 9]"
0102669.png,8,"[8, 9, 3]"
0102677.png,8,"[8, 3, 4]"
0102682.png,8,"[8, 6, 9]"
0102683.png,8,"[8, 6, 2]"
0102689.png,8,"[8, 9, 2]"
0102702.png,8,"[8, 0, 6]"
0102712.png,5,"[5, 9, 8]"
0102713.png,5,"[5, 8, 6]"
0102715.png,5,"[5, 6, 8]"
0102717.png,8,"[8, 3, 2]"
0102722.png,8,"[8, 9, 3]"
0102724.png,8,"[8, 2, 6]"
0102725.png,8,"[8, 2, 9]"
0102743.png,8,"[8, 5, 3]"
0102754.png,8,"[8, 3, 9]"
0102755.png,8,"[8, 6, 3]"
0102761.png,8,"[8, 2, 6]"
0102763.png,8,"[8, 2, 3]"
0102778.png,8,"[8, 2, 9]"
0102781.png,2,"[2, 8, 5]"
0102782.png,8,"[8, 9, 2]"
0102793.png,8,"[8, 9, 6]"
0102797.png,8,"[8, 3, 9]"
0102799.png,8,"[8, 2, 3]"
0102808.png,8,"[8, 9, 2]"
0102819.png,8,"[8, 6, 5]"
0102830.png,8,"[8, 9, 2]"
0102838.png,8,"[8, 9, 3]"
0102840.png,8,"[8, 9, 6]"
0102855.png,8,"[8, 9, 3]"
0102858.png,8,"[8, 9, 2]"
0102859.png,8,"[8, 2, 9]"
0102864.png,8,"[8, 5, 6]"
0102866.png,3,"[3, 8, 9]"
0102870.png,8,"[8, 9, 2]"
0102877.png,8,"[8, 9, 3]"
0102889.png,8,"[8, 9, 0]"
0102904.png,8,"[8, 2, 0]"
0102914.png,8,"[8, 2, 3]"
0102927.png,8,"[8, 6, 9]"
0102930.png,8,"[8, 2, 9]"
0102932.png,8,"[8, 2, 3]"
0102935.png,8,"[8, 6, 9]"
0102942.png,8,"[8, 6, 2]"
0102949.png,2,"[2, 3, 6]"
0102957.png,2,"[2, 8, 9]"
0102960.png,8,"[8, 6, 5]"
0102961.png,5,"[5, 6, 8]"
0102962.png,8,"[8, 3, 9]"
0102969.png,8,"[8, 9, 2]"
0102973.png,8,"[8, 2, 3]"
0102975.png,8,"[8, 5, 3]"
0102982.png,8,"[8, 3, 6]"
0102986.png,8,"[8, 9, 4]"
0102989.png,8,"[8, 3, 9]"
0102994.png,8,"[8, 6, 2]"
0102998.png,8,"[8, 9, 2]"
0103000.png,2,"[2, 8, 6]"
0103008.png,5,"[5, 8, 3]"
0103012.png,8,"[8, 6, 9]"
0103020.png,8,"[8, 9, 6]"
0103021.png,8,"[8, 9, 2]"
0103024.png,8,"[8, 9, 7]"
0103033.png,8,"[8, 9, 6]"
0103034.png,8,"[8, 9, 6]"
0103037.png,8,"[8, 3, 2]"
0103038.png,8,"[8, 9, 4]"
0103043.png,2,"[2, 8, 3]"
0103052.png,8,"[8, 9, 3]"
0103056.png,8,"[8, 2, 9]"
0103059.png,8,"[8, 9, 3]"
0103068.png,9,"[9, 8, 2]"
0103077.png,8,"[8, 3, 9]"
0103082.png,8,"[8, 6, 9]"
0103086.png,8,"[8, 9, 3]"
0103087.png,8,"[8, 9, 6]"
0103093.png,8,"[8, 3, 2]"
0103094.png,8,"[8, 3, 9]"
0103108.png,8,"[8, 3, 6]"
0103110.png,8,"[8, 9, 3]"
0103111.png,8,"[8, 6, 9]"
0103113.png,8,"[8, 3, 9]"
0103117.png,8,"[8, 9, 5]"
0103122.png,8,"[8, 9, 3]"
0103127.png,8,"[8, 3, 5]"
0103128.png,8,"[8, 2, 9]"
0103129.png,8,"[8, 2, 9]"
0103134.png,8,"[8, 3, 9]"
0103138.png,8,"[8, 5, 2]"
0103143.png,0,"[0, 2, 9]"
0103147.png,8,"[8, 9, 3]"
0103149.png,8,"[8, 2, 9]"
0103151.png,8,"[8, 9, 3]"
0103156.png,8,"[8, 9, 5]"
0103158.png,8,"[8, 9, 7]"
0103178.png,8,"[8, 2, 5]"
0103181.png,8,"[8, 2, 3]"
0103182.png,8,"[8, 3, 9]"
0103193.png,8,"[8, 3, 9]"
0103199.png,8,"[8, 9, 6]"
0103200.png,9,"[9, 8, 7]"
0103202.png,8,"[8, 9, 2]"
0103203.png,8,"[8, 7, 5]"
0103207.png,8,"[8, 3, 9]"
0103210.png,8,"[8, 9, 6]"
0103213.png,8,"[8, 9, 3]"
0103214.png,8,"[8, 2, 3]"
0103215.png,8,"[8, 3, 2]"
0103220.png,8,"[8, 3, 9]"
0103221.png,8,"[8, 9, 6]"
0103223.png,8,"[8, 9, 2]"
0103231.png,8,"[8, 9, 3]"
0103233.png,8,"[8, 3, 2]"
0103245.png,8,"[8, 3, 9]"
0103249.png,8,"[8, 9, 6]"
0103252.png,8,"[8, 9, 2]"
0103256.png,8,"[8, 0, 2]"
0103260.png,8,"[8, 9, 2]"
0103267.png,8,"[8, 5, 2]"
0103273.png,8,"[8, 3, 2]"
0103275.png,8,"[8, 9, 2]"
0103278.png,5,"[5, 2, 7]"
0103281.png,8,"[8, 6, 5]"
0103292.png,8,"[8, 3, 5]"
0103295.png,8,"[8, 9, 2]"
0103296.png,8,"[8, 9, 6]"
0103298.png,8,"[8, 5, 3]"
0103299.png,5,"[5, 8, 6]"
0103308.png,8,"[8, 9, 3]"
0103310.png,8,"[8, 9, 3]"
0103311.png,8,"[8, 5, 9]"
0103312.png,8,"[8, 6, 2]"
0103320.png,8,"[8, 9, 2]"
0103322.png,8,"[8, 3, 2]"
0103326.png,8,"[8, 3, 9]"
0103336.png,8,"[8, 3, 9]"
0103338.png,8,"[8, 6, 9]"
0103345.png,8,"[8, 5, 9]"
0103353.png,8,"[8, 9, 2]"
0103355.png,8,"[8, 3, 5]"
0103358.png,9,"[9, 8, 6]"
0103363.png,8,"[8, 3, 9]"
0103383.png,8,"[8, 5, 3]"
0103394.png,8,"[8, 4, 6]"
0103398.png,8,"[8, 9, 2]"
0103401.png,8,"[8, 9, 2]"
0103406.png,2,"[2, 8, 0]"
0103409.png,8,"[8, 2, 3]"
0103422.png,7,"[7, 5, 2]"
0103435.png,8,"[8, 2, 9]"
0103437.png,8,"[8, 2, 9]"
0103445.png,8,"[8, 2, 3]"
0103450.png,2,"[2, 8, 9]"
0103461.png,9,"[9, 8, 1]"
0103467.png,8,"[8, 5, 3]"
0103469.png,8,"[8, 3, 2]"
0103486.png,5,"[5, 8, 6]"
0103489.png,8,"[8, 9, 7]"
0103490.png,8,"[8, 9, 6]"
0103491.png,8,"[8, 3, 9]"
0103494.png,8,"[8, 2, 3]"
0103495.png,8,"[8, 2, 3]"
0103496.png,8,"[8, 6, 9]"
0103497.png,8,"[8, 9, 6]"
0103500.png,8,"[8, 3, 9]"
0103508.png,8,"[8, 5, 6]"
0103512.png,8,"[8, 2, 9]"
0103515.png,8,"[8, 5, 3]"
0103517.png,8,"[8, 2, 9]"
0103520.png,8,"[8, 9, 7]"
0103527.png,8,"[8, 0, 3]"
0103528.png,9,"[9, 8, 6]"
0103532.png,8,"[8, 9, 3]"
0103542.png,8,"[8, 3, 9]"
0103544.png,8,"[8, 5, 2]"
0103545.png,8,"[8, 2, 3]"
0103546.png,8,"[8, 3, 9]"
0103547.png,8,"[8, 3, 4]"
0103550.png,8,"[8, 9, 3]"
0103555.png,8,"[8, 5, 9]"
0103557.png,8,"[8, 6, 3]"
0103567.png,8,"[8, 3, 9]"
0103568.png,8,"[8, 4, 2]"
0103570.png,8,"[8, 3, 9]"
0103576.png,8,"[8, 9, 3]"
0103578.png,8,"[8, 5, 9]"
0103581.png,8,"[8, 6, 3]"
0103585.png,8,"[8, 3, 2]"
0103588.png,8,"[8, 9, 3]"
0103590.png,8,"[8, 9, 3]"
0103594.png,8,"[8, 7, 9]"
0103599.png,8,"[8, 6, 9]"
0103600.png,8,"[8, 9, 2]"
0103602.png,8,"[8, 9, 5]"
0103607.png,8,"[8, 3, 9]"
0103608.png,8,"[8, 3, 2]"
0103609.png,8,"[8, 5, 3]"
0103610.png,8,"[8, 3, 9]"
0103616.png,8,"[8, 9, 2]"
0103626.png,8,"[8, 3, 2]"
0103629.png,8,"[8, 2, 9]"
0103632.png,8,"[8, 6, 2]"
0103633.png,8,"[8, 5, 2]"
0103634.png,8,"[8, 9, 3]"
0103641.png,8,"[8, 9, 6]"
0103644.png,8,"[8, 9, 5]"
0103650.png,8,"[8, 2, 9]"
0103662.png,9,"[9, 8, 6]"
0103669.png,8,"[8, 0, 3]"
0103673.png,8,"[8, 6, 3]"
0103680.png,6,"[6, 8, 9]"
0103691.png,8,"[8, 3, 0]"
0103693.png,9,"[9, 6, 8]"
0103698.png,6,"[6, 8, 9]"
0103699.png,8,"[8, 6, 1]"
0103711.png,8,"[8, 3, 6]"
0103718.png,8,"[8, 5, 9]"
0103729.png,8,"[8, 2, 3]"
0103739.png,8,"[8, 9, 2]"
0103748.png,8,"[8, 2, 0]"
0103757.png,8,"[8, 2, 3]"
0103758.png,8,"[8, 2, 5]"
0103765.png,8,"[8, 3, 2]"
0103770.png,8,"[8, 3, 2]"
0103777.png,8,"[8, 3, 2]"
0103781.png,8,"[8, 7, 2]"
0103786.png,8,"[8, 9, 2]"
0103787.png,8,"[8, 9, 3]"
0103788.png,8,"[8, 2, 3]"
0103796.png,8,"[8, 9, 2]"
0103801.png,8,"[8, 9, 5]"
0103804.png,8,"[8, 2, 9]"
0103807.png,8,"[8, 3, 9]"
0103819.png,8,"[8, 2, 3]"
0103821.png,8,"[8, 2, 9]"
0103832.png,8,"[8, 3, 9]"
0103835.png,8,"[8, 9, 3]"
0103836.png,8,"[8, 5, 3]"
0103837.png,6,"[6, 5, 3]"
0103840.png,8,"[8, 2, 3]"
0103852.png,3,"[3, 8, 9]"
0103853.png,8,"[8, 3, 9]"
0103854.png,9,"[9, 8, 7]"
0103861.png,8,"[8, 3, 9]"
0103863.png,8,"[8, 9, 3]"
0103870.png,8,"[8, 3, 2]"
0103871.png,8,"[8, 3, 2]"
0103879.png,8,"[8, 3, 6]"
0103889.png,8,"[8, 9, 3]"
0103894.png,2,"[2, 8, 3]"
0103902.png,8,"[8, 6, 9]"
0103905.png,8,"[8, 2, 3]"
0103907.png,8,"[8, 6, 9]"
0103918.png,8,"[8, 6, 9]"
0103922.png,8,"[8, 3, 6]"
0103930.png,8,"[8, 3, 4]"
0103933.png,8,"[8, 9, 6]"
0103936.png,8,"[8, 2, 9]"
0103937.png,8,"[8, 6, 9]"
0103943.png,8,"[8, 9, 6]"
0103949.png,8,"[8, 3, 6]"
0103952.png,8,"[8, 5, 7]"
0103953.png,7,"[7, 8, 4]"
0103959.png,8,"[8, 3, 2]"
0103961.png,8,"[8, 0, 6]"
0103963.png,8,"[8, 3, 2]"
0103964.png,8,"[8, 9, 6]"
0103987.png,8,"[8, 9, 5]"
0103991.png,8,"[8, 9, 7]"
0103998.png,8,"[8, 3, 5]"
0104006.png,8,"[8, 2, 9]"
0104013.png,9,"[9, 8, 6]"
0104016.png,8,"[8, 5, 2]"
0104019.png,8,"[8, 9, 3]"
0104020.png,8,"[8, 9, 2]"
0104022.png,8,"[8, 3, 6]"
0104038.png,8,"[8, 6, 4]"
0104047.png,8,"[8, 3, 5]"
0104054.png,9,"[9, 8, 2]"
0104055.png,9,"[9, 8, 7]"
0104063.png,8,"[8, 9, 3]"
0104074.png,8,"[8, 9, 3]"
0104087.png,8,"[8, 3, 9]"
0104092.png,8,"[8, 3, 9]"
0104097.png,8,"[8, 3, 2]"
0104110.png,8,"[8, 6, 5]"
0104115.png,8,"[8, 6, 9]"
0104124.png,8,"[8, 9, 3]"
0104125.png,8,"[8, 6, 9]"
0104133.png,6,"[6, 8, 9]"
0104142.png,8,"[8, 9, 2]"
0104143.png,8,"[8, 2, 5]"
0104152.png,8,"[8, 2, 6]"
0104157.png,8,"[8, 3, 9]"
0104158.png,8,"[8, 3, 9]"
0104164.png,8,"[8, 6, 9]"
0104167.png,8,"[8, 9, 3]"
0104168.png,2,"[2, 5, 4]"
0104169.png,2,"[2, 4, 8]"
0104176.png,8,"[8, 5, 3]"
0104180.png,8,"[8, 9, 2]"
0104181.png,8,"[8, 2, 9]"
0104187.png,8,"[8, 2, 3]"
0104189.png,8,"[8, 2, 3]"
0104196.png,8,"[8, 9, 2]"
0104198.png,9,"[9, 8, 3]"
0104202.png,8,"[8, 2, 5]"
0104203.png,8,"[8, 2, 9]"
0104206.png,8,"[8, 9, 2]"
0104207.png,8,"[8, 2, 9]"
0104210.png,8,"[8, 3, 9]"
0104211.png,8,"[8, 3, 9]"
0104220.png,8,"[8, 2, 5]"
0104221.png,8,"[8, 2, 5]"
0104226.png,8,"[8, 9, 2]"
0104228.png,8,"[8, 3, 2]"
0104231.png,8,"[8, 2, 9]"
0104233.png,8,"[8, 6, 5]"
0104237.png,8,"[8, 3, 9]"
0104238.png,8,"[8, 9, 2]"
0104239.png,8,"[8, 2, 9]"
0104246.png,8,"[8, 9, 3]"
0104247.png,8,"[8, 9, 3]"
0104250.png,8,"[8, 4, 6]"
0104252.png,8,"[8, 9, 2]"
0104257.png,8,"[8, 2, 5]"
0104273.png,8,"[8, 2, 9]"
0104274.png,8,"[8, 2, 0]"
0104275.png,8,"[8, 3, 9]"
0104280.png,8,"[8, 2, 9]"
0104282.png,8,"[8, 2, 5]"
0104286.png,8,"[8, 5, 3]"
0104293.png,8,"[8, 2, 3]"
0104301.png,8,"[8, 3, 2]"
0104322.png,8,"[8, 9, 3]"
0104323.png,8,"[8, 9, 3]"
0104328.png,8,"[8, 9, 5]"
0104344.png,8,"[8, 2, 9]"
0104361.png,8,"[8, 3, 6]"
0104365.png,8,"[8, 2, 9]"
0104371.png,8,"[8, 6, 5]"
0104376.png,8,"[8, 2, 9]"
0104384.png,8,"[8, 5, 6]"
0104386.png,8,"[8, 9, 3]"
0104394.png,8,"[8, 3, 9]"
0104398.png,8,"[8, 9, 3]"
0104408.png,8,"[8, 9, 3]"
0104415.png,8,"[8, 2, 3]"
0104419.png,8,"[8, 3, 9]"
0104426.png,8,"[8, 6, 9]"
0104435.png,8,"[8, 0, 9]"
0104436.png,8,"[8, 1, 2]"
0104445.png,8,"[8, 9, 2]"
0104451.png,8,"[8, 3, 2]"
0104452.png,8,"[8, 9, 6]"
0104457.png,8,"[8, 7, 9]"
0104463.png,8,"[8, 2, 5]"
0104464.png,8,"[8, 3, 9]"
0104466.png,8,"[8, 7, 9]"
0104486.png,8,"[8, 9, 5]"
0104493.png,8,"[8, 2, 6]"
0104494.png,8,"[8, 2, 5]"
0104502.png,8,"[8, 6, 9]"
0104506.png,2,"[2, 8, 5]"
0104513.png,8,"[8, 9, 6]"
0104521.png,8,"[8, 9, 4]"
0104527.png,2,"[2, 8, 6]"
0104532.png,8,"[8, 2, 5]"
0104534.png,8,"[8, 2, 5]"
0104541.png,8,"[8, 6, 3]"
0104552.png,2,"[2, 8, 3]"
0104560.png,8,"[8, 2, 5]"
0104569.png,8,"[8, 3, 9]"
0104578.png,8,"[8, 2, 9]"
0104579.png,8,"[8, 2, 5]"
0104589.png,8,"[8, 5, 4]"
0104608.png,8,"[8, 9, 2]"
0104614.png,8,"[8, 9, 7]"
0104619.png,8,"[8, 5, 3]"
0104621.png,8,"[8, 2, 9]"
0104622.png,8,"[8, 3, 9]"
0104627.png,8,"[8, 5, 3]"
0104629.png,8,"[8, 9, 6]"
0104630.png,8,"[8, 5, 9]"
0104634.png,8,"[8, 9, 3]"
0104635.png,8,"[8, 6, 3]"
0104637.png,8,"[8, 2, 0]"
0104638.png,8,"[8, 9, 3]"
0104640.png,8,"[8, 9, 6]"
0104643.png,8,"[8, 9, 6]"
0104652.png,8,"[8, 5, 9]"
0104656.png,8,"[8, 2, 6]"
0104671.png,8,"[8, 3, 4]"
0104675.png,8,"[8, 2, 3]"
0104676.png,8,"[8, 9, 2]"
0104681.png,3,"[3, 8, 2]"
0104683.png,8,"[8, 3, 2]"
0104701.png,8,"[8, 2, 0]"
0104717.png,8,"[8, 5, 6]"
0104730.png,8,"[8, 9, 2]"
0104731.png,8,"[8, 2, 3]"
0104736.png,8,"[8, 2, 3]"
0104739.png,8,"[8, 5, 9]"
0104740.png,8,"[8, 9, 3]"
0104742.png,8,"[8, 9, 7]"
0104744.png,8,"[8, 9, 2]"
0104745.png,8,"[8, 9, 6]"
0104756.png,8,"[8, 2, 6]"
0104760.png,8,"[8, 5, 6]"
0104763.png,8,"[8, 3, 9]"
0104765.png,8,"[8, 2, 3]"
0104786.png,8,"[8, 9, 3]"
0104799.png,8,"[8, 0, 2]"
0104813.png,8,"[8, 9, 5]"
0104814.png,8,"[8, 2, 6]"
0104817.png,8,"[8, 3, 2]"
0104818.png,8,"[8, 2, 9]"
0104819.png,8,"[8, 2, 3]"
0104820.png,8,"[8, 2, 3]"
0104823.png,8,"[8, 2, 3]"
0104826.png,8,"[8, 9, 2]"
0104827.png,8,"[8, 5, 9]"
0104831.png,8,"[8, 9, 3]"
0104833.png,8,"[8, 9, 3]"
0104835.png,9,"[9, 0, 6]"
0104836.png,8,"[8, 9, 7]"
0104858.png,8,"[8, 6, 9]"
0104864.png,1,"[1, 3, 6]"
0104872.png,8,"[8, 9, 6]"
0104875.png,8,"[8, 2, 4]"
0104884.png,8,"[8, 2, 9]"
0104898.png,5,"[5, 8, 2]"
0104900.png,8,"[8, 0, 5]"
0104904.png,8,"[8, 2, 6]"
0104906.png,4,"[4, 2, 5]"
0104908.png,8,"[8, 2, 5]"
0104911.png,8,"[8, 5, 6]"
0104912.png,8,"[8, 0, 2]"
0104918.png,8,"[8, 3, 2]"
0104925.png,8,"[8, 3, 6]"
0104928.png,8,"[8, 9, 3]"
0104930.png,8,"[8, 2, 6]"
0104939.png,8,"[8, 2, 9]"
0104941.png,8,"[8, 2, 9]"
0104945.png,8,"[8, 5, 9]"
0104950.png,8,"[8, 3, 9]"
0104953.png,8,"[8, 9, 6]"
0104955.png,8,"[8, 3, 2]"
0104958.png,9,"[9, 2, 8]"
0104961.png,8,"[8, 2, 3]"
0104962.png,8,"[8, 9, 6]"
0104968.png,8,"[8, 5, 2]"
0104970.png,8,"[8, 2, 3]"
0104976.png,8,"[8, 9, 6]"
0104979.png,8,"[8, 9, 5]"
0104987.png,8,"[8, 2, 9]"
0104988.png,8,"[8, 9, 3]"
0104992.png,8,"[8, 9, 6]"
0104994.png,9,"[9, 8, 2]"
0104995.png,8,"[8, 2, 9]"
0105001.png,8,"[8, 6, 9]"
0105009.png,8,"[8, 3, 9]"
0105010.png,8,"[8, 9, 3]"
0105015.png,8,"[8, 6, 3]"
0105017.png,8,"[8, 2, 6]"
0105019.png,8,"[8, 2, 3]"
0105020.png,8,"[8, 4, 9]"
0105023.png,8,"[8, 3, 9]"
0105025.png,4,"[4, 5, 8]"
0105039.png,8,"[8, 3, 7]"
0105041.png,8,"[8, 2, 3]"
0105047.png,8,"[8, 5, 9]"
0105053.png,8,"[8, 9, 3]"
0105057.png,8,"[8, 9, 6]"
0105066.png,8,"[8, 5, 6]"
0105067.png,8,"[8, 5, 3]"
0105071.png,4,"[4, 2, 6]"
0105073.png,0,"[0, 8, 3]"
0105083.png,8,"[8, 3, 9]"
0105086.png,8,"[8, 3, 2]"
0105088.png,8,"[8, 9, 6]"
0105101.png,8,"[8, 0, 6]"
0105114.png,8,"[8, 3, 9]"
0105115.png,8,"[8, 3, 7]"
0105125.png,8,"[8, 3, 2]"
0105127.png,8,"[8, 3, 6]"
0105132.png,8,"[8, 6, 9]"
0105134.png,8,"[8, 2, 3]"
0105135.png,8,"[8, 3, 2]"
0105136.png,8,"[8, 9, 2]"
0105142.png,8,"[8, 6, 2]"
0105143.png,8,"[8, 3, 6]"
0105153.png,8,"[8, 9, 3]"
0105154.png,8,"[8, 9, 3]"
0105157.png,8,"[8, 3, 6]"
0105162.png,8,"[8, 2, 7]"
0105163.png,8,"[8, 2, 7]"
0105166.png,8,"[8, 9, 2]"
0105167.png,8,"[8, 2, 9]"
0105175.png,8,"[8, 7, 3]"
0105180.png,8,"[8, 9, 3]"
0105186.png,8,"[8, 9, 5]"
0105188.png,8,"[8, 9, 3]"
0105189.png,8,"[8, 3, 9]"
0105190.png,8,"[8, 3, 6]"
0105193.png,8,"[8, 3, 9]"
0105197.png,8,"[8, 2, 6]"
0105213.png,8,"[8, 3, 9]"
0105224.png,8,"[8, 9, 2]"
0105225.png,8,"[8, 9, 6]"
0105228.png,8,"[8, 9, 2]"
0105230.png,8,"[8, 9, 6]"
0105232.png,7,"[7, 8, 9]"
0105241.png,8,"[8, 2, 6]"
0105243.png,8,"[8, 6, 9]"
0105257.png,8,"[8, 9, 3]"
0105260.png,8,"[8, 9, 3]"
0105264.png,8,"[8, 2, 9]"
0105285.png,8,"[8, 2, 3]"
0105296.png,8,"[8, 9, 3]"
0105300.png,8,"[8, 9, 3]"
0105305.png,8,"[8, 5, 3]"
0105316.png,8,"[8, 9, 3]"
0105321.png,8,"[8, 3, 9]"
0105323.png,8,"[8, 5, 3]"
0105325.png,8,"[8, 5, 2]"
0105330.png,8,"[8, 3, 9]"
0105331.png,8,"[8, 3, 2]"
0105340.png,8,"[8, 3, 2]"
0105343.png,8,"[8, 6, 0]"
0105344.png,8,"[8, 3, 9]"
0105345.png,8,"[8, 3, 9]"
0105354.png,2,"[2, 5, 8]"
0105361.png,8,"[8, 3, 2]"
0105362.png,8,"[8, 5, 9]"
0105364.png,8,"[8, 4, 9]"
0105365.png,8,"[8, 4, 3]"
0105367.png,8,"[8, 3, 5]"
0105376.png,8,"[8, 2, 9]"
0105381.png,8,"[8, 2, 9]"
0105383.png,8,"[8, 2, 3]"
0105389.png,8,"[8, 2, 9]"
0105391.png,8,"[8, 5, 4]"
0105393.png,8,"[8, 2, 9]"
0105400.png,8,"[8, 9, 2]"
0105411.png,8,"[8, 3, 2]"
0105414.png,8,"[8, 9, 2]"
0105417.png,8,"[8, 5, 3]"
0105418.png,8,"[8, 6, 2]"
0105422.png,8,"[8, 9, 2]"
0105423.png,8,"[8, 6, 9]"
0105424.png,8,"[8, 9, 2]"
0105427.png,8,"[8, 5, 9]"
0105428.png,8,"[8, 2, 9]"
0105430.png,8,"[8, 9, 7]"
0105431.png,8,"[8, 0, 4]"
0105432.png,8,"[8, 9, 5]"
0105444.png,8,"[8, 9, 7]"
0105449.png,8,"[8, 2, 9]"
0105457.png,8,"[8, 2, 0]"
0105459.png,8,"[8, 9, 2]"
0105467.png,8,"[8, 5, 9]"
0105471.png,8,"[8, 5, 7]"
0105472.png,8,"[8, 5, 3]"
0105480.png,8,"[8, 3, 9]"
0105484.png,5,"[5, 2, 8]"
0105486.png,8,"[8, 5, 3]"
0105490.png,8,"[8, 5, 3]"
0105493.png,8,"[8, 6, 9]"
0105497.png,8,"[8, 9, 2]"
0105505.png,8,"[8, 3, 2]"
0105510.png,8,"[8, 9, 7]"
0105511.png,8,"[8, 9, 3]"
0105514.png,8,"[8, 9, 2]"
0105515.png,8,"[8, 2, 5]"
0105524.png,8,"[8, 3, 7]"
0105529.png,8,"[8, 9, 2]"
0105536.png,8,"[8, 2, 9]"
0105548.png,8,"[8, 5, 2]"
0105552.png,8,"[8, 2, 4]"
0105557.png,8,"[8, 6, 0]"
0105558.png,8,"[8, 3, 6]"
0105560.png,8,"[8, 3, 9]"
0105563.png,8,"[8, 9, 3]"
0105572.png,8,"[8, 9, 6]"
0105584.png,8,"[8, 9, 5]"
0105587.png,8,"[8, 5, 9]"
0105594.png,8,"[8, 2, 3]"
0105596.png,8,"[8, 9, 3]"
0105603.png,8,"[8, 0, 9]"
0105604.png,8,"[8, 3, 2]"
0105607.png,8,"[8, 5, 3]"
0105611.png,8,"[8, 3, 5]"
0105613.png,8,"[8, 9, 2]"
0105619.png,8,"[8, 2, 3]"
0105621.png,8,"[8, 2, 9]"
0105648.png,8,"[8, 9, 6]"
0105650.png,8,"[8, 9, 3]"
0105663.png,8,"[8, 6, 3]"
0105667.png,8,"[8, 2, 5]"
0105671.png,8,"[8, 3, 7]"
0105688.png,4,"[4, 8, 6]"
0105692.png,8,"[8, 3, 6]"
0105699.png,8,"[8, 3, 9]"
0105700.png,8,"[8, 5, 6]"
0105701.png,8,"[8, 2, 9]"
0105708.png,8,"[8, 5, 6]"
0105715.png,8,"[8, 2, 5]"
0105732.png,8,"[8, 3, 9]"
0105733.png,8,"[8, 3, 9]"
0105738.png,8,"[8, 9, 3]"
0105740.png,8,"[8, 6, 9]"
0105743.png,8,"[8, 3, 2]"
0105744.png,9,"[9, 8, 7]"
0105746.png,8,"[8, 9, 7]"
0105750.png,8,"[8, 9, 3]"
0105756.png,8,"[8, 9, 7]"
0105758.png,8,"[8, 9, 2]"
0105766.png,8,"[8, 9, 2]"
0105767.png,8,"[8, 9, 2]"
0105768.png,8,"[8, 6, 2]"
0105770.png,6,"[6, 8, 9]"
0105777.png,8,"[8, 2, 9]"
0105780.png,8,"[8, 9, 2]"
0105783.png,6,"[6, 4, 9]"
0105787.png,8,"[8, 9, 3]"
0105789.png,8,"[8, 2, 4]"
0105791.png,8,"[8, 3, 6]"
0105795.png,5,"[5, 8, 9]"
0105801.png,8,"[8, 7, 9]"
0105802.png,8,"[8, 9, 6]"
0105803.png,8,"[8, 9, 6]"
0105808.png,8,"[8, 9, 3]"
0105822.png,8,"[8, 9, 4]"
0105830.png,8,"[8, 9, 3]"
0105834.png,8,"[8, 9, 2]"
0105847.png,8,"[8, 9, 3]"
0105850.png,8,"[8, 5, 2]"
0105859.png,8,"[8, 3, 6]"
0105861.png,8,"[8, 2, 3]"
0105871.png,8,"[8, 2, 3]"
0105873.png,8,"[8, 6, 3]"
0105881.png,8,"[8, 5, 6]"
0105885.png,6,"[6, 8, 9]"
0105888.png,8,"[8, 3, 9]"
0105895.png,8,"[8, 6, 2]"
0105904.png,8,"[8, 9, 6]"
0105910.png,8,"[8, 5, 2]"
0105912.png,8,"[8, 3, 5]"
0105916.png,8,"[8, 5, 9]"
0105926.png,8,"[8, 9, 3]"
0105927.png,8,"[8, 2, 3]"
0105931.png,8,"[8, 6, 9]"
0105933.png,8,"[8, 5, 3]"
0105940.png,8,"[8, 9, 2]"
0105942.png,8,"[8, 2, 9]"
0105944.png,8,"[8, 9, 3]"
0105945.png,8,"[8, 2, 6]"
0105946.png,8,"[8, 3, 9]"
0105947.png,8,"[8, 3, 9]"
0105951.png,8,"[8, 6, 0]"
0105953.png,8,"[8, 2, 3]"
0105956.png,8,"[8, 3, 9]"
0105958.png,8,"[8, 5, 9]"
0105959.png,8,"[8, 2, 9]"
0105963.png,8,"[8, 3, 6]"
0105966.png,8,"[8, 3, 9]"
0105969.png,8,"[8, 5, 9]"
0105970.png,0,"[0, 8, 6]"
0105971.png,0,"[0, 2, 8]"
0105972.png,8,"[8, 9, 2]"
0105978.png,8,"[8, 9, 2]"
0105986.png,8,"[8, 3, 2]"
0105987.png,8,"[8, 2, 9]"
0105998.png,8,"[8, 3, 0]"
0106003.png,8,"[8, 2, 3]"
0106007.png,8,"[8, 3, 9]"
0106012.png,9,"[9, 8, 3]"
0106021.png,8,"[8, 3, 0]"
0106028.png,8,"[8, 2, 3]"
0106030.png,8,"[8, 0, 6]"
0106036.png,8,"[8, 2, 9]"
0106040.png,8,"[8, 3, 4]"
0106043.png,8,"[8, 3, 9]"
0106051.png,8,"[8, 9, 3]"
0106052.png,8,"[8, 3, 2]"
0106054.png,8,"[8, 9, 6]"
0106061.png,8,"[8, 6, 9]"
0106072.png,8,"[8, 2, 3]"
0106076.png,8,"[8, 6, 5]"
0106078.png,8,"[8, 2, 5]"
0106081.png,8,"[8, 9, 6]"
0106082.png,8,"[8, 3, 6]"
0106087.png,8,"[8, 2, 3]"
0106089.png,8,"[8, 9, 2]"
0106093.png,8,"[8, 9, 2]"
0106095.png,8,"[8, 9, 6]"
0106103.png,8,"[8, 3, 2]"
0106119.png,8,"[8, 9, 2]"
0106134.png,8,"[8, 9, 2]"
0106140.png,8,"[8, 9, 6]"
0106149.png,5,"[5, 8, 6]"
0106154.png,8,"[8, 9, 5]"
0106158.png,8,"[8, 9, 6]"
0106163.png,8,"[8, 3, 9]"
0106164.png,8,"[8, 2, 4]"
0106169.png,8,"[8, 2, 9]"
0106170.png,8,"[8, 3, 9]"
0106171.png,8,"[8, 2, 5]"
0106174.png,8,"[8, 6, 9]"
0106180.png,8,"[8, 5, 3]"
0106182.png,8,"[8, 9, 6]"
0106184.png,8,"[8, 9, 3]"
0106200.png,8,"[8, 9, 7]"
0106206.png,8,"[8, 3, 2]"
0106207.png,2,"[2, 3, 0]"
0106226.png,2,"[2, 9, 4]"
0106227.png,8,"[8, 2, 9]"
0106228.png,8,"[8, 3, 9]"
0106241.png,5,"[5, 8, 2]"
0106242.png,8,"[8, 4, 2]"
0106246.png,8,"[8, 2, 6]"
0106251.png,8,"[8, 6, 3]"
0106253.png,8,"[8, 3, 6]"
0106259.png,8,"[8, 5, 6]"
0106261.png,8,"[8, 2, 0]"
0106262.png,8,"[8, 5, 6]"
0106263.png,8,"[8, 5, 3]"
0106269.png,8,"[8, 2, 9]"
0106283.png,8,"[8, 3, 9]"
0106291.png,8,"[8, 3, 0]"
0106297.png,8,"[8, 9, 6]"
0106308.png,8,"[8, 9, 6]"
0106311.png,8,"[8, 9, 6]"
0106313.png,8,"[8, 6, 3]"
0106319.png,8,"[8, 3, 2]"
0106334.png,8,"[8, 9, 2]"
0106342.png,8,"[8, 2, 0]"
0106346.png,8,"[8, 3, 2]"
0106347.png,8,"[8, 3, 9]"
0106351.png,8,"[8, 3, 9]"
0106356.png,9,"[9, 8, 6]"
0106361.png,8,"[8, 3, 2]"
0106367.png,5,"[5, 8, 6]"
0106368.png,8,"[8, 9, 6]"
0106371.png,8,"[8, 3, 9]"
0106376.png,8,"[8, 2, 3]"
0106378.png,8,"[8, 9, 3]"
0106379.png,8,"[8, 3, 9]"
0106382.png,8,"[8, 0, 2]"
0106391.png,8,"[8, 2, 4]"
0106401.png,8,"[8, 3, 2]"
0106404.png,8,"[8, 9, 3]"
0106417.png,8,"[8, 3, 2]"
0106427.png,8,"[8, 2, 3]"
0106430.png,8,"[8, 9, 3]"
0106435.png,8,"[8, 0, 6]"
0106442.png,0,"[0, 2, 8]"
0106446.png,8,"[8, 9, 2]"
0106454.png,8,"[8, 9, 3]"
0106460.png,8,"[8, 2, 5]"
0106468.png,8,"[8, 9, 2]"
0106476.png,8,"[8, 9, 6]"
0106479.png,8,"[8, 4, 5]"
0106483.png,8,"[8, 2, 9]"
0106484.png,8,"[8, 3, 9]"
0106487.png,8,"[8, 2, 0]"
0106498.png,9,"[9, 3, 8]"
0106499.png,9,"[9, 8, 6]"
0106500.png,8,"[8, 3, 9]"
0106502.png,8,"[8, 2, 0]"
0106505.png,8,"[8, 3, 6]"
0106506.png,0,"[0, 9, 8]"
0106507.png,8,"[8, 0, 3]"
0106511.png,5,"[5, 8, 6]"
0106518.png,8,"[8, 9, 3]"
0106520.png,5,"[5, 8, 3]"
0106528.png,8,"[8, 3, 6]"
0106530.png,8,"[8, 9, 3]"
0106534.png,8,"[8, 6, 5]"
0106539.png,8,"[8, 6, 3]"
0106540.png,8,"[8, 6, 0]"
0106552.png,8,"[8, 6, 2]"
0106560.png,8,"[8, 2, 9]"
0106571.png,8,"[8, 9, 2]"
0106573.png,8,"[8, 3, 2]"
0106575.png,8,"[8, 9, 2]"
0106580.png,8,"[8, 9, 2]"
0106584.png,8,"[8, 3, 2]"
0106592.png,8,"[8, 3, 7]"
0106606.png,8,"[8, 5, 3]"
0106619.png,8,"[8, 2, 9]"
0106629.png,8,"[8, 9, 2]"
0106641.png,8,"[8, 3, 2]"
0106642.png,8,"[8, 9, 3]"
0106649.png,8,"[8, 9, 5]"
0106658.png,8,"[8, 9, 2]"
0106679.png,6,"[6, 8, 3]"
0106686.png,8,"[8, 0, 2]"
0106690.png,8,"[8, 6, 3]"
0106695.png,8,"[8, 5, 3]"
0106701.png,8,"[8, 0, 2]"
0106702.png,8,"[8, 9, 2]"
0106711.png,8,"[8, 5, 3]"
0106712.png,8,"[8, 9, 3]"
0106715.png,8,"[8, 6, 9]"
0106719.png,8,"[8, 9, 2]"
0106720.png,8,"[8, 9, 3]"
0106721.png,8,"[8, 3, 6]"
0106722.png,8,"[8, 9, 2]"
0106723.png,8,"[8, 3, 2]"
0106724.png,9,"[9, 8, 2]"
0106725.png,8,"[8, 2, 9]"
0106736.png,8,"[8, 3, 2]"
0106739.png,8,"[8, 9, 6]"
0106744.png,8,"[8, 6, 9]"
0106745.png,8,"[8, 9, 2]"
0106759.png,8,"[8, 3, 9]"
0106766.png,8,"[8, 9, 3]"
0106780.png,2,"[2, 9, 5]"
0106783.png,8,"[8, 9, 7]"
0106788.png,8,"[8, 2, 3]"
0106790.png,8,"[8, 2, 6]"
0106791.png,8,"[8, 5, 3]"
0106792.png,8,"[8, 3, 9]"
0106802.png,8,"[8, 6, 4]"
0106807.png,8,"[8, 2, 3]"
0106809.png,8,"[8, 3, 5]"
0106812.png,8,"[8, 2, 7]"
0106814.png,8,"[8, 9, 2]"
0106816.png,8,"[8, 2, 9]"
0106820.png,8,"[8, 9, 3]"
0106821.png,8,"[8, 2, 3]"
0106822.png,8,"[8, 5, 3]"
0106824.png,8,"[8, 2, 9]"
0106828.png,8,"[8, 9, 2]"
0106830.png,3,"[3, 9, 8]"
0106837.png,8,"[8, 2, 3]"
0106839.png,8,"[8, 5, 3]"
0106840.png,8,"[8, 5, 6]"
0106843.png,8,"[8, 2, 4]"
0106850.png,3,"[3, 5, 8]"
0106857.png,8,"[8, 9, 2]"
0106861.png,5,"[5, 3, 2]"
0106870.png,8,"[8, 6, 2]"
0106875.png,8,"[8, 2, 4]"
0106878.png,8,"[8, 2, 3]"
0106893.png,6,"[6, 8, 5]"
0106903.png,8,"[8, 9, 6]"
0106905.png,8,"[8, 3, 9]"
0106907.png,8,"[8, 9, 3]"
0106908.png,8,"[8, 3, 9]"
0106912.png,8,"[8, 9, 3]"
0106915.png,8,"[8, 9, 6]"
0106917.png,8,"[8, 3, 2]"
0106923.png,8,"[8, 3, 9]"
0106925.png,8,"[8, 3, 2]"
0106930.png,8,"[8, 9, 3]"
0106946.png,8,"[8, 9, 3]"
0106947.png,8,"[8, 9, 2]"
0106951.png,8,"[8, 0, 3]"
0106965.png,8,"[8, 6, 9]"
0106970.png,8,"[8, 9, 6]"
0106973.png,8,"[8, 9, 6]"
0106983.png,8,"[8, 9, 3]"
0106984.png,8,"[8, 9, 7]"
0106995.png,8,"[8, 9, 5]"
0107003.png,8,"[8, 9, 6]"
0107014.png,8,"[8, 9, 3]"
0107017.png,8,"[8, 3, 9]"
0107019.png,8,"[8, 6, 5]"
0107029.png,8,"[8, 2, 3]"
0107033.png,5,"[5, 8, 3]"
0107037.png,8,"[8, 9, 3]"
0107040.png,8,"[8, 2, 9]"
0107045.png,8,"[8, 2, 6]"
0107050.png,8,"[8, 2, 9]"
0107053.png,8,"[8, 0, 2]"
0107054.png,8,"[8, 3, 9]"
0107064.png,8,"[8, 2, 9]"
0107065.png,8,"[8, 3, 2]"
0107074.png,8,"[8, 3, 6]"
0107081.png,8,"[8, 1, 2]"
0107087.png,8,"[8, 9, 6]"
0107100.png,8,"[8, 9, 2]"
0107104.png,8,"[8, 9, 5]"
0107107.png,8,"[8, 3, 2]"
0107109.png,8,"[8, 3, 2]"
0107110.png,8,"[8, 9, 6]"
0107112.png,8,"[8, 9, 3]"
0107115.png,8,"[8, 3, 9]"
0107119.png,8,"[8, 3, 5]"
0107130.png,8,"[8, 9, 3]"
0107131.png,8,"[8, 9, 3]"
0107134.png,0,"[0, 8, 1]"
0107135.png,8,"[8, 1, 6]"
0107144.png,8,"[8, 3, 9]"
0107149.png,8,"[8, 9, 6]"
0107150.png,9,"[9, 8, 3]"
0107153.png,8,"[8, 9, 2]"
0107161.png,8,"[8, 0, 6]"
0107162.png,9,"[9, 6, 8]"
0107163.png,8,"[8, 9, 2]"
0107164.png,8,"[8, 9, 2]"
0107165.png,8,"[8, 9, 2]"
0107170.png,8,"[8, 9, 6]"
0107175.png,8,"[8, 2, 6]"
0107176.png,8,"[8, 9, 6]"
0107181.png,8,"[8, 9, 6]"
0107183.png,9,"[9, 8, 6]"
0107192.png,8,"[8, 6, 9]"
0107201.png,8,"[8, 9, 3]"
0107202.png,8,"[8, 2, 7]"
0107209.png,8,"[8, 9, 2]"
0107224.png,8,"[8, 2, 3]"
0107230.png,8,"[8, 3, 2]"
0107231.png,3,"[3, 8, 2]"
0107236.png,8,"[8, 2, 9]"
0107241.png,8,"[8, 9, 3]"
0107243.png,8,"[8, 2, 9]"
0107248.png,8,"[8, 3, 9]"
0107251.png,8,"[8, 2, 3]"
0107252.png,8,"[8, 9, 6]"
0107262.png,8,"[8, 5, 9]"
0107269.png,8,"[8, 5, 6]"
0107276.png,8,"[8, 6, 3]"
0107277.png,8,"[8, 6, 4]"
0107279.png,8,"[8, 6, 5]"
0107282.png,9,"[9, 8, 6]"
0107287.png,8,"[8, 9, 3]"
0107288.png,8,"[8, 9, 3]"
0107289.png,8,"[8, 9, 3]"
0107291.png,8,"[8, 6, 5]"
0107294.png,8,"[8, 9, 3]"
0107298.png,8,"[8, 5, 3]"
0107315.png,8,"[8, 5, 9]"
0107318.png,8,"[8, 2, 0]"
0107322.png,8,"[8, 3, 9]"
0107326.png,8,"[8, 6, 9]"
0107338.png,8,"[8, 6, 9]"
0107340.png,8,"[8, 9, 3]"
0107342.png,8,"[8, 9, 5]"
0107347.png,8,"[8, 3, 2]"
0107349.png,8,"[8, 3, 2]"
0107351.png,8,"[8, 5, 2]"
0107353.png,8,"[8, 3, 9]"
0107354.png,8,"[8, 9, 6]"
0107364.png,8,"[8, 9, 3]"
0107365.png,8,"[8, 9, 3]"
0107371.png,8,"[8, 9, 6]"
0107372.png,8,"[8, 6, 5]"
0107378.png,8,"[8, 2, 6]"
0107386.png,8,"[8, 9, 2]"
0107388.png,2,"[2, 6, 8]"
0107399.png,8,"[8, 9, 3]"
0107400.png,8,"[8, 3, 6]"
0107404.png,8,"[8, 9, 3]"
0107405.png,8,"[8, 3, 6]"
0107412.png,8,"[8, 2, 9]"
0107422.png,8,"[8, 2, 3]"
0107435.png,8,"[8, 3, 6]"
0107441.png,8,"[8, 5, 3]"
0107445.png,8,"[8, 2, 3]"
0107450.png,8,"[8, 3, 9]"
0107451.png,8,"[8, 3, 2]"
0107462.png,8,"[8, 9, 3]"
0107477.png,8,"[8, 9, 7]"
0107494.png,8,"[8, 7, 4]"
0107498.png,8,"[8, 9, 7]"
0107505.png,8,"[8, 5, 3]"
0107508.png,8,"[8, 9, 2]"
0107515.png,8,"[8, 5, 9]"
0107521.png,8,"[8, 9, 2]"
0107524.png,8,"[8, 9, 6]"
0107527.png,8,"[8, 3, 9]"
0107532.png,8,"[8, 2, 9]"
0107533.png,8,"[8, 9, 2]"
0107534.png,8,"[8, 9, 3]"
0107535.png,8,"[8, 9, 2]"
0107536.png,8,"[8, 4, 3]"
0107545.png,8,"[8, 5, 6]"
0107548.png,9,"[9, 7, 8]"
0107550.png,8,"[8, 9, 3]"
0107555.png,8,"[8, 3, 5]"
0107556.png,8,"[8, 9, 3]"
0107559.png,8,"[8, 9, 6]"
0107566.png,8,"[8, 6, 9]"
0107568.png,8,"[8, 2, 9]"
0107572.png,8,"[8, 6, 4]"
0107573.png,8,"[8, 4, 6]"
0107574.png,3,"[3, 8, 9]"
0107575.png,8,"[8, 3, 9]"
0107580.png,8,"[8, 2, 7]"
0107586.png,8,"[8, 5, 6]"
0107593.png,8,"[8, 9, 3]"
0107596.png,8,"[8, 6, 9]"
0107604.png,8,"[8, 9, 2]"
0107613.png,8,"[8, 6, 3]"
0107615.png,8,"[8, 9, 2]"
0107631.png,8,"[8, 9, 3]"
0107632.png,9,"[9, 6, 8]"
0107634.png,8,"[8, 9, 2]"
0107635.png,8,"[8, 9, 2]"
0107638.png,8,"[8, 7, 2]"
0107640.png,8,"[8, 9, 1]"
0107642.png,2,"[2, 5, 7]"
0107647.png,8,"[8, 2, 3]"
0107654.png,8,"[8, 9, 3]"
0107668.png,6,"[6, 8, 0]"
0107670.png,8,"[8, 2, 5]"
0107682.png,8,"[8, 9, 5]"
0107692.png,8,"[8, 3, 9]"
0107701.png,8,"[8, 4, 2]"
0107704.png,8,"[8, 6, 5]"
0107715.png,8,"[8, 9, 2]"
0107719.png,8,"[8, 3, 2]"
0107726.png,8,"[8, 9, 3]"
0107741.png,8,"[8, 5, 3]"
0107748.png,0,"[0, 8, 6]"
0107749.png,8,"[8, 3, 0]"
0107752.png,8,"[8, 9, 6]"
0107757.png,8,"[8, 3, 9]"
0107767.png,8,"[8, 5, 9]"
0107777.png,6,"[6, 5, 8]"
0107784.png,8,"[8, 9, 7]"
0107785.png,8,"[8, 9, 3]"
0107788.png,8,"[8, 6, 9]"
0107792.png,8,"[8, 6, 9]"
0107793.png,8,"[8, 7, 3]"
0107796.png,8,"[8, 9, 7]"
0107815.png,8,"[8, 3, 9]"
0107818.png,8,"[8, 9, 6]"
0107822.png,8,"[8, 5, 6]"
0107825.png,8,"[8, 3, 9]"
0107828.png,8,"[8, 2, 5]"
0107837.png,8,"[8, 3, 6]"
0107850.png,8,"[8, 9, 7]"
0107851.png,8,"[8, 9, 3]"
0107852.png,8,"[8, 4, 3]"
0107859.png,8,"[8, 2, 3]"
0107863.png,8,"[8, 2, 3]"
0107866.png,8,"[8, 6, 4]"
0107875.png,8,"[8, 3, 9]"
0107878.png,8,"[8, 2, 9]"
0107900.png,8,"[8, 9, 7]"
0107912.png,8,"[8, 2, 9]"
0107914.png,8,"[8, 9, 3]"
0107917.png,8,"[8, 2, 3]"
0107929.png,8,"[8, 6, 3]"
0107932.png,8,"[8, 9, 3]"
0107933.png,8,"[8, 5, 9]"
0107935.png,8,"[8, 3, 9]"
0107940.png,8,"[8, 3, 2]"
0107964.png,6,"[6, 9, 8]"
0107970.png,8,"[8, 2, 5]"
0107971.png,8,"[8, 2, 6]"
0107982.png,8,"[8, 2, 9]"
0108003.png,8,"[8, 2, 9]"
0108004.png,8,"[8, 3, 2]"
0108019.png,8,"[8, 3, 0]"
0108020.png,8,"[8, 2, 9]"
0108021.png,8,"[8, 2, 0]"
0108036.png,8,"[8, 2, 9]"
0108038.png,8,"[8, 5, 9]"
0108046.png,8,"[8, 2, 3]"
0108049.png,8,"[8, 9, 6]"
0108055.png,8,"[8, 2, 9]"
0108057.png,8,"[8, 3, 9]"
0108059.png,8,"[8, 9, 6]"
0108060.png,8,"[8, 7, 9]"
0108062.png,8,"[8, 9, 3]"
0108064.png,8,"[8, 9, 6]"
0108066.png,8,"[8, 3, 9]"
0108072.png,8,"[8, 6, 3]"
0108087.png,8,"[8, 2, 3]"
0108088.png,8,"[8, 9, 2]"
0108090.png,8,"[8, 3, 9]"
0108117.png,8,"[8, 9, 2]"
0108120.png,8,"[8, 5, 3]"
0108130.png,8,"[8, 9, 3]"
0108140.png,8,"[8, 2, 9]"
0108145.png,8,"[8, 9, 3]"
0108150.png,8,"[8, 3, 5]"
0108155.png,8,"[8, 2, 6]"
0108156.png,8,"[8, 2, 5]"
0108162.png,8,"[8, 9, 2]"
0108164.png,8,"[8, 2, 6]"
0108165.png,8,"[8, 2, 6]"
0108181.png,8,"[8, 3, 2]"
0108187.png,8,"[8, 6, 3]"
0108189.png,8,"[8, 3, 9]"
0108192.png,0,"[0, 3, 1]"
0108202.png,8,"[8, 9, 6]"
0108211.png,8,"[8, 2, 3]"
0108227.png,8,"[8, 9, 2]"
0108228.png,9,"[9, 8, 7]"
0108229.png,9,"[9, 8, 6]"
0108230.png,8,"[8, 9, 3]"
0108236.png,8,"[8, 9, 3]"
0108238.png,8,"[8, 2, 6]"
0108240.png,8,"[8, 9, 3]"
0108242.png,8,"[8, 2, 3]"
0108243.png,8,"[8, 2, 3]"
0108246.png,8,"[8, 5, 6]"
0108247.png,8,"[8, 5, 9]"
0108249.png,8,"[8, 3, 9]"
0108268.png,8,"[8, 2, 3]"
0108269.png,8,"[8, 2, 3]"
0108275.png,8,"[8, 3, 2]"
0108282.png,8,"[8, 9, 3]"
0108287.png,8,"[8, 3, 6]"
0108293.png,8,"[8, 3, 5]"
0108297.png,8,"[8, 3, 9]"
0108306.png,8,"[8, 9, 3]"
0108316.png,8,"[8, 3, 2]"
0108339.png,8,"[8, 9, 2]"
0108345.png,8,"[8, 2, 7]"
0108354.png,8,"[8, 2, 9]"
0108357.png,8,"[8, 9, 3]"
0108360.png,8,"[8, 9, 6]"
0108362.png,8,"[8, 3, 2]"
0108367.png,8,"[8, 2, 9]"
0108379.png,8,"[8, 5, 6]"
0108388.png,8,"[8, 9, 2]"
0108394.png,8,"[8, 5, 7]"
0108398.png,8,"[8, 6, 9]"
0108401.png,8,"[8, 2, 3]"
0108403.png,8,"[8, 3, 6]"
0108414.png,8,"[8, 9, 2]"
0108420.png,8,"[8, 6, 0]"
0108421.png,8,"[8, 6, 3]"
0108442.png,8,"[8, 3, 9]"
0108450.png,8,"[8, 4, 9]"
0108453.png,8,"[8, 3, 2]"
0108455.png,8,"[8, 2, 9]"
0108467.png,8,"[8, 5, 2]"
0108471.png,8,"[8, 2, 3]"
0108473.png,8,"[8, 6, 5]"
0108479.png,8,"[8, 5, 3]"
0108480.png,8,"[8, 5, 6]"
0108483.png,8,"[8, 5, 2]"
0108486.png,8,"[8, 9, 2]"
0108488.png,8,"[8, 2, 3]"
0108506.png,8,"[8, 9, 2]"
0108516.png,8,"[8, 2, 9]"
0108529.png,8,"[8, 2, 7]"
0108534.png,8,"[8, 9, 2]"
0108544.png,8,"[8, 9, 2]"
0108547.png,8,"[8, 2, 9]"
0108548.png,8,"[8, 9, 3]"
0108552.png,8,"[8, 2, 6]"
0108553.png,8,"[8, 2, 3]"
0108561.png,8,"[8, 9, 2]"
0108574.png,8,"[8, 2, 3]"
0108584.png,8,"[8, 3, 5]"
0108592.png,8,"[8, 5, 6]"
0108597.png,8,"[8, 3, 4]"
0108605.png,8,"[8, 5, 6]"
0108612.png,8,"[8, 5, 2]"
0108620.png,8,"[8, 9, 7]"
0108622.png,8,"[8, 2, 3]"
0108633.png,8,"[8, 5, 6]"
0108639.png,8,"[8, 5, 3]"
0108642.png,8,"[8, 9, 2]"
0108643.png,8,"[8, 9, 3]"
0108658.png,8,"[8, 9, 7]"
0108662.png,8,"[8, 3, 6]"
0108663.png,8,"[8, 5, 3]"
0108667.png,8,"[8, 3, 6]"
0108673.png,8,"[8, 9, 6]"
0108675.png,8,"[8, 2, 3]"
0108682.png,8,"[8, 5, 2]"
0108684.png,8,"[8, 3, 2]"
0108689.png,8,"[8, 5, 2]"
0108696.png,8,"[8, 2, 9]"
0108705.png,8,"[8, 2, 9]"
0108730.png,8,"[8, 9, 6]"
0108738.png,8,"[8, 3, 9]"
0108739.png,8,"[8, 3, 5]"
0108754.png,8,"[8, 9, 3]"
0108756.png,8,"[8, 5, 3]"
0108773.png,8,"[8, 9, 2]"
0108775.png,8,"[8, 9, 2]"
0108782.png,8,"[8, 9, 6]"
0108788.png,8,"[8, 2, 5]"
0108794.png,8,"[8, 9, 2]"
0108796.png,8,"[8, 5, 6]"
0108798.png,8,"[8, 9, 3]"
0108801.png,8,"[8, 3, 9]"
0108803.png,8,"[8, 3, 9]"
0108813.png,8,"[8, 9, 2]"
0108817.png,8,"[8, 5, 6]"
0108819.png,8,"[8, 5, 6]"
0108834.png,8,"[8, 2, 9]"
0108838.png,2,"[2, 0, 8]"
0108841.png,6,"[6, 8, 3]"
0108847.png,8,"[8, 6, 9]"
0108848.png,8,"[8, 6, 9]"
0108849.png,8,"[8, 6, 2]"
0108859.png,8,"[8, 0, 6]"
0108862.png,0,"[0, 6, 2]"
0108865.png,8,"[8, 0, 6]"
0108868.png,9,"[9, 8, 3]"
0108871.png,3,"[3, 8, 9]"
0108872.png,8,"[8, 0, 3]"
0108878.png,8,"[8, 6, 4]"
0108880.png,8,"[8, 9, 2]"
0108882.png,8,"[8, 9, 6]"
0108883.png,8,"[8, 2, 9]"
0108885.png,8,"[8, 9, 2]"
0108886.png,8,"[8, 3, 9]"
0108895.png,8,"[8, 2, 9]"
0108912.png,8,"[8, 2, 6]"
0108915.png,8,"[8, 2, 3]"
0108917.png,8,"[8, 9, 2]"
0108928.png,5,"[5, 6, 8]"
0108929.png,8,"[8, 5, 2]"
0108932.png,8,"[8, 9, 3]"
0108937.png,8,"[8, 9, 2]"
0108938.png,8,"[8, 0, 9]"
0108939.png,8,"[8, 2, 9]"
0108944.png,8,"[8, 9, 3]"
0108945.png,8,"[8, 9, 3]"
0108946.png,8,"[8, 9, 6]"
0108951.png,8,"[8, 2, 9]"
0108955.png,8,"[8, 2, 9]"
0108956.png,8,"[8, 2, 9]"
0108959.png,8,"[8, 9, 2]"
0108964.png,8,"[8, 2, 9]"
0108971.png,8,"[8, 9, 2]"
0108981.png,8,"[8, 9, 6]"
0108983.png,8,"[8, 3, 9]"
0108990.png,8,"[8, 3, 9]"
0108991.png,8,"[8, 6, 3]"
0108996.png,8,"[8, 9, 3]"
0109013.png,8,"[8, 9, 3]"
0109014.png,8,"[8, 9, 3]"
0109026.png,8,"[8, 9, 3]"
0109028.png,8,"[8, 9, 6]"
0109031.png,8,"[8, 9, 3]"
0109036.png,8,"[8, 2, 9]"
0109039.png,8,"[8, 3, 6]"
0109045.png,8,"[8, 3, 9]"
0109047.png,8,"[8, 3, 9]"
0109048.png,8,"[8, 9, 7]"
0109049.png,8,"[8, 9, 7]"
0109061.png,8,"[8, 9, 3]"
0109063.png,8,"[8, 5, 3]"
0109064.png,9,"[9, 8, 3]"
0109068.png,8,"[8, 9, 3]"
0109074.png,8,"[8, 9, 3]"
0109080.png,4,"[4, 8, 2]"
0109092.png,8,"[8, 9, 6]"
0109099.png,8,"[8, 3, 2]"
0109102.png,8,"[8, 9, 6]"
0109117.png,8,"[8, 9, 3]"
0109127.png,8,"[8, 2, 4]"
0109129.png,5,"[5, 8, 3]"
0109139.png,8,"[8, 9, 7]"
0109140.png,8,"[8, 9, 6]"
0109141.png,8,"[8, 9, 6]"
0109156.png,8,"[8, 3, 2]"
0109158.png,8,"[8, 9, 3]"
0109170.png,8,"[8, 3, 9]"
0109175.png,8,"[8, 3, 9]"
0109179.png,8,"[8, 5, 9]"
0109181.png,8,"[8, 3, 2]"
0109186.png,8,"[8, 2, 6]"
0109195.png,8,"[8, 9, 3]"
0109199.png,8,"[8, 9, 3]"
0109200.png,8,"[8, 9, 6]"
0109214.png,8,"[8, 9, 3]"
0109231.png,6,"[6, 8, 3]"
0109237.png,8,"[8, 2, 3]"
0109242.png,8,"[8, 2, 0]"
0109243.png,8,"[8, 2, 6]"
0109244.png,8,"[8, 9, 3]"
0109245.png,8,"[8, 3, 9]"
0109246.png,8,"[8, 6, 9]"
0109253.png,8,"[8, 3, 9]"
0109255.png,8,"[8, 2, 9]"
0109256.png,8,"[8, 9, 2]"
0109259.png,8,"[8, 2, 4]"
0109264.png,0,"[0, 8, 9]"
0109275.png,8,"[8, 9, 3]"
0109287.png,8,"[8, 9, 3]"
0109296.png,8,"[8, 9, 3]"
0109309.png,8,"[8, 3, 6]"
0109316.png,8,"[8, 9, 3]"
0109317.png,8,"[8, 9, 3]"
0109320.png,3,"[3, 8, 9]"
0109332.png,8,"[8, 9, 6]"
0109336.png,8,"[8, 9, 3]"
0109340.png,8,"[8, 3, 9]"
0109349.png,8,"[8, 9, 2]"
0109358.png,8,"[8, 3, 9]"
0109361.png,8,"[8, 5, 2]"
0109371.png,4,"[4, 6, 9]"
0109375.png,8,"[8, 6, 2]"
0109376.png,8,"[8, 6, 9]"
0109377.png,8,"[8, 9, 5]"
0109380.png,8,"[8, 9, 2]"
0109385.png,8,"[8, 9, 3]"
0109389.png,8,"[8, 2, 3]"
0109402.png,2,"[2, 8, 9]"
0109411.png,2,"[2, 4, 8]"
0109412.png,8,"[8, 9, 6]"
0109422.png,8,"[8, 3, 9]"
0109423.png,8,"[8, 3, 2]"
0109426.png,8,"[8, 2, 9]"
0109429.png,8,"[8, 2, 9]"
0109431.png,5,"[5, 8, 2]"
0109435.png,2,"[2, 6, 5]"
0109438.png,2,"[2, 8, 9]"
0109440.png,8,"[8, 2, 5]"
0109442.png,8,"[8, 2, 6]"
0109455.png,8,"[8, 3, 2]"
0109463.png,8,"[8, 2, 9]"
0109468.png,8,"[8, 2, 9]"
0109479.png,8,"[8, 3, 9]"
0109480.png,8,"[8, 2, 9]"
0109481.png,8,"[8, 9, 3]"
0109486.png,8,"[8, 2, 6]"
0109490.png,8,"[8, 4, 9]"
0109512.png,8,"[8, 2, 9]"
0109515.png,8,"[8, 3, 9]"
0109518.png,8,"[8, 9, 2]"
0109520.png,8,"[8, 9, 5]"
0109527.png,8,"[8, 9, 2]"
0109530.png,8,"[8, 9, 2]"
0109531.png,8,"[8, 2, 9]"
0109534.png,8,"[8, 2, 9]"
0109535.png,8,"[8, 5, 9]"
0109538.png,8,"[8, 9, 6]"
0109548.png,8,"[8, 6, 2]"
0109557.png,8,"[8, 3, 9]"
0109560.png,2,"[2, 7, 8]"
0109561.png,8,"[8, 7, 2]"
0109564.png,8,"[8, 3, 9]"
0109565.png,8,"[8, 5, 3]"
0109569.png,8,"[8, 5, 3]"
0109576.png,3,"[3, 9, 8]"
0109579.png,2,"[2, 8, 5]"
0109582.png,4,"[4, 6, 2]"
0109584.png,2,"[2, 5, 8]"
0109594.png,8,"[8, 0, 6]"
0109596.png,8,"[8, 5, 2]"
0109602.png,8,"[8, 3, 6]"
0109608.png,6,"[6, 0, 1]"
0109613.png,8,"[8, 5, 2]"
0109619.png,8,"[8, 9, 2]"
0109623.png,8,"[8, 5, 6]"
0109630.png,8,"[8, 5, 2]"
0109631.png,8,"[8, 2, 6]"
0109632.png,8,"[8, 9, 2]"
0109645.png,8,"[8, 2, 6]"
0109646.png,8,"[8, 9, 3]"
0109653.png,8,"[8, 9, 3]"
0109658.png,8,"[8, 9, 2]"
0109659.png,8,"[8, 2, 9]"
0109660.png,8,"[8, 5, 2]"
0109664.png,8,"[8, 3, 6]"
0109678.png,8,"[8, 3, 9]"
0109681.png,8,"[8, 9, 6]"
0109689.png,5,"[5, 8, 6]"
0109696.png,8,"[8, 2, 9]"
0109700.png,8,"[8, 9, 2]"
0109716.png,8,"[8, 2, 9]"
0109724.png,8,"[8, 9, 3]"
0109729.png,8,"[8, 2, 3]"
0109730.png,6,"[6, 8, 3]"
0109737.png,8,"[8, 2, 9]"
0109746.png,8,"[8, 3, 9]"
0109752.png,8,"[8, 2, 9]"
0109753.png,8,"[8, 9, 6]"
0109754.png,2,"[2, 8, 4]"
0109755.png,8,"[8, 3, 2]"
0109760.png,8,"[8, 3, 2]"
0109770.png,8,"[8, 9, 3]"
0109779.png,8,"[8, 9, 6]"
0109781.png,8,"[8, 3, 2]"
0109785.png,8,"[8, 9, 6]"
0109786.png,3,"[3, 9, 8]"
0109787.png,8,"[8, 9, 3]"
0109788.png,8,"[8, 3, 9]"
0109790.png,8,"[8, 3, 5]"
0109798.png,8,"[8, 9, 6]"
0109802.png,8,"[8, 9, 2]"
0109803.png,8,"[8, 9, 2]"
0109804.png,8,"[8, 9, 2]"
0109810.png,8,"[8, 3, 9]"
0109812.png,9,"[9, 8, 6]"
0109816.png,8,"[8, 3, 9]"
0109820.png,8,"[8, 3, 9]"
0109826.png,8,"[8, 2, 5]"
0109831.png,8,"[8, 9, 3]"
0109832.png,8,"[8, 9, 6]"
0109836.png,2,"[2, 6, 9]"
0109841.png,8,"[8, 2, 3]"
0109842.png,8,"[8, 2, 3]"
0109848.png,7,"[7, 9, 4]"
0109854.png,2,"[2, 9, 4]"
0109856.png,8,"[8, 2, 9]"
0109857.png,9,"[9, 2, 0]"
0109858.png,9,"[9, 3, 8]"
0109860.png,9,"[9, 8, 7]"
0109868.png,2,"[2, 9, 3]"
0109871.png,9,"[9, 4, 6]"
0109886.png,9,"[9, 8, 2]"
0109888.png,9,"[9, 6, 8]"
0109892.png,9,"[9, 6, 8]"
0109893.png,9,"[9, 7, 6]"
0109894.png,9,"[9, 2, 4]"
0109899.png,9,"[9, 7, 6]"
0109903.png,9,"[9, 6, 8]"
0109904.png,9,"[9, 6, 8]"
0109905.png,9,"[9, 6, 4]"
0109911.png,9,"[9, 6, 7]"
0109914.png,9,"[9, 3, 6]"
0109917.png,9,"[9, 6, 8]"
0109933.png,9,"[9, 7, 4]"
0109936.png,9,"[9, 6, 7]"
0109943.png,9,"[9, 8, 3]"
0109946.png,9,"[9, 6, 4]"
0109952.png,9,"[9, 6, 8]"
0109954.png,9,"[9, 7, 4]"
0109957.png,9,"[9, 8, 3]"
0109960.png,9,"[9, 6, 8]"
0109961.png,9,"[9, 8, 0]"
0109963.png,9,"[9, 6, 8]"
0109969.png,9,"[9, 7, 8]"
0109987.png,9,"[9, 8, 7]"
0109988.png,9,"[9, 7, 2]"
0109990.png,9,"[9, 7, 8]"
0109992.png,9,"[9, 7, 2]"
0109997.png,9,"[9, 7, 8]"
0110002.png,9,"[9, 6, 8]"
0110006.png,9,"[9, 7, 5]"
0110007.png,9,"[9, 7, 3]"
0110013.png,9,"[9, 7, 8]"
0110014.png,9,"[9, 6, 8]"
0110016.png,9,"[9, 8, 7]"
0110020.png,9,"[9, 7, 6]"
0110021.png,9,"[9, 8, 6]"
0110023.png,9,"[9, 0, 6]"
0110031.png,9,"[9, 4, 7]"
0110039.png,9,"[9, 2, 8]"
0110048.png,9,"[9, 7, 4]"
0110057.png,9,"[9, 4, 6]"
0110059.png,9,"[9, 7, 4]"
0110065.png,9,"[9, 7, 8]"
0110068.png,9,"[9, 7, 2]"
0110070.png,9,"[9, 8, 7]"
0110072.png,9,"[9, 6, 8]"
0110076.png,9,"[9, 8, 7]"
0110078.png,9,"[9, 3, 7]"
0110079.png,9,"[9, 8, 3]"
0110081.png,9,"[9, 4, 6]"
0110085.png,9,"[9, 8, 6]"
0110089.png,9,"[9, 8, 7]"
0110098.png,9,"[9, 7, 8]"
0110100.png,9,"[9, 7, 8]"
0110106.png,4,"[4, 8, 3]"
0110107.png,9,"[9, 4, 6]"
0110112.png,9,"[9, 4, 7]"
0110122.png,9,"[9, 6, 8]"
0110131.png,9,"[9, 6, 7]"
0110137.png,9,"[9, 7, 8]"
0110143.png,9,"[9, 8, 3]"
0110144.png,9,"[9, 7, 8]"
0110145.png,9,"[9, 7, 3]"
0110148.png,9,"[9, 7, 3]"
0110153.png,9,"[9, 8, 6]"
0110164.png,9,"[9, 7, 2]"
0110165.png,9,"[9, 6, 4]"
0110178.png,9,"[9, 7, 6]"
0110183.png,9,"[9, 2, 7]"
0110184.png,9,"[9, 7, 8]"
0110187.png,9,"[9, 7, 6]"
0110188.png,9,"[9, 6, 5]"
0110201.png,9,"[9, 8, 6]"
0110202.png,9,"[9, 8, 7]"
0110204.png,9,"[9, 6, 5]"
0110208.png,9,"[9, 6, 7]"
0110209.png,9,"[9, 6, 7]"
0110224.png,9,"[9, 7, 6]"
0110226.png,9,"[9, 7, 1]"
0110227.png,9,"[9, 7, 8]"
0110235.png,4,"[4, 7, 9]"
0110239.png,9,"[9, 6, 4]"
0110241.png,9,"[9, 7, 8]"
0110245.png,9,"[9, 6, 4]"
0110246.png,9,"[9, 5, 6]"
0110251.png,9,"[9, 7, 8]"
0110252.png,9,"[9, 8, 7]"
0110259.png,9,"[9, 8, 3]"
0110265.png,9,"[9, 8, 7]"
0110269.png,9,"[9, 8, 6]"
0110270.png,9,"[9, 4, 6]"
0110275.png,9,"[9, 7, 6]"
0110277.png,9,"[9, 8, 7]"
0110279.png,9,"[9, 7, 4]"
0110281.png,9,"[9, 7, 8]"
0110285.png,9,"[9, 4, 7]"
0110286.png,9,"[9, 7, 1]"
0110287.png,9,"[9, 4, 6]"
0110290.png,9,"[9, 8, 3]"
0110292.png,9,"[9, 6, 4]"
0110340.png,9,"[9, 6, 8]"
0110352.png,9,"[9, 7, 2]"
0110355.png,9,"[9, 6, 4]"
0110368.png,9,"[9, 7, 8]"
0110375.png,9,"[9, 7, 3]"
0110377.png,9,"[9, 8, 5]"
0110379.png,9,"[9, 7, 4]"
0110385.png,9,"[9, 7, 6]"
0110387.png,5,"[5, 8, 6]"
0110392.png,9,"[9, 8, 7]"
0110398.png,9,"[9, 7, 8]"
0110402.png,9,"[9, 8, 7]"
0110408.png,9,"[9, 6, 7]"
0110421.png,9,"[9, 7, 2]"
0110427.png,9,"[9, 7, 3]"
0110429.png,9,"[9, 7, 8]"
0110433.png,9,"[9, 7, 2]"
0110441.png,9,"[9, 8, 7]"
0110442.png,7,"[7, 9, 2]"
0110446.png,9,"[9, 8, 6]"
0110450.png,9,"[9, 7, 3]"
0110452.png,6,"[6, 9, 8]"
0110453.png,8,"[8, 9, 6]"
0110458.png,2,"[2, 5, 9]"
0110460.png,9,"[9, 8, 2]"
0110462.png,9,"[9, 8, 7]"
0110470.png,9,"[9, 2, 8]"
0110475.png,9,"[9, 6, 8]"
0110479.png,9,"[9, 2, 3]"
0110499.png,8,"[8, 1, 9]"
0110502.png,9,"[9, 7, 8]"
0110503.png,9,"[9, 7, 6]"
0110514.png,9,"[9, 6, 8]"
0110521.png,9,"[9, 6, 7]"
0110522.png,9,"[9, 6, 5]"
0110525.png,9,"[9, 7, 8]"
0110526.png,9,"[9, 8, 6]"
0110528.png,9,"[9, 7, 6]"
0110531.png,9,"[9, 7, 8]"
0110534.png,9,"[9, 8, 3]"
0110535.png,9,"[9, 6, 8]"
0110536.png,9,"[9, 7, 6]"
0110538.png,5,"[5, 8, 9]"
0110539.png,9,"[9, 8, 6]"
0110548.png,9,"[9, 2, 8]"
0110549.png,9,"[9, 7, 8]"
0110561.png,9,"[9, 7, 8]"
0110566.png,9,"[9, 8, 3]"
0110571.png,9,"[9, 8, 7]"
0110575.png,9,"[9, 8, 3]"
0110579.png,9,"[9, 8, 7]"
0110581.png,9,"[9, 8, 6]"
0110585.png,8,"[8, 9, 7]"
0110591.png,9,"[9, 4, 6]"
0110595.png,9,"[9, 4, 6]"
0110598.png,9,"[9, 2, 8]"
0110600.png,9,"[9, 8, 2]"
0110606.png,9,"[9, 5, 7]"
0110613.png,9,"[9, 7, 3]"
0110621.png,9,"[9, 6, 4]"
0110628.png,9,"[9, 7, 8]"
0110633.png,9,"[9, 7, 8]"
0110634.png,7,"[7, 9, 5]"
0110644.png,9,"[9, 8, 7]"
0110646.png,9,"[9, 7, 2]"
0110649.png,9,"[9, 7, 8]"
0110650.png,9,"[9, 7, 6]"
0110653.png,9,"[9, 8, 7]"
0110655.png,9,"[9, 8, 7]"
0110666.png,3,"[3, 9, 4]"
0110671.png,2,"[2, 9, 6]"
0110684.png,9,"[9, 6, 8]"
0110686.png,9,"[9, 8, 7]"
0110693.png,9,"[9, 6, 2]"
0110698.png,9,"[9, 7, 8]"
0110702.png,9,"[9, 3, 7]"
0110703.png,9,"[9, 7, 3]"
0110705.png,9,"[9, 6, 4]"
0110706.png,9,"[9, 7, 8]"
0110709.png,9,"[9, 6, 7]"
0110718.png,9,"[9, 7, 6]"
0110742.png,9,"[9, 7, 8]"
0110744.png,9,"[9, 8, 2]"
0110751.png,9,"[9, 8, 7]"
0110759.png,9,"[9, 6, 8]"
0110767.png,9,"[9, 6, 7]"
0110787.png,9,"[9, 7, 2]"
0110790.png,9,"[9, 4, 8]"
0110796.png,9,"[9, 5, 7]"
0110797.png,9,"[9, 6, 7]"
0110798.png,7,"[7, 9, 6]"
0110806.png,9,"[9, 7, 4]"
0110816.png,9,"[9, 8, 2]"
0110817.png,9,"[9, 6, 8]"
0110819.png,9,"[9, 8, 6]"
0110829.png,9,"[9, 2, 7]"
0110831.png,9,"[9, 7, 2]"
0110838.png,8,"[8, 9, 2]"
0110839.png,9,"[9, 6, 4]"
0110854.png,4,"[4, 2, 7]"
0110855.png,2,"[2, 4, 3]"
0110856.png,9,"[9, 6, 4]"
0110857.png,9,"[9, 2, 0]"
0110873.png,9,"[9, 7, 3]"
0110877.png,9,"[9, 6, 8]"
0110881.png,9,"[9, 6, 8]"
0110888.png,9,"[9, 7, 8]"
0110894.png,9,"[9, 6, 8]"
0110895.png,9,"[9, 6, 8]"
0110899.png,9,"[9, 8, 6]"
0110913.png,9,"[9, 7, 2]"
0110919.png,9,"[9, 3, 7]"
0110920.png,9,"[9, 7, 6]"
0110927.png,9,"[9, 6, 2]"
0110934.png,9,"[9, 3, 4]"
0110935.png,9,"[9, 8, 0]"
0110942.png,9,"[9, 3, 8]"
0110943.png,9,"[9, 7, 4]"
0110949.png,9,"[9, 6, 8]"
0110955.png,9,"[9, 8, 6]"
0110972.png,9,"[9, 6, 8]"
0110988.png,9,"[9, 6, 4]"
0110989.png,9,"[9, 6, 8]"
0110992.png,9,"[9, 7, 2]"
0110995.png,9,"[9, 8, 6]"
0110999.png,9,"[9, 7, 2]"
0111001.png,9,"[9, 7, 4]"
0111003.png,9,"[9, 6, 7]"
0111008.png,9,"[9, 6, 8]"
0111011.png,9,"[9, 7, 8]"
0111013.png,9,"[9, 8, 7]"
0111032.png,9,"[9, 4, 8]"
0111033.png,9,"[9, 8, 4]"
0111039.png,9,"[9, 7, 8]"
0111042.png,9,"[9, 4, 6]"
0111048.png,9,"[9, 8, 7]"
0111055.png,9,"[9, 8, 7]"
0111057.png,9,"[9, 6, 7]"
0111064.png,9,"[9, 4, 6]"
0111075.png,9,"[9, 6, 7]"
0111079.png,9,"[9, 7, 2]"
0111084.png,9,"[9, 6, 4]"
0111087.png,9,"[9, 8, 6]"
0111089.png,9,"[9, 3, 4]"
0111093.png,9,"[9, 6, 7]"
0111096.png,9,"[9, 8, 7]"
0111101.png,9,"[9, 8, 7]"
0111110.png,9,"[9, 7, 8]"
0111115.png,9,"[9, 7, 6]"
0111116.png,9,"[9, 7, 4]"
0111120.png,9,"[9, 8, 2]"
0111122.png,9,"[9, 7, 3]"
0111129.png,9,"[9, 7, 8]"
0111135.png,9,"[9, 6, 5]"
0111136.png,9,"[9, 2, 7]"
0111144.png,9,"[9, 8, 7]"
0111145.png,9,"[9, 8, 6]"
0111146.png,2,"[2, 9, 3]"
0111147.png,9,"[9, 7, 2]"
0111148.png,9,"[9, 3, 7]"
0111150.png,9,"[9, 8, 6]"
0111171.png,9,"[9, 7, 4]"
0111175.png,9,"[9, 7, 4]"
0111178.png,9,"[9, 2, 8]"
0111179.png,9,"[9, 8, 6]"
0111180.png,9,"[9, 6, 8]"
0111183.png,9,"[9, 2, 5]"
0111187.png,7,"[7, 9, 1]"
0111199.png,9,"[9, 6, 8]"
0111200.png,9,"[9, 7, 2]"
0111201.png,9,"[9, 7, 4]"
0111202.png,9,"[9, 3, 5]"
0111203.png,5,"[5, 9, 3]"
0111222.png,7,"[7, 1, 9]"
0111225.png,9,"[9, 7, 3]"
0111227.png,9,"[9, 2, 8]"
0111228.png,9,"[9, 8, 7]"
0111229.png,9,"[9, 8, 6]"
0111239.png,9,"[9, 7, 8]"
0111242.png,9,"[9, 8, 3]"
0111251.png,9,"[9, 7, 2]"
0111253.png,9,"[9, 4, 6]"
0111258.png,9,"[9, 3, 7]"
0111261.png,9,"[9, 7, 4]"
0111270.png,7,"[7, 9, 4]"
0111293.png,9,"[9, 7, 8]"
0111294.png,9,"[9, 4, 6]"
0111299.png,9,"[9, 4, 7]"
0111304.png,9,"[9, 7, 4]"
0111308.png,9,"[9, 6, 8]"
0111310.png,9,"[9, 6, 2]"
0111312.png,9,"[9, 8, 2]"
0111314.png,9,"[9, 7, 3]"
0111321.png,9,"[9, 6, 4]"
0111325.png,9,"[9, 6, 5]"
0111327.png,9,"[9, 7, 1]"
0111328.png,9,"[9, 4, 7]"
0111333.png,9,"[9, 4, 7]"
0111339.png,9,"[9, 7, 4]"
0111341.png,6,"[6, 9, 5]"
0111358.png,9,"[9, 7, 2]"
0111359.png,9,"[9, 7, 6]"
0111365.png,9,"[9, 7, 8]"
0111372.png,3,"[3, 9, 5]"
0111377.png,9,"[9, 7, 2]"
0111383.png,9,"[9, 2, 4]"
0111384.png,9,"[9, 7, 4]"
0111403.png,9,"[9, 8, 7]"
0111406.png,9,"[9, 6, 5]"
0111407.png,9,"[9, 6, 8]"
0111409.png,9,"[9, 8, 2]"
0111424.png,9,"[9, 7, 8]"
0111431.png,9,"[9, 7, 4]"
0111433.png,9,"[9, 4, 6]"
0111436.png,9,"[9, 7, 8]"
0111447.png,9,"[9, 8, 7]"
0111448.png,6,"[6, 5, 2]"
0111458.png,9,"[9, 7, 6]"
0111464.png,9,"[9, 2, 6]"
0111467.png,9,"[9, 8, 6]"
0111474.png,9,"[9, 8, 7]"
0111477.png,9,"[9, 8, 5]"
0111480.png,9,"[9, 8, 7]"
0111481.png,9,"[9, 8, 6]"
0111491.png,9,"[9, 8, 7]"
0111492.png,6,"[6, 9, 4]"
0111504.png,9,"[9, 7, 8]"
0111511.png,9,"[9, 7, 3]"
0111514.png,7,"[7, 9, 8]"
0111525.png,9,"[9, 3, 7]"
0111530.png,9,"[9, 7, 2]"
0111531.png,9,"[9, 6, 7]"
0111536.png,9,"[9, 8, 6]"
0111541.png,9,"[9, 8, 6]"
0111542.png,2,"[2, 9, 6]"
0111549.png,9,"[9, 7, 8]"
0111551.png,9,"[9, 7, 3]"
0111559.png,9,"[9, 7, 6]"
0111562.png,9,"[9, 6, 8]"
0111564.png,9,"[9, 7, 3]"
0111570.png,9,"[9, 8, 6]"
0111576.png,9,"[9, 6, 4]"
0111582.png,9,"[9, 7, 8]"
0111598.png,9,"[9, 8, 7]"
0111600.png,9,"[9, 8, 3]"
0111602.png,7,"[7, 9, 2]"
0111603.png,7,"[7, 9, 2]"
0111611.png,9,"[9, 8, 7]"
0111613.png,9,"[9, 4, 8]"
0111627.png,9,"[9, 7, 8]"
0111635.png,9,"[9, 8, 6]"
0111640.png,9,"[9, 4, 7]"
0111642.png,9,"[9, 6, 4]"
0111643.png,9,"[9, 4, 1]"
0111646.png,9,"[9, 6, 2]"
0111647.png,9,"[9, 6, 4]"
0111656.png,4,"[4, 9, 2]"
0111660.png,9,"[9, 7, 4]"
0111664.png,9,"[9, 6, 8]"
0111667.png,9,"[9, 7, 4]"
0111668.png,9,"[9, 5, 7]"
0111669.png,9,"[9, 4, 7]"
0111671.png,9,"[9, 7, 4]"
0111680.png,9,"[9, 4, 7]"
0111691.png,9,"[9, 7, 8]"
0111717.png,9,"[9, 7, 8]"
0111725.png,9,"[9, 7, 8]"
0111745.png,9,"[9, 7, 8]"
0111747.png,9,"[9, 6, 4]"
0111756.png,1,"[1, 4, 0]"
0111762.png,9,"[9, 3, 7]"
0111773.png,4,"[4, 6, 9]"
0111779.png,0,"[0, 2, 6]"
0111780.png,9,"[9, 4, 6]"
0111782.png,9,"[9, 7, 6]"
0111788.png,9,"[9, 6, 4]"
0111790.png,9,"[9, 6, 7]"
0111792.png,9,"[9, 5, 3]"
0111803.png,9,"[9, 7, 3]"
0111806.png,9,"[9, 6, 7]"
0111810.png,9,"[9, 8, 7]"
0111815.png,9,"[9, 7, 6]"
0111820.png,9,"[9, 7, 3]"
0111823.png,9,"[9, 7, 1]"
0111825.png,9,"[9, 6, 4]"
0111827.png,9,"[9, 8, 2]"
0111829.png,9,"[9, 7, 8]"
0111835.png,9,"[9, 6, 8]"
0111857.png,9,"[9, 7, 8]"
0111859.png,9,"[9, 7, 8]"
0111860.png,9,"[9, 7, 2]"
0111874.png,9,"[9, 7, 3]"
0111875.png,9,"[9, 7, 4]"
0111881.png,9,"[9, 7, 6]"
0111883.png,9,"[9, 7, 4]"
0111887.png,9,"[9, 2, 8]"
0111890.png,9,"[9, 6, 8]"
0111896.png,9,"[9, 7, 8]"
0111901.png,9,"[9, 6, 7]"
0111902.png,9,"[9, 7, 4]"
0111907.png,9,"[9, 6, 7]"
0111909.png,9,"[9, 7, 4]"
0111914.png,9,"[9, 8, 2]"
0111922.png,9,"[9, 7, 6]"
0111923.png,9,"[9, 6, 2]"
0111926.png,9,"[9, 7, 3]"
0111934.png,9,"[9, 8, 7]"
0111941.png,9,"[9, 4, 0]"
0111945.png,9,"[9, 8, 3]"
0111950.png,9,"[9, 4, 6]"
0111956.png,9,"[9, 6, 5]"
0111959.png,9,"[9, 8, 2]"
0111990.png,9,"[9, 6, 3]"
0112000.png,9,"[9, 3, 8]"
0112007.png,9,"[9, 7, 8]"
0112008.png,9,"[9, 6, 2]"
0112044.png,9,"[9, 7, 3]"
0112057.png,9,"[9, 6, 8]"
0112063.png,9,"[9, 7, 8]"
0112065.png,9,"[9, 6, 8]"
0112067.png,9,"[9, 6, 8]"
0112071.png,9,"[9, 6, 5]"
0112074.png,9,"[9, 7, 8]"
0112076.png,9,"[9, 7, 8]"
0112078.png,7,"[7, 9, 2]"
0112084.png,9,"[9, 7, 8]"
0112088.png,9,"[9, 3, 8]"
0112091.png,9,"[9, 7, 3]"
0112094.png,9,"[9, 3, 7]"
0112100.png,9,"[9, 7, 2]"
0112104.png,9,"[9, 7, 6]"
0112105.png,9,"[9, 6, 7]"
0112109.png,9,"[9, 7, 4]"
0112112.png,9,"[9, 8, 7]"
0112115.png,9,"[9, 7, 2]"
0112136.png,9,"[9, 4, 6]"
0112146.png,9,"[9, 2, 4]"
0112149.png,9,"[9, 8, 2]"
0112155.png,9,"[9, 8, 6]"
0112158.png,9,"[9, 0, 2]"
0112160.png,9,"[9, 2, 6]"
0112173.png,2,"[2, 6, 9]"
0112177.png,9,"[9, 7, 8]"
0112178.png,9,"[9, 8, 2]"
0112183.png,9,"[9, 7, 8]"
0112184.png,9,"[9, 7, 3]"
0112185.png,9,"[9, 7, 3]"
0112194.png,9,"[9, 6, 2]"
0112195.png,9,"[9, 6, 7]"
0112198.png,9,"[9, 6, 4]"
0112199.png,9,"[9, 6, 8]"
0112202.png,9,"[9, 7, 8]"
0112204.png,9,"[9, 7, 8]"
0112205.png,9,"[9, 7, 8]"
0112210.png,9,"[9, 6, 4]"
0112218.png,9,"[9, 7, 3]"
0112229.png,9,"[9, 7, 4]"
0112235.png,9,"[9, 8, 7]"
0112236.png,9,"[9, 8, 4]"
0112238.png,9,"[9, 6, 4]"
0112262.png,9,"[9, 7, 4]"
0112265.png,9,"[9, 1, 3]"
0112266.png,9,"[9, 7, 3]"
0112267.png,9,"[9, 7, 8]"
0112280.png,9,"[9, 8, 6]"
0112298.png,9,"[9, 7, 2]"
0112302.png,9,"[9, 6, 8]"
0112303.png,9,"[9, 6, 8]"
0112316.png,8,"[8, 9, 7]"
0112321.png,9,"[9, 8, 6]"
0112335.png,9,"[9, 7, 8]"
0112341.png,9,"[9, 4, 7]"
0112343.png,9,"[9, 6, 4]"
0112350.png,9,"[9, 7, 3]"
0112354.png,7,"[7, 9, 4]"
0112360.png,5,"[5, 2, 7]"
0112363.png,9,"[9, 7, 8]"
0112366.png,9,"[9, 2, 3]"
0112380.png,8,"[8, 9, 7]"
0112381.png,9,"[9, 7, 8]"
0112385.png,9,"[9, 7, 3]"
0112390.png,9,"[9, 8, 3]"
0112393.png,9,"[9, 6, 4]"
0112405.png,9,"[9, 8, 7]"
0112408.png,9,"[9, 3, 7]"
0112413.png,9,"[9, 8, 7]"
0112416.png,9,"[9, 2, 7]"
0112419.png,9,"[9, 7, 6]"
0112422.png,9,"[9, 7, 8]"
0112426.png,9,"[9, 6, 7]"
0112431.png,9,"[9, 7, 8]"
0112433.png,9,"[9, 4, 6]"
0112442.png,9,"[9, 7, 4]"
0112450.png,9,"[9, 7, 8]"
0112452.png,9,"[9, 7, 3]"
0112468.png,9,"[9, 8, 7]"
0112469.png,9,"[9, 6, 8]"
0112482.png,9,"[9, 6, 7]"
0112485.png,9,"[9, 4, 7]"
0112492.png,9,"[9, 4, 2]"
0112496.png,0,"[0, 6, 1]"
0112503.png,9,"[9, 0, 7]"
0112505.png,9,"[9, 6, 7]"
0112507.png,9,"[9, 8, 4]"
0112510.png,9,"[9, 6, 8]"
0112514.png,9,"[9, 4, 6]"
0112515.png,9,"[9, 4, 8]"
0112520.png,9,"[9, 7, 6]"
0112524.png,9,"[9, 6, 7]"
0112542.png,9,"[9, 7, 3]"
0112566.png,9,"[9, 8, 2]"
0112575.png,9,"[9, 7, 4]"
0112578.png,9,"[9, 6, 7]"
0112579.png,9,"[9, 7, 8]"
0112581.png,9,"[9, 7, 8]"
0112586.png,9,"[9, 7, 8]"
0112588.png,9,"[9, 7, 8]"
0112592.png,9,"[9, 2, 0]"
0112599.png,9,"[9, 8, 6]"
0112603.png,9,"[9, 6, 2]"
0112607.png,9,"[9, 8, 6]"
0112611.png,9,"[9, 8, 7]"
0112613.png,9,"[9, 8, 7]"
0112614.png,9,"[9, 6, 7]"
0112629.png,9,"[9, 7, 8]"
0112637.png,9,"[9, 7, 8]"
0112641.png,9,"[9, 7, 4]"
0112648.png,9,"[9, 8, 2]"
0112658.png,9,"[9, 8, 6]"
0112662.png,8,"[8, 9, 2]"
0112665.png,9,"[9, 8, 7]"
0112674.png,9,"[9, 8, 3]"
0112681.png,9,"[9, 7, 6]"
0112683.png,9,"[9, 8, 2]"
0112691.png,9,"[9, 7, 2]"
0112705.png,9,"[9, 7, 8]"
0112707.png,9,"[9, 7, 8]"
0112708.png,9,"[9, 7, 3]"
0112709.png,9,"[9, 7, 2]"
0112711.png,9,"[9, 8, 7]"
0112714.png,9,"[9, 8, 3]"
0112720.png,9,"[9, 8, 2]"
0112722.png,9,"[9, 7, 3]"
0112732.png,9,"[9, 4, 6]"
0112745.png,9,"[9, 7, 4]"
0112748.png,9,"[9, 6, 3]"
0112753.png,9,"[9, 2, 6]"
0112759.png,9,"[9, 6, 7]"
0112769.png,9,"[9, 7, 8]"
0112776.png,9,"[9, 7, 3]"
0112777.png,9,"[9, 7, 5]"
0112786.png,9,"[9, 8, 7]"
0112787.png,9,"[9, 7, 4]"
0112789.png,9,"[9, 7, 8]"
0112798.png,9,"[9, 7, 1]"
0112800.png,9,"[9, 8, 6]"
0112802.png,9,"[9, 7, 3]"
0112803.png,9,"[9, 7, 8]"
0112805.png,9,"[9, 8, 7]"
0112812.png,9,"[9, 7, 3]"
0112815.png,9,"[9, 7, 8]"
0112817.png,9,"[9, 6, 7]"
0112820.png,9,"[9, 7, 3]"
0112821.png,9,"[9, 4, 8]"
0112822.png,2,"[2, 8, 3]"
0112825.png,9,"[9, 7, 8]"
0112828.png,9,"[9, 6, 8]"
0112848.png,9,"[9, 6, 7]"
0112850.png,9,"[9, 6, 8]"
0112856.png,9,"[9, 7, 8]"
0112858.png,9,"[9, 8, 6]"
0112860.png,9,"[9, 4, 6]"
0112872.png,9,"[9, 7, 8]"
0112875.png,9,"[9, 8, 4]"
0112877.png,9,"[9, 7, 8]"
0112879.png,9,"[9, 7, 3]"
0112883.png,9,"[9, 7, 8]"
0112889.png,9,"[9, 7, 4]"
0112906.png,9,"[9, 7, 2]"
0112911.png,9,"[9, 7, 8]"
0112914.png,9,"[9, 8, 2]"
0112921.png,9,"[9, 7, 6]"
0112922.png,9,"[9, 8, 7]"
0112923.png,9,"[9, 8, 6]"
0112931.png,9,"[9, 7, 3]"
0112933.png,9,"[9, 8, 2]"
0112939.png,9,"[9, 6, 8]"
0112943.png,9,"[9, 7, 8]"
0112945.png,9,"[9, 8, 6]"
0112951.png,9,"[9, 2, 7]"
0112960.png,7,"[7, 9, 8]"
0112964.png,9,"[9, 6, 2]"
0112979.png,9,"[9, 6, 2]"
0112980.png,9,"[9, 6, 4]"
0112983.png,9,"[9, 2, 7]"
0112995.png,9,"[9, 7, 6]"
0112996.png,8,"[8, 2, 3]"
0113000.png,9,"[9, 6, 5]"
0113007.png,9,"[9, 8, 6]"
0113016.png,9,"[9, 8, 2]"
0113021.png,9,"[9, 7, 6]"
0113025.png,9,"[9, 7, 8]"
0113026.png,9,"[9, 7, 8]"
0113032.png,9,"[9, 7, 8]"
0113042.png,9,"[9, 3, 5]"
0113047.png,9,"[9, 8, 2]"
0113058.png,9,"[9, 8, 7]"
0113065.png,9,"[9, 7, 8]"
0113072.png,9,"[9, 8, 7]"
0113081.png,9,"[9, 8, 3]"
0113088.png,9,"[9, 4, 2]"
0113091.png,9,"[9, 6, 7]"
0113098.png,9,"[9, 7, 8]"
0113101.png,9,"[9, 7, 3]"
0113102.png,9,"[9, 2, 7]"
0113104.png,9,"[9, 7, 8]"
0113114.png,9,"[9, 6, 5]"
0113117.png,9,"[9, 4, 7]"
0113129.png,9,"[9, 7, 8]"
0113132.png,9,"[9, 8, 7]"
0113133.png,9,"[9, 8, 7]"
0113136.png,9,"[9, 4, 8]"
0113138.png,0,"[0, 9, 8]"
0113144.png,9,"[9, 7, 8]"
0113150.png,9,"[9, 5, 7]"
0113153.png,9,"[9, 6, 2]"
0113154.png,9,"[9, 6, 8]"
0113157.png,9,"[9, 5, 7]"
0113163.png,9,"[9, 6, 7]"
0113165.png,9,"[9, 6, 8]"
0113166.png,9,"[9, 7, 6]"
0113171.png,9,"[9, 7, 4]"
0113175.png,9,"[9, 6, 4]"
0113181.png,9,"[9, 6, 4]"
0113182.png,9,"[9, 6, 8]"
0113187.png,9,"[9, 8, 6]"
0113189.png,9,"[9, 7, 6]"
0113190.png,9,"[9, 6, 8]"
0113197.png,9,"[9, 8, 6]"
0113198.png,0,"[0, 9, 6]"
0113199.png,9,"[9, 2, 6]"
0113200.png,7,"[7, 9, 3]"
0113202.png,9,"[9, 6, 8]"
0113204.png,9,"[9, 8, 6]"
0113206.png,9,"[9, 7, 3]"
0113212.png,9,"[9, 6, 2]"
0113219.png,9,"[9, 7, 4]"
0113225.png,9,"[9, 7, 6]"
0113231.png,9,"[9, 6, 8]"
0113238.png,7,"[7, 9, 2]"
0113246.png,9,"[9, 5, 8]"
0113251.png,9,"[9, 7, 8]"
0113256.png,9,"[9, 3, 2]"
0113259.png,9,"[9, 7, 3]"
0113266.png,9,"[9, 6, 5]"
0113267.png,9,"[9, 8, 6]"
0113286.png,9,"[9, 2, 6]"
0113290.png,9,"[9, 4, 3]"
0113293.png,9,"[9, 7, 4]"
0113298.png,9,"[9, 4, 8]"
0113301.png,9,"[9, 6, 4]"
0113303.png,9,"[9, 7, 4]"
0113308.png,9,"[9, 8, 7]"
0113309.png,9,"[9, 6, 5]"
0113318.png,9,"[9, 1, 7]"
0113319.png,9,"[9, 4, 7]"
0113324.png,9,"[9, 6, 2]"
0113327.png,9,"[9, 6, 1]"
0113328.png,9,"[9, 8, 3]"
0113329.png,9,"[9, 8, 3]"
0113333.png,9,"[9, 6, 7]"
0113334.png,7,"[7, 9, 2]"
0113342.png,9,"[9, 8, 2]"
0113346.png,9,"[9, 4, 8]"
0113347.png,9,"[9, 3, 4]"
0113355.png,9,"[9, 7, 1]"
0113357.png,9,"[9, 0, 2]"
0113364.png,9,"[9, 7, 8]"
0113368.png,9,"[9, 7, 8]"
0113376.png,9,"[9, 7, 8]"
0113389.png,9,"[9, 6, 4]"
0113393.png,9,"[9, 7, 4]"
0113399.png,9,"[9, 7, 8]"
0113401.png,9,"[9, 7, 4]"
0113420.png,9,"[9, 4, 3]"
0113422.png,9,"[9, 8, 7]"
0113423.png,9,"[9, 7, 8]"
0113425.png,9,"[9, 7, 4]"
0113429.png,9,"[9, 7, 8]"
0113431.png,9,"[9, 6, 7]"
0113432.png,9,"[9, 8, 7]"
0113442.png,9,"[9, 6, 4]"
0113444.png,9,"[9, 7, 8]"
0113455.png,9,"[9, 7, 6]"
0113463.png,9,"[9, 7, 8]"
0113464.png,9,"[9, 6, 8]"
0113474.png,9,"[9, 7, 6]"
0113477.png,9,"[9, 7, 2]"
0113494.png,4,"[4, 9, 2]"
0113508.png,9,"[9, 6, 4]"
0113511.png,9,"[9, 7, 4]"
0113519.png,9,"[9, 8, 7]"
0113522.png,9,"[9, 7, 3]"
0113526.png,9,"[9, 2, 8]"
0113536.png,9,"[9, 8, 6]"
0113546.png,9,"[9, 6, 8]"
0113560.png,9,"[9, 7, 2]"
0113572.png,9,"[9, 8, 7]"
0113584.png,9,"[9, 7, 4]"
0113589.png,9,"[9, 7, 4]"
0113591.png,8,"[8, 9, 6]"
0113594.png,9,"[9, 7, 5]"
0113597.png,9,"[9, 8, 7]"
0113599.png,9,"[9, 8, 2]"
0113602.png,9,"[9, 7, 8]"
0113605.png,9,"[9, 7, 6]"
0113607.png,9,"[9, 7, 3]"
0113608.png,9,"[9, 4, 7]"
0113627.png,9,"[9, 7, 4]"
0113634.png,9,"[9, 6, 8]"
0113635.png,9,"[9, 8, 6]"
0113636.png,9,"[9, 7, 3]"
0113639.png,9,"[9, 8, 6]"
0113640.png,9,"[9, 7, 2]"
0113644.png,9,"[9, 7, 6]"
0113651.png,9,"[9, 6, 4]"
0113669.png,9,"[9, 2, 8]"
0113676.png,9,"[9, 3, 2]"
0113677.png,9,"[9, 8, 2]"
0113690.png,9,"[9, 7, 8]"
0113693.png,9,"[9, 7, 1]"
0113705.png,9,"[9, 6, 8]"
0113707.png,9,"[9, 8, 2]"
0113710.png,9,"[9, 0, 2]"
0113712.png,9,"[9, 4, 7]"
0113714.png,9,"[9, 2, 7]"
0113722.png,9,"[9, 6, 4]"
0113730.png,9,"[9, 7, 8]"
0113742.png,9,"[9, 7, 8]"
0113746.png,9,"[9, 7, 8]"
0113755.png,9,"[9, 6, 7]"
0113756.png,9,"[9, 6, 8]"
0113774.png,9,"[9, 7, 3]"
0113779.png,9,"[9, 7, 4]"
0113786.png,9,"[9, 7, 8]"
0113804.png,9,"[9, 6, 8]"
0113806.png,9,"[9, 6, 7]"
0113809.png,9,"[9, 7, 8]"
0113810.png,9,"[9, 7, 6]"
0113818.png,9,"[9, 6, 7]"
0113825.png,9,"[9, 7, 8]"
0113830.png,9,"[9, 7, 4]"
0113831.png,9,"[9, 6, 4]"
0113843.png,9,"[9, 1, 3]"
0113844.png,9,"[9, 4, 7]"
0113847.png,9,"[9, 7, 6]"
0113850.png,9,"[9, 3, 8]"
0113851.png,9,"[9, 7, 2]"
0113859.png,9,"[9, 7, 4]"
0113861.png,9,"[9, 5, 3]"
0113862.png,9,"[9, 7, 1]"
0113874.png,9,"[9, 4, 6]"
0113879.png,9,"[9, 7, 4]"
0113883.png,9,"[9, 7, 8]"
0113891.png,9,"[9, 6, 4]"
0113894.png,9,"[9, 3, 6]"
0113901.png,7,"[7, 5, 9]"
0113907.png,7,"[7, 9, 2]"
0113915.png,9,"[9, 2, 7]"
0113919.png,9,"[9, 6, 7]"
0113921.png,9,"[9, 7, 2]"
0113927.png,9,"[9, 6, 5]"
0113928.png,9,"[9, 6, 8]"
0113930.png,9,"[9, 6, 8]"
0113939.png,9,"[9, 3, 8]"
0113944.png,9,"[9, 8, 7]"
0113945.png,9,"[9, 6, 7]"
0113947.png,9,"[9, 7, 4]"
0113948.png,9,"[9, 3, 8]"
0113949.png,9,"[9, 8, 6]"
0113950.png,9,"[9, 6, 8]"
0113962.png,9,"[9, 4, 6]"
0113964.png,2,"[2, 9, 8]"
0113972.png,9,"[9, 7, 8]"
0113975.png,9,"[9, 4, 8]"
0113982.png,9,"[9, 7, 8]"
0113983.png,9,"[9, 8, 7]"
0113992.png,9,"[9, 8, 6]"
0114000.png,9,"[9, 3, 7]"
0114002.png,9,"[9, 6, 7]"
0114004.png,9,"[9, 6, 4]"
0114005.png,9,"[9, 6, 4]"
0114007.png,9,"[9, 8, 5]"
0114009.png,9,"[9, 7, 8]"
0114012.png,9,"[9, 7, 8]"
0114013.png,9,"[9, 8, 7]"
0114026.png,9,"[9, 3, 7]"
0114039.png,9,"[9, 6, 8]"
0114046.png,9,"[9, 3, 8]"
0114047.png,9,"[9, 7, 4]"
0114053.png,9,"[9, 7, 3]"
0114058.png,9,"[9, 2, 3]"
0114065.png,9,"[9, 7, 8]"
0114073.png,9,"[9, 7, 3]"
0114074.png,6,"[6, 2, 4]"
0114077.png,9,"[9, 6, 8]"
0114088.png,9,"[9, 2, 8]"
0114097.png,9,"[9, 6, 4]"
0114103.png,9,"[9, 8, 7]"
0114109.png,9,"[9, 6, 2]"
0114116.png,9,"[9, 6, 5]"
0114120.png,9,"[9, 3, 8]"
0114146.png,9,"[9, 7, 3]"
0114149.png,9,"[9, 4, 6]"
0114151.png,9,"[9, 7, 4]"
0114154.png,9,"[9, 3, 7]"
0114155.png,9,"[9, 8, 7]"
0114157.png,9,"[9, 7, 4]"
0114165.png,9,"[9, 8, 6]"
0114167.png,9,"[9, 8, 7]"
0114171.png,9,"[9, 6, 7]"
0114173.png,9,"[9, 7, 3]"
0114178.png,9,"[9, 7, 8]"
0114185.png,9,"[9, 7, 8]"
0114191.png,9,"[9, 7, 8]"
0114196.png,9,"[9, 4, 2]"
0114210.png,9,"[9, 7, 4]"
0114216.png,9,"[9, 6, 5]"
0114219.png,9,"[9, 3, 4]"
0114225.png,9,"[9, 6, 8]"
0114230.png,9,"[9, 6, 8]"
0114237.png,9,"[9, 8, 6]"
0114244.png,9,"[9, 7, 4]"
0114245.png,9,"[9, 7, 6]"
0114258.png,9,"[9, 3, 8]"
0114265.png,9,"[9, 7, 8]"
0114270.png,9,"[9, 7, 2]"
0114278.png,9,"[9, 8, 7]"
0114279.png,8,"[8, 9, 7]"
0114284.png,9,"[9, 7, 8]"
0114285.png,9,"[9, 7, 4]"
0114286.png,8,"[8, 9, 2]"
0114303.png,9,"[9, 7, 5]"
0114304.png,9,"[9, 6, 3]"
0114307.png,7,"[7, 9, 4]"
0114310.png,9,"[9, 7, 8]"
0114312.png,9,"[9, 6, 5]"
0114313.png,9,"[9, 6, 5]"
0114315.png,9,"[9, 6, 8]"
0114329.png,9,"[9, 7, 8]"
0114334.png,9,"[9, 8, 6]"
0114336.png,9,"[9, 8, 6]"
0114349.png,6,"[6, 9, 4]"
0114351.png,9,"[9, 4, 6]"
0114352.png,8,"[8, 9, 6]"
0114361.png,9,"[9, 4, 5]"
0114362.png,9,"[9, 8, 3]"
0114374.png,9,"[9, 3, 6]"
0114376.png,9,"[9, 8, 4]"
0114381.png,6,"[6, 9, 3]"
0114386.png,9,"[9, 7, 8]"
0114387.png,9,"[9, 8, 6]"
0114388.png,9,"[9, 6, 4]"
0114390.png,9,"[9, 7, 3]"
0114393.png,9,"[9, 7, 8]"
0114395.png,9,"[9, 8, 7]"
0114409.png,4,"[4, 6, 9]"
0114416.png,9,"[9, 6, 2]"
0114417.png,9,"[9, 6, 4]"
0114419.png,9,"[9, 8, 7]"
0114421.png,9,"[9, 2, 6]"
0114424.png,9,"[9, 2, 7]"
0114426.png,9,"[9, 8, 6]"
0114430.png,9,"[9, 7, 2]"
0114434.png,9,"[9, 4, 6]"
0114436.png,9,"[9, 7, 8]"
0114438.png,9,"[9, 6, 7]"
0114452.png,9,"[9, 6, 8]"
0114455.png,9,"[9, 7, 6]"
0114458.png,0,"[0, 2, 9]"
0114468.png,9,"[9, 6, 2]"
0114474.png,9,"[9, 7, 2]"
0114477.png,9,"[9, 6, 2]"
0114493.png,9,"[9, 2, 7]"
0114497.png,9,"[9, 2, 6]"
0114499.png,9,"[9, 6, 8]"
0114501.png,9,"[9, 7, 8]"
0114502.png,9,"[9, 8, 6]"
0114509.png,9,"[9, 7, 8]"
0114515.png,9,"[9, 7, 4]"
0114522.png,9,"[9, 6, 7]"
0114531.png,9,"[9, 7, 8]"
0114546.png,9,"[9, 7, 8]"
0114553.png,9,"[9, 7, 8]"
0114554.png,9,"[9, 7, 8]"
0114561.png,9,"[9, 8, 0]"
0114574.png,9,"[9, 8, 3]"
0114577.png,9,"[9, 2, 4]"
0114587.png,9,"[9, 6, 8]"
0114590.png,9,"[9, 7, 8]"
0114603.png,9,"[9, 6, 2]"
0114606.png,9,"[9, 6, 7]"
0114611.png,9,"[9, 8, 4]"
0114615.png,9,"[9, 8, 2]"
0114617.png,9,"[9, 6, 4]"
0114623.png,9,"[9, 7, 2]"
0114626.png,4,"[4, 7, 9]"
0114630.png,9,"[9, 2, 6]"
0114646.png,9,"[9, 7, 2]"
0114647.png,9,"[9, 7, 3]"
0114648.png,9,"[9, 7, 3]"
0114657.png,9,"[9, 8, 6]"
0114661.png,9,"[9, 4, 6]"
0114662.png,9,"[9, 6, 3]"
0114663.png,9,"[9, 7, 6]"
0114669.png,9,"[9, 6, 2]"
0114673.png,7,"[7, 9, 8]"
0114677.png,9,"[9, 6, 4]"
0114679.png,9,"[9, 7, 6]"
0114681.png,9,"[9, 8, 6]"
0114691.png,9,"[9, 7, 5]"
0114695.png,9,"[9, 7, 6]"
0114700.png,9,"[9, 7, 4]"
0114703.png,9,"[9, 7, 3]"
0114708.png,9,"[9, 8, 4]"
0114720.png,7,"[7, 9, 2]"
0114729.png,9,"[9, 6, 7]"
0114737.png,9,"[9, 4, 7]"
0114739.png,9,"[9, 6, 8]"
0114741.png,9,"[9, 6, 5]"
0114745.png,9,"[9, 8, 6]"
0114751.png,9,"[9, 6, 8]"
0114762.png,9,"[9, 6, 2]"
0114763.png,6,"[6, 4, 9]"
0114774.png,9,"[9, 6, 8]"
0114779.png,9,"[9, 7, 6]"
0114782.png,9,"[9, 7, 2]"
0114795.png,9,"[9, 6, 2]"
0114796.png,9,"[9, 3, 5]"
0114797.png,9,"[9, 7, 5]"
0114800.png,9,"[9, 8, 7]"
0114805.png,9,"[9, 8, 6]"
0114812.png,9,"[9, 6, 8]"
0114816.png,9,"[9, 8, 7]"
0114817.png,9,"[9, 7, 4]"
0114823.png,9,"[9, 3, 4]"
0114827.png,9,"[9, 4, 6]"
0114839.png,9,"[9, 7, 3]"
0114841.png,9,"[9, 7, 8]"
0114853.png,9,"[9, 7, 4]"
0114854.png,9,"[9, 8, 3]"
0114865.png,9,"[9, 6, 4]"
0114866.png,9,"[9, 8, 7]"
0114881.png,9,"[9, 6, 4]"
0114884.png,9,"[9, 8, 7]"
0114885.png,9,"[9, 6, 8]"
0114895.png,9,"[9, 4, 8]"
0114902.png,7,"[7, 2, 0]"
0114913.png,7,"[7, 9, 2]"
0114915.png,9,"[9, 8, 3]"
0114933.png,9,"[9, 7, 8]"
0114934.png,9,"[9, 8, 2]"
0114938.png,9,"[9, 7, 4]"
0114943.png,9,"[9, 3, 5]"
0114947.png,9,"[9, 6, 8]"
0114954.png,9,"[9, 7, 6]"
0114957.png,9,"[9, 6, 8]"
0114960.png,9,"[9, 6, 4]"
0114964.png,9,"[9, 8, 7]"
0114966.png,9,"[9, 7, 8]"
0114976.png,9,"[9, 7, 8]"
0114977.png,9,"[9, 8, 3]"
0114980.png,9,"[9, 6, 8]"
0114983.png,9,"[9, 7, 4]"
0114985.png,9,"[9, 6, 4]"
0114986.png,9,"[9, 2, 8]"
0114989.png,9,"[9, 4, 6]"
0114991.png,9,"[9, 4, 6]"
0114995.png,9,"[9, 8, 4]"
0114998.png,8,"[8, 9, 6]"
0115006.png,9,"[9, 3, 6]"
0115012.png,9,"[9, 8, 7]"
0115018.png,9,"[9, 7, 6]"
0115020.png,9,"[9, 8, 6]"
0115024.png,9,"[9, 3, 5]"
0115029.png,9,"[9, 8, 6]"
0115031.png,9,"[9, 4, 7]"
0115044.png,8,"[8, 9, 7]"
0115047.png,9,"[9, 2, 6]"
0115068.png,9,"[9, 6, 8]"
0115072.png,9,"[9, 7, 3]"
0115076.png,9,"[9, 7, 8]"
0115080.png,9,"[9, 3, 4]"
0115087.png,8,"[8, 0, 1]"
0115102.png,9,"[9, 7, 8]"
0115106.png,9,"[9, 8, 3]"
0115107.png,9,"[9, 7, 5]"
0115111.png,9,"[9, 3, 8]"
0115125.png,9,"[9, 7, 8]"
0115129.png,9,"[9, 6, 8]"
0115132.png,9,"[9, 8, 6]"
0115141.png,9,"[9, 4, 6]"
0115151.png,9,"[9, 8, 7]"
0115153.png,9,"[9, 3, 8]"
0115159.png,9,"[9, 6, 4]"
0115163.png,9,"[9, 7, 3]"
0115176.png,9,"[9, 7, 8]"
0115184.png,9,"[9, 7, 2]"
0115185.png,9,"[9, 7, 2]"
0115186.png,9,"[9, 8, 7]"
0115188.png,9,"[9, 6, 4]"
0115189.png,9,"[9, 4, 6]"
0115194.png,9,"[9, 3, 8]"
0115196.png,9,"[9, 8, 2]"
0115197.png,9,"[9, 8, 6]"
0115198.png,9,"[9, 7, 8]"
0115205.png,9,"[9, 7, 8]"
0115208.png,3,"[3, 7, 2]"
0115210.png,9,"[9, 7, 8]"
0115221.png,9,"[9, 7, 2]"
0115224.png,9,"[9, 7, 8]"
0115225.png,9,"[9, 4, 7]"
0115227.png,9,"[9, 8, 6]"
0115252.png,9,"[9, 7, 4]"
0115253.png,9,"[9, 6, 8]"
0115254.png,9,"[9, 6, 4]"
0115259.png,9,"[9, 7, 6]"
0115260.png,9,"[9, 6, 7]"
0115261.png,9,"[9, 6, 8]"
0115265.png,9,"[9, 6, 8]"
0115269.png,9,"[9, 6, 2]"
0115271.png,9,"[9, 6, 7]"
0115281.png,9,"[9, 6, 8]"
0115286.png,9,"[9, 2, 7]"
0115293.png,9,"[9, 6, 0]"
0115295.png,9,"[9, 1, 7]"
0115298.png,9,"[9, 6, 8]"
0115300.png,7,"[7, 9, 5]"
0115305.png,9,"[9, 6, 7]"
0115319.png,9,"[9, 6, 7]"
0115325.png,9,"[9, 8, 6]"
0115326.png,9,"[9, 2, 8]"
0115341.png,9,"[9, 4, 8]"
0115344.png,9,"[9, 6, 8]"
0115349.png,9,"[9, 7, 8]"
0115350.png,9,"[9, 6, 8]"
0115363.png,9,"[9, 7, 8]"
0115369.png,0,"[0, 9, 8]"
0115379.png,9,"[9, 7, 8]"
0115383.png,9,"[9, 2, 7]"
0115387.png,9,"[9, 7, 8]"
0115390.png,9,"[9, 7, 4]"
0115392.png,5,"[5, 6, 9]"
0115400.png,2,"[2, 7, 9]"
0115404.png,2,"[2, 9, 6]"
0115405.png,9,"[9, 6, 4]"
0115421.png,7,"[7, 9, 3]"
0115422.png,9,"[9, 4, 2]"
0115424.png,9,"[9, 8, 6]"
0115425.png,8,"[8, 9, 7]"
0115427.png,9,"[9, 2, 0]"
0115435.png,9,"[9, 8, 6]"
0115438.png,9,"[9, 4, 6]"
0115441.png,8,"[8, 9, 2]"
0115442.png,9,"[9, 8, 2]"
0115443.png,9,"[9, 6, 8]"
0115444.png,9,"[9, 7, 8]"
0115453.png,9,"[9, 3, 4]"
0115454.png,9,"[9, 4, 5]"
0115466.png,9,"[9, 7, 8]"
0115468.png,9,"[9, 7, 4]"
0115472.png,9,"[9, 7, 2]"
0115489.png,8,"[8, 9, 6]"
0115492.png,9,"[9, 3, 8]"
0115493.png,9,"[9, 7, 1]"
0115495.png,9,"[9, 7, 6]"
0115497.png,9,"[9, 4, 5]"
0115498.png,9,"[9, 7, 4]"
0115499.png,9,"[9, 7, 4]"
0115503.png,2,"[2, 9, 8]"
0115505.png,9,"[9, 7, 4]"
0115512.png,9,"[9, 8, 7]"
0115514.png,2,"[2, 8, 9]"
0115516.png,9,"[9, 7, 8]"
0115533.png,9,"[9, 7, 2]"
0115542.png,9,"[9, 7, 5]"
0115544.png,9,"[9, 8, 7]"
0115545.png,9,"[9, 7, 8]"
0115546.png,9,"[9, 7, 4]"
0115549.png,9,"[9, 7, 1]"
0115550.png,9,"[9, 4, 7]"
0115552.png,9,"[9, 7, 8]"
0115556.png,9,"[9, 6, 8]"
0115558.png,9,"[9, 6, 8]"
0115560.png,9,"[9, 2, 7]"
0115566.png,9,"[9, 2, 8]"
0115570.png,9,"[9, 6, 8]"
0115574.png,9,"[9, 7, 3]"
0115575.png,9,"[9, 7, 8]"
0115576.png,9,"[9, 7, 3]"
0115584.png,9,"[9, 8, 6]"
0115588.png,9,"[9, 3, 6]"
0115629.png,7,"[7, 9, 2]"
0115630.png,9,"[9, 7, 8]"
0115632.png,9,"[9, 7, 3]"
0115635.png,9,"[9, 7, 8]"
0115639.png,9,"[9, 2, 8]"
0115640.png,9,"[9, 0, 8]"
0115642.png,9,"[9, 6, 4]"
0115652.png,9,"[9, 7, 2]"
0115654.png,9,"[9, 3, 7]"
0115656.png,9,"[9, 8, 7]"
0115661.png,9,"[9, 7, 8]"
0115674.png,9,"[9, 7, 8]"
0115675.png,9,"[9, 7, 5]"
0115697.png,9,"[9, 7, 5]"
0115699.png,9,"[9, 7, 8]"
0115706.png,9,"[9, 8, 3]"
0115707.png,9,"[9, 8, 6]"
0115714.png,9,"[9, 6, 3]"
0115723.png,9,"[9, 6, 7]"
0115726.png,7,"[7, 9, 5]"
0115729.png,9,"[9, 7, 3]"
0115733.png,9,"[9, 8, 7]"
0115734.png,9,"[9, 7, 3]"
0115739.png,4,"[4, 6, 9]"
0115744.png,4,"[4, 7, 9]"
0115747.png,9,"[9, 7, 8]"
0115755.png,9,"[9, 7, 8]"
0115759.png,9,"[9, 7, 6]"
0115764.png,9,"[9, 8, 7]"
0115765.png,9,"[9, 7, 8]"
0115774.png,9,"[9, 7, 4]"
0115776.png,9,"[9, 7, 4]"
0115778.png,9,"[9, 7, 4]"
0115782.png,7,"[7, 9, 1]"
0115788.png,9,"[9, 4, 7]"
0115792.png,9,"[9, 8, 7]"
0115800.png,9,"[9, 6, 4]"
0115803.png,9,"[9, 7, 8]"
0115804.png,9,"[9, 7, 5]"
0115805.png,9,"[9, 7, 6]"
0115811.png,9,"[9, 4, 7]"
0115815.png,9,"[9, 8, 7]"
0115817.png,9,"[9, 8, 6]"
0115818.png,9,"[9, 4, 6]"
0115820.png,9,"[9, 7, 4]"
0115831.png,9,"[9, 8, 2]"
0115839.png,9,"[9, 7, 3]"
0115840.png,9,"[9, 7, 8]"
0115845.png,9,"[9, 7, 1]"
0115848.png,9,"[9, 2, 8]"
0115852.png,9,"[9, 7, 1]"
0115859.png,9,"[9, 8, 6]"
0115860.png,7,"[7, 9, 4]"
0115865.png,9,"[9, 4, 7]"
0115867.png,9,"[9, 7, 8]"
0115873.png,9,"[9, 8, 7]"
0115877.png,9,"[9, 7, 6]"
0115881.png,9,"[9, 7, 8]"
0115897.png,9,"[9, 7, 8]"
0115904.png,9,"[9, 8, 2]"
0115910.png,9,"[9, 4, 7]"
0115911.png,9,"[9, 7, 4]"
0115916.png,9,"[9, 6, 8]"
0115919.png,9,"[9, 8, 3]"
0115925.png,9,"[9, 8, 6]"
0115927.png,9,"[9, 6, 4]"
0115937.png,9,"[9, 7, 4]"
0115941.png,9,"[9, 7, 3]"
0115948.png,9,"[9, 7, 6]"
0115950.png,9,"[9, 8, 7]"
0115953.png,9,"[9, 7, 8]"
0115955.png,9,"[9, 6, 5]"
0115960.png,9,"[9, 8, 6]"
0115961.png,9,"[9, 6, 7]"
0115967.png,0,"[0, 9, 8]"
0115969.png,9,"[9, 7, 8]"
0115979.png,9,"[9, 8, 6]"
0115983.png,9,"[9, 7, 4]"
0115995.png,9,"[9, 7, 2]"
0115999.png,9,"[9, 6, 4]"
0116000.png,9,"[9, 7, 2]"
0116001.png,7,"[7, 9, 5]"
0116003.png,9,"[9, 7, 8]"
0116010.png,9,"[9, 7, 2]"
0116012.png,9,"[9, 6, 2]"
0116015.png,9,"[9, 8, 2]"
0116021.png,9,"[9, 7, 8]"
0116024.png,9,"[9, 8, 2]"
0116031.png,9,"[9, 7, 3]"
0116037.png,9,"[9, 8, 7]"
0116039.png,9,"[9, 7, 8]"
0116040.png,9,"[9, 8, 6]"
0116042.png,9,"[9, 2, 8]"
0116045.png,9,"[9, 3, 5]"
0116047.png,9,"[9, 7, 8]"
0116048.png,0,"[0, 8, 9]"
0116052.png,9,"[9, 7, 8]"
0116053.png,9,"[9, 7, 8]"
0116059.png,9,"[9, 7, 8]"
0116061.png,9,"[9, 7, 3]"
0116064.png,9,"[9, 4, 3]"
0116073.png,9,"[9, 6, 7]"
0116082.png,9,"[9, 2, 7]"
0116092.png,9,"[9, 8, 7]"
0116093.png,9,"[9, 2, 7]"
0116095.png,9,"[9, 7, 8]"
0116099.png,9,"[9, 2, 8]"
0116100.png,9,"[9, 7, 5]"
0116105.png,9,"[9, 3, 8]"
0116109.png,9,"[9, 7, 8]"
0116119.png,9,"[9, 3, 7]"
0116129.png,9,"[9, 6, 2]"
0116136.png,9,"[9, 6, 7]"
0116137.png,9,"[9, 7, 8]"
0116143.png,9,"[9, 7, 8]"
0116156.png,9,"[9, 0, 8]"
0116160.png,9,"[9, 7, 4]"
0116162.png,9,"[9, 7, 4]"
0116166.png,9,"[9, 4, 6]"
0116173.png,9,"[9, 7, 6]"
0116176.png,9,"[9, 6, 8]"
0116180.png,9,"[9, 8, 6]"
0116188.png,4,"[4, 6, 2]"
0116198.png,9,"[9, 7, 8]"
0116200.png,9,"[9, 6, 4]"
0116201.png,9,"[9, 2, 6]"
0116203.png,9,"[9, 2, 7]"
0116204.png,9,"[9, 3, 8]"
0116228.png,9,"[9, 7, 8]"
0116230.png,9,"[9, 4, 8]"
0116231.png,9,"[9, 3, 7]"
0116232.png,0,"[0, 1, 8]"
0116233.png,8,"[8, 6, 9]"
0116235.png,9,"[9, 7, 3]"
0116240.png,9,"[9, 6, 8]"
0116253.png,9,"[9, 7, 6]"
0116255.png,9,"[9, 6, 8]"
0116256.png,7,"[7, 9, 8]"
0116261.png,9,"[9, 8, 7]"
0116266.png,9,"[9, 6, 3]"
0116273.png,9,"[9, 7, 8]"
0116275.png,9,"[9, 7, 8]"
0116276.png,9,"[9, 6, 2]"
0116285.png,9,"[9, 7, 8]"
0116290.png,9,"[9, 8, 6]"
0116307.png,9,"[9, 4, 6]"
0116308.png,9,"[9, 7, 3]"
0116313.png,9,"[9, 7, 8]"
0116314.png,9,"[9, 2, 6]"
0116323.png,9,"[9, 7, 4]"
0116324.png,9,"[9, 7, 3]"
0116330.png,9,"[9, 8, 6]"
0116336.png,9,"[9, 7, 8]"
0116337.png,9,"[9, 6, 5]"
0116339.png,9,"[9, 5, 7]"
0116365.png,9,"[9, 6, 4]"
0116367.png,9,"[9, 8, 6]"
0116371.png,9,"[9, 6, 2]"
0116377.png,9,"[9, 8, 7]"
0116383.png,9,"[9, 7, 8]"
0116397.png,9,"[9, 8, 6]"
0116409.png,9,"[9, 7, 4]"
0116410.png,9,"[9, 8, 6]"
0116421.png,9,"[9, 7, 4]"
0116426.png,9,"[9, 7, 2]"
0116432.png,9,"[9, 7, 8]"
0116435.png,9,"[9, 7, 3]"
0116438.png,9,"[9, 3, 8]"
0116439.png,5,"[5, 3, 8]"
0116440.png,9,"[9, 4, 6]"
0116442.png,2,"[2, 7, 9]"
0116443.png,7,"[7, 9, 3]"
0116458.png,9,"[9, 7, 8]"
0116461.png,9,"[9, 7, 8]"
0116462.png,9,"[9, 7, 8]"
0116470.png,9,"[9, 7, 3]"
0116478.png,9,"[9, 4, 7]"
0116483.png,9,"[9, 6, 7]"
0116484.png,9,"[9, 3, 8]"
0116489.png,9,"[9, 4, 6]"
0116497.png,9,"[9, 6, 8]"
0116498.png,9,"[9, 6, 5]"
0116505.png,9,"[9, 7, 6]"
0116508.png,9,"[9, 8, 7]"
0116513.png,9,"[9, 2, 7]"
0116522.png,2,"[2, 9, 6]"
0116533.png,9,"[9, 8, 6]"
0116534.png,7,"[7, 9, 2]"
0116539.png,9,"[9, 6, 7]"
0116543.png,9,"[9, 6, 8]"
0116554.png,9,"[9, 7, 4]"
0116558.png,9,"[9, 7, 2]"
0116559.png,9,"[9, 7, 4]"
0116561.png,9,"[9, 7, 6]"
0116567.png,9,"[9, 6, 4]"
0116572.png,9,"[9, 7, 2]"
0116573.png,9,"[9, 8, 7]"
0116578.png,9,"[9, 8, 3]"
0116580.png,9,"[9, 2, 8]"
0116588.png,9,"[9, 4, 6]"
0116593.png,9,"[9, 8, 2]"
0116617.png,9,"[9, 6, 4]"
0116619.png,9,"[9, 7, 3]"
0116622.png,9,"[9, 8, 7]"
0116623.png,9,"[9, 6, 7]"
0116624.png,9,"[9, 7, 2]"
0116627.png,9,"[9, 7, 8]"
0116628.png,9,"[9, 3, 8]"
0116632.png,9,"[9, 7, 8]"
0116640.png,3,"[3, 0, 2]"
0116646.png,9,"[9, 7, 8]"
0116651.png,9,"[9, 7, 6]"
0116653.png,9,"[9, 8, 6]"
0116669.png,9,"[9, 6, 8]"
0116671.png,9,"[9, 6, 8]"
0116675.png,9,"[9, 8, 0]"
0116693.png,9,"[9, 6, 8]"
0116694.png,9,"[9, 7, 2]"
0116697.png,8,"[8, 9, 2]"
0116704.png,9,"[9, 7, 2]"
0116705.png,9,"[9, 7, 4]"
0116707.png,9,"[9, 7, 2]"
0116714.png,9,"[9, 8, 6]"
0116715.png,9,"[9, 8, 2]"
0116720.png,9,"[9, 7, 4]"
0116721.png,9,"[9, 6, 4]"
0116727.png,9,"[9, 6, 8]"
0116739.png,5,"[5, 2, 7]"
0116743.png,9,"[9, 6, 8]"
0116745.png,9,"[9, 8, 7]"
0116759.png,9,"[9, 7, 3]"
0116761.png,9,"[9, 7, 6]"
0116763.png,9,"[9, 4, 7]"
0116767.png,9,"[9, 8, 2]"
0116770.png,9,"[9, 6, 8]"
0116771.png,9,"[9, 8, 6]"
0116778.png,9,"[9, 7, 4]"
0116779.png,9,"[9, 7, 6]"
0116783.png,9,"[9, 7, 4]"
0116789.png,9,"[9, 6, 7]"
0116791.png,9,"[9, 7, 8]"
0116804.png,9,"[9, 7, 3]"
0116808.png,9,"[9, 7, 3]"
0116812.png,9,"[9, 7, 3]"
0116815.png,9,"[9, 8, 7]"
0116816.png,9,"[9, 6, 5]"
0116817.png,9,"[9, 8, 7]"
0116818.png,9,"[9, 4, 7]"
0116822.png,9,"[9, 7, 6]"
0116830.png,9,"[9, 7, 8]"
0116836.png,9,"[9, 8, 2]"
0116842.png,9,"[9, 7, 8]"
0116844.png,9,"[9, 8, 6]"
0116847.png,9,"[9, 6, 8]"
0116848.png,9,"[9, 8, 3]"
0116851.png,9,"[9, 8, 6]"
0116853.png,9,"[9, 7, 4]"
0116856.png,7,"[7, 3, 5]"
0116858.png,9,"[9, 6, 5]"
0116859.png,9,"[9, 7, 6]"
0116865.png,9,"[9, 5, 6]"
0116868.png,9,"[9, 6, 7]"
0116879.png,9,"[9, 6, 8]"
0116881.png,9,"[9, 6, 7]"
0116883.png,9,"[9, 6, 5]"
0116890.png,9,"[9, 4, 6]"
0116891.png,9,"[9, 7, 6]"
0116896.png,6,"[6, 9, 2]"
0116899.png,9,"[9, 6, 8]"
0116901.png,9,"[9, 7, 2]"
0116903.png,9,"[9, 8, 4]"
0116920.png,7,"[7, 9, 4]"
0116925.png,9,"[9, 4, 6]"
0116928.png,9,"[9, 6, 4]"
0116929.png,0,"[0, 9, 2]"
0116930.png,9,"[9, 4, 6]"
0116935.png,9,"[9, 6, 1]"
0116938.png,9,"[9, 8, 6]"
0116954.png,9,"[9, 8, 6]"
0116955.png,9,"[9, 6, 8]"
0116960.png,9,"[9, 7, 3]"
0116971.png,9,"[9, 6, 8]"
0116984.png,9,"[9, 1, 0]"
0116986.png,9,"[9, 8, 7]"
0116988.png,9,"[9, 7, 2]"
0117009.png,9,"[9, 7, 8]"
0117011.png,9,"[9, 6, 5]"
0117023.png,9,"[9, 8, 6]"
0117027.png,9,"[9, 8, 6]"
0117028.png,9,"[9, 8, 2]"
0117039.png,7,"[7, 9, 2]"
0117040.png,9,"[9, 6, 3]"
0117041.png,9,"[9, 5, 6]"
0117042.png,9,"[9, 4, 1]"
0117043.png,9,"[9, 7, 8]"
0117044.png,9,"[9, 6, 8]"
0117046.png,9,"[9, 7, 8]"
0117047.png,9,"[9, 7, 8]"
0117051.png,9,"[9, 2, 6]"
0117052.png,9,"[9, 6, 0]"
0117053.png,9,"[9, 4, 6]"
0117054.png,9,"[9, 7, 4]"
0117055.png,9,"[9, 7, 4]"
0117061.png,9,"[9, 7, 8]"
0117066.png,9,"[9, 6, 4]"
0117071.png,9,"[9, 7, 3]"
0117080.png,9,"[9, 6, 7]"
0117089.png,9,"[9, 8, 2]"
0117091.png,8,"[8, 9, 7]"
0117097.png,9,"[9, 7, 8]"
0117099.png,9,"[9, 3, 5]"
0117102.png,9,"[9, 7, 3]"
0117114.png,9,"[9, 6, 8]"
0117120.png,9,"[9, 7, 8]"
0117121.png,9,"[9, 7, 8]"
0117123.png,9,"[9, 2, 8]"
0117128.png,9,"[9, 6, 8]"
0117129.png,9,"[9, 0, 6]"
0117130.png,7,"[7, 9, 5]"
0117134.png,9,"[9, 6, 8]"
0117138.png,9,"[9, 7, 2]"
0117142.png,9,"[9, 7, 5]"
0117143.png,9,"[9, 7, 6]"
0117145.png,4,"[4, 9, 7]"
0117151.png,9,"[9, 7, 4]"
0117152.png,9,"[9, 8, 2]"
0117156.png,9,"[9, 6, 4]"
0117157.png,9,"[9, 6, 7]"
0117174.png,9,"[9, 3, 8]"
0117183.png,9,"[9, 5, 6]"
0117186.png,9,"[9, 7, 8]"
0117187.png,9,"[9, 7, 8]"
0117199.png,9,"[9, 6, 4]"
0117201.png,9,"[9, 7, 8]"
0117202.png,9,"[9, 7, 8]"
0117208.png,8,"[8, 9, 7]"
0117218.png,9,"[9, 8, 6]"
0117223.png,9,"[9, 7, 8]"
0117233.png,9,"[9, 7, 8]"
0117234.png,9,"[9, 8, 2]"
0117241.png,9,"[9, 6, 8]"
0117245.png,9,"[9, 7, 8]"
0117248.png,2,"[2, 6, 9]"
0117253.png,9,"[9, 6, 4]"
0117254.png,2,"[2, 9, 6]"
0117256.png,9,"[9, 7, 3]"
0117261.png,9,"[9, 4, 6]"
0117282.png,9,"[9, 8, 6]"
0117287.png,9,"[9, 6, 8]"
0117290.png,9,"[9, 7, 2]"
0117302.png,9,"[9, 8, 7]"
0117306.png,9,"[9, 7, 8]"
0117307.png,9,"[9, 7, 4]"
0117311.png,9,"[9, 8, 7]"
0117314.png,9,"[9, 7, 2]"
0117318.png,8,"[8, 9, 2]"
0117321.png,9,"[9, 6, 2]"
0117327.png,9,"[9, 7, 8]"
0117339.png,9,"[9, 8, 2]"
0117349.png,9,"[9, 7, 8]"
0117352.png,9,"[9, 8, 7]"
0117357.png,9,"[9, 6, 8]"
0117358.png,9,"[9, 8, 7]"
0117361.png,9,"[9, 6, 8]"
0117364.png,9,"[9, 3, 6]"
0117375.png,9,"[9, 6, 8]"
0117376.png,9,"[9, 4, 6]"
0117383.png,9,"[9, 6, 7]"
0117387.png,2,"[2, 8, 0]"
0117388.png,9,"[9, 7, 4]"
0117390.png,9,"[9, 8, 2]"
0117394.png,9,"[9, 8, 6]"
0117401.png,9,"[9, 7, 3]"
0117405.png,9,"[9, 7, 8]"
0117409.png,9,"[9, 7, 3]"
0117421.png,9,"[9, 8, 7]"
0117422.png,9,"[9, 4, 7]"
0117433.png,9,"[9, 7, 4]"
0117434.png,9,"[9, 8, 3]"
0117437.png,9,"[9, 7, 3]"
0117445.png,9,"[9, 7, 2]"
0117449.png,9,"[9, 6, 8]"
0117450.png,9,"[9, 8, 6]"
0117451.png,9,"[9, 3, 7]"
0117457.png,9,"[9, 8, 6]"
0117470.png,9,"[9, 7, 6]"
0117476.png,7,"[7, 9, 4]"
0117480.png,9,"[9, 8, 6]"
0117481.png,9,"[9, 7, 4]"
0117486.png,9,"[9, 7, 4]"
0117499.png,9,"[9, 7, 6]"
0117502.png,9,"[9, 8, 6]"
0117503.png,9,"[9, 2, 7]"
0117504.png,9,"[9, 7, 4]"
0117511.png,9,"[9, 2, 6]"
0117521.png,9,"[9, 8, 7]"
0117522.png,9,"[9, 6, 4]"
0117530.png,9,"[9, 6, 8]"
0117533.png,9,"[9, 7, 2]"
0117534.png,9,"[9, 7, 6]"
0117537.png,9,"[9, 6, 7]"
0117538.png,9,"[9, 6, 8]"
0117544.png,9,"[9, 8, 2]"
0117546.png,9,"[9, 6, 8]"
0117547.png,9,"[9, 6, 8]"
0117549.png,9,"[9, 7, 3]"
0117552.png,9,"[9, 6, 8]"
0117553.png,9,"[9, 8, 2]"
0117565.png,9,"[9, 8, 7]"
0117566.png,9,"[9, 5, 8]"
0117567.png,5,"[5, 8, 9]"
0117568.png,7,"[7, 9, 2]"
0117575.png,9,"[9, 7, 2]"
0117581.png,9,"[9, 6, 8]"
0117591.png,9,"[9, 8, 7]"
0117593.png,9,"[9, 7, 6]"
0117595.png,7,"[7, 9, 8]"
0117596.png,9,"[9, 8, 2]"
0117599.png,9,"[9, 8, 7]"
0117605.png,9,"[9, 7, 4]"
0117606.png,9,"[9, 7, 8]"
0117608.png,6,"[6, 9, 8]"
0117610.png,9,"[9, 7, 2]"
0117619.png,9,"[9, 6, 5]"
0117626.png,9,"[9, 8, 7]"
0117627.png,9,"[9, 7, 4]"
0117630.png,9,"[9, 6, 2]"
0117631.png,9,"[9, 7, 4]"
0117645.png,9,"[9, 7, 8]"
0117647.png,9,"[9, 6, 2]"
0117654.png,9,"[9, 7, 8]"
0117656.png,9,"[9, 4, 6]"
0117659.png,9,"[9, 6, 4]"
0117660.png,9,"[9, 6, 4]"
0117664.png,9,"[9, 6, 8]"
0117670.png,9,"[9, 7, 8]"
0117674.png,7,"[7, 4, 9]"
0117678.png,9,"[9, 6, 7]"
0117681.png,9,"[9, 8, 5]"
0117695.png,9,"[9, 7, 4]"
0117700.png,9,"[9, 4, 6]"
0117701.png,9,"[9, 6, 8]"
0117703.png,9,"[9, 6, 4]"
0117705.png,9,"[9, 6, 2]"
0117710.png,9,"[9, 2, 8]"
0117712.png,9,"[9, 7, 4]"
0117713.png,9,"[9, 4, 6]"
0117716.png,9,"[9, 7, 6]"
0117717.png,9,"[9, 6, 4]"
0117718.png,9,"[9, 8, 7]"
0117720.png,9,"[9, 3, 8]"
0117721.png,9,"[9, 5, 8]"
0117725.png,9,"[9, 7, 3]"
0117734.png,9,"[9, 7, 8]"
0117740.png,9,"[9, 6, 2]"
0117756.png,9,"[9, 7, 6]"
0117757.png,9,"[9, 8, 3]"
0117770.png,9,"[9, 8, 7]"
0117774.png,9,"[9, 7, 4]"
0117776.png,9,"[9, 8, 7]"
0117779.png,9,"[9, 8, 7]"
0117791.png,9,"[9, 6, 2]"
0117803.png,9,"[9, 7, 4]"
0117805.png,7,"[7, 1, 9]"
0117806.png,9,"[9, 8, 6]"
0117813.png,9,"[9, 1, 7]"
0117815.png,9,"[9, 7, 6]"
0117832.png,9,"[9, 8, 7]"
0117839.png,9,"[9, 7, 8]"
0117842.png,9,"[9, 6, 8]"
0117850.png,9,"[9, 7, 6]"
0117855.png,9,"[9, 6, 7]"
0117856.png,9,"[9, 7, 6]"
0117868.png,9,"[9, 6, 8]"
0117871.png,9,"[9, 4, 7]"
0117874.png,9,"[9, 4, 6]"
0117877.png,9,"[9, 4, 6]"
0117879.png,9,"[9, 4, 6]"
0117885.png,9,"[9, 7, 8]"
0117886.png,9,"[9, 7, 6]"
0117897.png,2,"[2, 7, 9]"
0117901.png,9,"[9, 6, 2]"
0117910.png,9,"[9, 5, 7]"
0117918.png,8,"[8, 5, 9]"
0117927.png,9,"[9, 6, 4]"
0117928.png,6,"[6, 9, 5]"
0117934.png,9,"[9, 7, 5]"
0117935.png,9,"[9, 7, 3]"
0117936.png,9,"[9, 8, 4]"
0117937.png,9,"[9, 4, 6]"
0117939.png,9,"[9, 4, 6]"
0117941.png,9,"[9, 7, 1]"
0117942.png,9,"[9, 4, 3]"
0117943.png,9,"[9, 7, 4]"
0117946.png,2,"[2, 5, 9]"
0117949.png,9,"[9, 5, 3]"
0117957.png,9,"[9, 8, 1]"
0117961.png,9,"[9, 4, 6]"
0117964.png,9,"[9, 2, 7]"
0117968.png,9,"[9, 7, 8]"
0117981.png,9,"[9, 6, 8]"
0117982.png,9,"[9, 7, 3]"
0117986.png,9,"[9, 8, 7]"
0117989.png,9,"[9, 6, 4]"
0117998.png,9,"[9, 7, 6]"
0118012.png,9,"[9, 4, 6]"
0118013.png,9,"[9, 4, 8]"
0118014.png,9,"[9, 8, 7]"
0118015.png,9,"[9, 8, 7]"
0118016.png,9,"[9, 7, 4]"
0118017.png,9,"[9, 4, 8]"
0118023.png,9,"[9, 8, 7]"
0118042.png,9,"[9, 8, 6]"
0118047.png,9,"[9, 6, 3]"
0118057.png,9,"[9, 7, 4]"
0118059.png,9,"[9, 7, 6]"
0118066.png,9,"[9, 7, 4]"
0118073.png,9,"[9, 7, 4]"
0118078.png,9,"[9, 8, 2]"
0118082.png,9,"[9, 7, 3]"
0118088.png,9,"[9, 8, 2]"
0118089.png,9,"[9, 7, 2]"
0118090.png,9,"[9, 0, 2]"
0118092.png,9,"[9, 8, 7]"
0118093.png,9,"[9, 8, 7]"
0118096.png,9,"[9, 8, 7]"
0118102.png,9,"[9, 8, 7]"
0118108.png,9,"[9, 6, 8]"
0118112.png,9,"[9, 2, 8]"
0118118.png,7,"[7, 2, 9]"
0118121.png,9,"[9, 6, 4]"
0118127.png,9,"[9, 6, 8]"
0118134.png,9,"[9, 8, 7]"
0118137.png,9,"[9, 7, 4]"
0118143.png,9,"[9, 8, 7]"
0118144.png,9,"[9, 2, 6]"
0118148.png,9,"[9, 7, 8]"
0118157.png,9,"[9, 8, 7]"
0118162.png,9,"[9, 3, 7]"
0118163.png,9,"[9, 7, 6]"
0118175.png,9,"[9, 8, 7]"
0118177.png,9,"[9, 7, 3]"
0118179.png,9,"[9, 3, 6]"
0118189.png,2,"[2, 9, 8]"
0118191.png,9,"[9, 6, 8]"
0118193.png,9,"[9, 8, 3]"
0118194.png,9,"[9, 1, 3]"
0118195.png,9,"[9, 2, 7]"
0118202.png,7,"[7, 9, 4]"
0118207.png,4,"[4, 9, 1]"
0118211.png,9,"[9, 6, 4]"
0118213.png,9,"[9, 7, 4]"
0118216.png,9,"[9, 7, 4]"
0118220.png,9,"[9, 2, 7]"
0118226.png,9,"[9, 7, 3]"
0118228.png,9,"[9, 8, 4]"
0118231.png,9,"[9, 4, 7]"
0118233.png,8,"[8, 9, 2]"
0118234.png,9,"[9, 8, 3]"
0118249.png,9,"[9, 7, 8]"
0118250.png,9,"[9, 6, 8]"
0118251.png,9,"[9, 7, 4]"
0118253.png,7,"[7, 9, 8]"
0118257.png,9,"[9, 7, 3]"
0118267.png,9,"[9, 4, 6]"
0118272.png,9,"[9, 6, 7]"
0118278.png,9,"[9, 6, 2]"
0118284.png,8,"[8, 9, 3]"
0118286.png,9,"[9, 8, 4]"
0118291.png,9,"[9, 4, 6]"
0118297.png,9,"[9, 8, 7]"
0118300.png,9,"[9, 8, 7]"
0118303.png,9,"[9, 7, 3]"
0118305.png,9,"[9, 7, 4]"
0118313.png,9,"[9, 7, 6]"
0118318.png,9,"[9, 6, 8]"
0118322.png,9,"[9, 6, 8]"
0118326.png,9,"[9, 6, 8]"
0118334.png,9,"[9, 7, 4]"
0118335.png,9,"[9, 7, 6]"
0118337.png,9,"[9, 6, 8]"
0118338.png,6,"[6, 9, 3]"
0118344.png,9,"[9, 6, 8]"
0118351.png,9,"[9, 8, 7]"
0118356.png,9,"[9, 8, 7]"
0118360.png,9,"[9, 6, 8]"
0118367.png,9,"[9, 7, 8]"
0118369.png,9,"[9, 7, 8]"
0118371.png,9,"[9, 8, 7]"
0118372.png,9,"[9, 7, 3]"
0118381.png,9,"[9, 7, 8]"
0118383.png,9,"[9, 7, 8]"
0118386.png,9,"[9, 8, 2]"
0118389.png,9,"[9, 7, 8]"
0118391.png,9,"[9, 8, 7]"
0118393.png,9,"[9, 4, 8]"
0118404.png,8,"[8, 9, 7]"
0118412.png,9,"[9, 2, 0]"
0118415.png,9,"[9, 6, 5]"
0118424.png,9,"[9, 6, 8]"
0118431.png,9,"[9, 3, 7]"
0118446.png,9,"[9, 7, 3]"
0118456.png,9,"[9, 7, 2]"
0118457.png,9,"[9, 7, 8]"
0118461.png,9,"[9, 7, 3]"
0118464.png,9,"[9, 6, 8]"
0118466.png,9,"[9, 7, 8]"
0118472.png,9,"[9, 2, 8]"
0118473.png,9,"[9, 2, 8]"
0118475.png,9,"[9, 6, 4]"
0118476.png,9,"[9, 3, 7]"
0118477.png,9,"[9, 3, 7]"
0118482.png,9,"[9, 8, 6]"
0118485.png,9,"[9, 8, 3]"
0118490.png,9,"[9, 5, 6]"
0118499.png,2,"[2, 7, 9]"
0118506.png,6,"[6, 0, 9]"
0118507.png,9,"[9, 8, 6]"
0118515.png,9,"[9, 2, 8]"
0118518.png,9,"[9, 4, 7]"
0118523.png,9,"[9, 6, 2]"
0118524.png,9,"[9, 7, 8]"
0118528.png,9,"[9, 2, 6]"
0118529.png,9,"[9, 2, 6]"
0118535.png,9,"[9, 3, 7]"
0118545.png,9,"[9, 2, 8]"
0118553.png,9,"[9, 7, 6]"
0118559.png,9,"[9, 7, 6]"
0118562.png,5,"[5, 9, 2]"
0118578.png,9,"[9, 8, 6]"
0118581.png,9,"[9, 8, 6]"
0118584.png,9,"[9, 3, 8]"
0118586.png,7,"[7, 9, 8]"
0118611.png,9,"[9, 7, 6]"
0118615.png,9,"[9, 7, 5]"
0118616.png,9,"[9, 8, 6]"
0118621.png,9,"[9, 7, 3]"
0118626.png,9,"[9, 7, 2]"
0118628.png,9,"[9, 8, 2]"
0118629.png,9,"[9, 8, 7]"
0118639.png,8,"[8, 9, 7]"
0118643.png,9,"[9, 4, 7]"
0118645.png,9,"[9, 8, 7]"
0118650.png,9,"[9, 6, 2]"
0118651.png,9,"[9, 7, 8]"
0118655.png,9,"[9, 7, 8]"
0118657.png,9,"[9, 2, 7]"
0118658.png,9,"[9, 7, 6]"
0118660.png,9,"[9, 6, 4]"
0118661.png,9,"[9, 7, 3]"
0118679.png,9,"[9, 8, 6]"
0118682.png,9,"[9, 6, 7]"
0118684.png,9,"[9, 7, 2]"
0118697.png,9,"[9, 6, 8]"
0118707.png,9,"[9, 7, 4]"
0118709.png,9,"[9, 6, 8]"
0118712.png,9,"[9, 6, 4]"
0118713.png,9,"[9, 6, 4]"
0118728.png,9,"[9, 7, 4]"
0118736.png,9,"[9, 6, 8]"
0118737.png,9,"[9, 0, 2]"
0118747.png,9,"[9, 8, 7]"
0118750.png,9,"[9, 4, 8]"
0118763.png,9,"[9, 7, 4]"
0118764.png,9,"[9, 8, 2]"
0118767.png,9,"[9, 7, 4]"
0118769.png,9,"[9, 6, 8]"
0118770.png,9,"[9, 2, 6]"
0118773.png,9,"[9, 8, 5]"
0118779.png,9,"[9, 2, 8]"
0118790.png,9,"[9, 7, 4]"
0118795.png,9,"[9, 8, 6]"
0118802.png,9,"[9, 6, 4]"
0118809.png,9,"[9, 6, 4]"
0118816.png,9,"[9, 7, 5]"
0118819.png,9,"[9, 8, 6]"
0118824.png,9,"[9, 4, 6]"
0118827.png,9,"[9, 5, 6]"
0118831.png,9,"[9, 4, 6]"
0118837.png,9,"[9, 7, 8]"
0118838.png,7,"[7, 2, 3]"
0118842.png,9,"[9, 6, 8]"
0118844.png,9,"[9, 7, 2]"
0118845.png,9,"[9, 7, 2]"
0118850.png,9,"[9, 4, 7]"
0118859.png,9,"[9, 7, 4]"
0118865.png,9,"[9, 7, 2]"
0118868.png,6,"[6, 2, 9]"
0118871.png,9,"[9, 7, 3]"
0118878.png,9,"[9, 7, 4]"
0118890.png,9,"[9, 6, 7]"
0118893.png,9,"[9, 6, 2]"
0118898.png,8,"[8, 2, 9]"
0118906.png,9,"[9, 4, 7]"
0118908.png,9,"[9, 6, 2]"
0118915.png,9,"[9, 8, 2]"
0118918.png,9,"[9, 7, 6]"
0118919.png,9,"[9, 4, 7]"
0118921.png,9,"[9, 6, 3]"
0118938.png,9,"[9, 3, 1]"
0118939.png,9,"[9, 6, 4]"
0118940.png,9,"[9, 6, 4]"
0118941.png,9,"[9, 6, 8]"
0118958.png,6,"[6, 7, 9]"
0118963.png,9,"[9, 7, 8]"
0118967.png,9,"[9, 6, 5]"
0118968.png,9,"[9, 8, 7]"
0118975.png,9,"[9, 7, 8]"
0118976.png,9,"[9, 6, 8]"
0118977.png,9,"[9, 3, 4]"
0118980.png,9,"[9, 7, 8]"
0118989.png,9,"[9, 7, 4]"
0118992.png,9,"[9, 8, 7]"
0118993.png,9,"[9, 6, 4]"
0118995.png,9,"[9, 6, 8]"
0118996.png,9,"[9, 3, 6]"
0119002.png,9,"[9, 8, 7]"
0119007.png,9,"[9, 7, 8]"
0119032.png,9,"[9, 7, 2]"
0119034.png,4,"[4, 9, 6]"
0119037.png,9,"[9, 8, 7]"
0119040.png,9,"[9, 8, 7]"
0119046.png,9,"[9, 7, 8]"
0119049.png,9,"[9, 6, 7]"
0119051.png,9,"[9, 7, 8]"
0119054.png,9,"[9, 3, 7]"
0119058.png,9,"[9, 8, 6]"
0119059.png,9,"[9, 6, 8]"
0119061.png,9,"[9, 7, 8]"
0119063.png,9,"[9, 7, 4]"
0119064.png,9,"[9, 7, 2]"
0119066.png,9,"[9, 8, 3]"
0119070.png,9,"[9, 4, 6]"
0119073.png,9,"[9, 7, 3]"
0119075.png,9,"[9, 8, 0]"
0119078.png,9,"[9, 6, 8]"
0119096.png,9,"[9, 6, 0]"
0119110.png,9,"[9, 8, 6]"
0119119.png,9,"[9, 8, 7]"
0119137.png,9,"[9, 7, 6]"
0119139.png,9,"[9, 3, 7]"
0119143.png,9,"[9, 2, 6]"
0119144.png,9,"[9, 6, 7]"
0119145.png,9,"[9, 6, 2]"
0119149.png,9,"[9, 4, 8]"
0119150.png,9,"[9, 6, 8]"
0119157.png,9,"[9, 2, 3]"
0119158.png,9,"[9, 2, 8]"
0119159.png,9,"[9, 6, 4]"
0119162.png,9,"[9, 7, 4]"
0119168.png,9,"[9, 7, 2]"
0119175.png,9,"[9, 7, 8]"
0119177.png,9,"[9, 6, 4]"
0119183.png,9,"[9, 7, 4]"
0119199.png,9,"[9, 8, 7]"
0119208.png,9,"[9, 8, 2]"
0119212.png,0,"[0, 8, 9]"
0119214.png,9,"[9, 8, 0]"
0119233.png,9,"[9, 6, 7]"
0119234.png,9,"[9, 8, 7]"
0119252.png,9,"[9, 6, 3]"
0119255.png,9,"[9, 4, 6]"
0119263.png,9,"[9, 7, 8]"
0119265.png,9,"[9, 6, 7]"
0119271.png,9,"[9, 8, 7]"
0119272.png,9,"[9, 6, 4]"
0119281.png,9,"[9, 4, 7]"
0119284.png,9,"[9, 7, 4]"
0119287.png,9,"[9, 6, 8]"
0119288.png,2,"[2, 9, 8]"
0119291.png,9,"[9, 7, 8]"
0119298.png,9,"[9, 4, 7]"
0119300.png,7,"[7, 9, 2]"
0119309.png,9,"[9, 5, 3]"
0119310.png,9,"[9, 3, 7]"
0119312.png,9,"[9, 7, 8]"
0119315.png,9,"[9, 7, 8]"
0119318.png,9,"[9, 7, 8]"
0119331.png,9,"[9, 7, 8]"
0119337.png,9,"[9, 7, 6]"
0119341.png,9,"[9, 6, 7]"
0119343.png,9,"[9, 7, 6]"
0119345.png,9,"[9, 8, 2]"
0119350.png,9,"[9, 6, 8]"
0119351.png,9,"[9, 6, 4]"
0119352.png,9,"[9, 6, 7]"
0119359.png,9,"[9, 5, 7]"
0119370.png,9,"[9, 6, 8]"
0119373.png,9,"[9, 6, 4]"
0119387.png,9,"[9, 6, 4]"
0119394.png,9,"[9, 7, 6]"
0119401.png,9,"[9, 7, 3]"
0119403.png,8,"[8, 9, 2]"
0119409.png,9,"[9, 7, 8]"
0119412.png,9,"[9, 8, 4]"
0119413.png,9,"[9, 6, 8]"
0119419.png,9,"[9, 7, 4]"
0119425.png,9,"[9, 6, 8]"
0119435.png,9,"[9, 2, 0]"
0119437.png,9,"[9, 8, 6]"
0119455.png,9,"[9, 8, 3]"
0119460.png,9,"[9, 3, 7]"
0119464.png,9,"[9, 7, 6]"
0119472.png,9,"[9, 7, 5]"
0119481.png,9,"[9, 8, 2]"
0119483.png,9,"[9, 7, 4]"
0119495.png,9,"[9, 7, 6]"
0119496.png,9,"[9, 4, 8]"
0119500.png,9,"[9, 7, 4]"
0119506.png,9,"[9, 6, 4]"
0119508.png,9,"[9, 7, 8]"
0119509.png,9,"[9, 7, 6]"
0119510.png,9,"[9, 7, 4]"
0119511.png,9,"[9, 6, 4]"
0119514.png,9,"[9, 7, 8]"
0119517.png,9,"[9, 8, 2]"
0119521.png,9,"[9, 7, 6]"
0119524.png,9,"[9, 7, 4]"
0119528.png,9,"[9, 6, 8]"
0119531.png,9,"[9, 4, 6]"
0119543.png,7,"[7, 9, 2]"
0119545.png,9,"[9, 6, 4]"
0119547.png,9,"[9, 3, 4]"
0119551.png,9,"[9, 7, 4]"
0119563.png,9,"[9, 4, 6]"
0119564.png,9,"[9, 8, 4]"
0119574.png,9,"[9, 2, 6]"
0119578.png,9,"[9, 6, 8]"
0119585.png,9,"[9, 7, 6]"
0119587.png,9,"[9, 2, 8]"
0119599.png,9,"[9, 8, 7]"
0119602.png,9,"[9, 4, 6]"
0119619.png,9,"[9, 6, 7]"
0119620.png,6,"[6, 2, 9]"
0119622.png,9,"[9, 6, 8]"
0119623.png,9,"[9, 8, 7]"
0119624.png,8,"[8, 9, 6]"
0119625.png,9,"[9, 6, 8]"
0119626.png,2,"[2, 9, 6]"
0119639.png,9,"[9, 8, 5]"
0119640.png,9,"[9, 6, 2]"
0119646.png,9,"[9, 8, 6]"
0119653.png,9,"[9, 8, 3]"
0119654.png,9,"[9, 7, 4]"
0119661.png,9,"[9, 6, 8]"
0119664.png,6,"[6, 9, 4]"
0119674.png,9,"[9, 4, 6]"
0119675.png,9,"[9, 6, 4]"
0119683.png,9,"[9, 6, 7]"
0119684.png,9,"[9, 7, 3]"
0119686.png,9,"[9, 3, 5]"
0119687.png,9,"[9, 6, 5]"
0119688.png,9,"[9, 7, 3]"
0119691.png,9,"[9, 7, 8]"
0119692.png,9,"[9, 8, 4]"
0119695.png,9,"[9, 8, 2]"
0119698.png,9,"[9, 4, 7]"
0119702.png,9,"[9, 7, 8]"
0119706.png,9,"[9, 7, 4]"
0119709.png,9,"[9, 7, 8]"
0119714.png,9,"[9, 4, 6]"
0119716.png,9,"[9, 8, 7]"
0119719.png,9,"[9, 7, 2]"
0119735.png,9,"[9, 6, 8]"
0119737.png,9,"[9, 6, 4]"
0119745.png,9,"[9, 8, 2]"
0119746.png,9,"[9, 2, 7]"
0119747.png,9,"[9, 2, 6]"
0119761.png,9,"[9, 7, 4]"
0119773.png,9,"[9, 6, 8]"
0119779.png,9,"[9, 6, 8]"
0119785.png,9,"[9, 6, 8]"
0119787.png,2,"[2, 9, 0]"
0119792.png,9,"[9, 8, 4]"
0119793.png,9,"[9, 4, 3]"
0119799.png,9,"[9, 4, 7]"
0119802.png,9,"[9, 8, 2]"
0119821.png,9,"[9, 6, 7]"
0119822.png,9,"[9, 4, 7]"
0119828.png,9,"[9, 7, 8]"
0119836.png,9,"[9, 6, 2]"
0119838.png,9,"[9, 4, 6]"
0119843.png,9,"[9, 7, 8]"
0119845.png,9,"[9, 4, 6]"
0119847.png,9,"[9, 7, 4]"
0119850.png,9,"[9, 7, 3]"
0119853.png,9,"[9, 7, 4]"
0119856.png,9,"[9, 8, 7]"
0119857.png,9,"[9, 8, 3]"
0119860.png,9,"[9, 4, 6]"
0119861.png,9,"[9, 7, 8]"
0119862.png,9,"[9, 3, 7]"
0119871.png,9,"[9, 6, 8]"
0119874.png,7,"[7, 5, 9]"
0119875.png,9,"[9, 6, 5]"
0119876.png,7,"[7, 9, 2]"
0119877.png,9,"[9, 7, 8]"
0119882.png,9,"[9, 7, 3]"
0119883.png,9,"[9, 7, 8]"
0119887.png,9,"[9, 7, 6]"
0119888.png,9,"[9, 6, 2]"
0119889.png,9,"[9, 6, 4]"
0119902.png,6,"[6, 9, 3]"
0119916.png,9,"[9, 7, 4]"
0119921.png,9,"[9, 7, 4]"
0119923.png,9,"[9, 6, 8]"
0119924.png,9,"[9, 6, 4]"
0119926.png,9,"[9, 7, 8]"
0119933.png,9,"[9, 7, 8]"
0119938.png,9,"[9, 8, 2]"
0119939.png,9,"[9, 7, 8]"
0119943.png,9,"[9, 6, 8]"
0119946.png,9,"[9, 8, 2]"
0119947.png,9,"[9, 7, 5]"
0119949.png,8,"[8, 9, 7]"
0119950.png,9,"[9, 6, 7]"
0119954.png,9,"[9, 7, 8]"
0119955.png,9,"[9, 7, 4]"
0119973.png,9,"[9, 7, 3]"
0119977.png,9,"[9, 7, 4]"
0119981.png,9,"[9, 4, 6]"
0119985.png,9,"[9, 7, 8]"
0119991.png,9,"[9, 7, 4]"
0119994.png,9,"[9, 7, 8]"
0119996.png,9,"[9, 7, 8]"
0120002.png,9,"[9, 3, 5]"
0120012.png,9,"[9, 6, 8]"
0120020.png,9,"[9, 8, 7]"
0120022.png,9,"[9, 8, 2]"
0120030.png,9,"[9, 8, 6]"
0120032.png,9,"[9, 8, 7]"
0120044.png,9,"[9, 8, 3]"
0120047.png,9,"[9, 3, 5]"
0120053.png,9,"[9, 7, 8]"
0120055.png,9,"[9, 6, 7]"
0120056.png,9,"[9, 6, 8]"
0120060.png,7,"[7, 9, 4]"
0120078.png,9,"[9, 3, 8]"
0120083.png,9,"[9, 8, 6]"
0120087.png,9,"[9, 5, 3]"
0120091.png,9,"[9, 2, 8]"
0120107.png,9,"[9, 7, 4]"
0120111.png,9,"[9, 4, 6]"
0120112.png,6,"[6, 0, 5]"
0120113.png,9,"[9, 6, 0]"
0120122.png,9,"[9, 7, 2]"
0120123.png,9,"[9, 8, 6]"
0120124.png,8,"[8, 3, 9]"
0120128.png,9,"[9, 6, 8]"
0120131.png,9,"[9, 7, 4]"
0120132.png,9,"[9, 7, 2]"
0120134.png,9,"[9, 8, 7]"
0120139.png,9,"[9, 7, 8]"
0120146.png,9,"[9, 3, 6]"
0120148.png,9,"[9, 8, 6]"
0120151.png,9,"[9, 8, 4]"
0120152.png,3,"[3, 2, 5]"
0120161.png,9,"[9, 8, 7]"
0120167.png,9,"[9, 8, 6]"
0120169.png,9,"[9, 7, 4]"
0120174.png,9,"[9, 7, 6]"
0120179.png,9,"[9, 8, 2]"
0120186.png,9,"[9, 8, 4]"
0120191.png,9,"[9, 6, 7]"
0120193.png,9,"[9, 6, 2]"
0120195.png,9,"[9, 6, 8]"
0120197.png,9,"[9, 2, 8]"
0120208.png,9,"[9, 6, 8]"
0120217.png,9,"[9, 8, 6]"
0120220.png,6,"[6, 9, 2]"
0120221.png,6,"[6, 4, 5]"
0120223.png,9,"[9, 4, 5]"
0120228.png,9,"[9, 7, 3]"
0120232.png,9,"[9, 6, 8]"
0120242.png,9,"[9, 8, 2]"
0120247.png,9,"[9, 7, 6]"
0120248.png,9,"[9, 8, 7]"
0120257.png,9,"[9, 6, 8]"
0120259.png,9,"[9, 7, 8]"
0120263.png,9,"[9, 4, 6]"
0120277.png,9,"[9, 7, 8]"
0120279.png,9,"[9, 7, 6]"
0120282.png,9,"[9, 7, 8]"
0120286.png,9,"[9, 8, 4]"
0120289.png,9,"[9, 6, 8]"
0120303.png,9,"[9, 6, 7]"
0120313.png,9,"[9, 7, 8]"
0120314.png,7,"[7, 9, 2]"
0120321.png,9,"[9, 7, 4]"
0120326.png,9,"[9, 7, 8]"
0120335.png,9,"[9, 6, 8]"
0120337.png,9,"[9, 6, 8]"
0120339.png,9,"[9, 6, 4]"
0120345.png,9,"[9, 7, 4]"
0120349.png,9,"[9, 8, 3]"
0120358.png,9,"[9, 3, 8]"
0120366.png,9,"[9, 7, 8]"
0120367.png,9,"[9, 7, 4]"
0120374.png,9,"[9, 7, 8]"
0120379.png,9,"[9, 6, 8]"
0120383.png,9,"[9, 8, 7]"
0120386.png,9,"[9, 3, 8]"
0120395.png,9,"[9, 0, 8]"
0120396.png,9,"[9, 8, 7]"
0120397.png,9,"[9, 8, 7]"
0120400.png,9,"[9, 8, 7]"
0120401.png,9,"[9, 7, 8]"
0120410.png,9,"[9, 8, 2]"
0120422.png,6,"[6, 2, 3]"
0120425.png,9,"[9, 7, 4]"
0120436.png,9,"[9, 7, 4]"
0120437.png,9,"[9, 8, 7]"
0120438.png,8,"[8, 9, 3]"
0120440.png,9,"[9, 6, 4]"
0120444.png,9,"[9, 7, 4]"
0120445.png,9,"[9, 7, 8]"
0120447.png,7,"[7, 9, 2]"
0120450.png,9,"[9, 4, 7]"
0120456.png,9,"[9, 4, 6]"
0120459.png,9,"[9, 7, 3]"
0120467.png,9,"[9, 8, 7]"
0120472.png,9,"[9, 7, 3]"
0120484.png,9,"[9, 3, 8]"
0120486.png,9,"[9, 0, 6]"
0120487.png,9,"[9, 4, 8]"
0120488.png,9,"[9, 8, 4]"
0120489.png,9,"[9, 7, 8]"
0120501.png,9,"[9, 7, 4]"
0120504.png,9,"[9, 8, 7]"
0120516.png,9,"[9, 6, 4]"
0120520.png,9,"[9, 6, 7]"
0120521.png,9,"[9, 7, 6]"
0120524.png,9,"[9, 7, 3]"
0120525.png,9,"[9, 8, 6]"
0120532.png,9,"[9, 7, 3]"
0120534.png,9,"[9, 6, 4]"
0120539.png,9,"[9, 7, 6]"
0120548.png,9,"[9, 7, 8]"
0120555.png,9,"[9, 7, 8]"
0120557.png,9,"[9, 7, 8]"
0120560.png,9,"[9, 7, 8]"
0120565.png,3,"[3, 0, 2]"
0120566.png,9,"[9, 8, 3]"
0120570.png,9,"[9, 5, 3]"
0120575.png,9,"[9, 6, 3]"
0120583.png,6,"[6, 9, 3]"
0120606.png,9,"[9, 7, 6]"
0120612.png,9,"[9, 6, 5]"
0120617.png,9,"[9, 7, 4]"
0120625.png,9,"[9, 6, 2]"
0120629.png,9,"[9, 7, 4]"
0120638.png,9,"[9, 1, 7]"
0120642.png,9,"[9, 7, 6]"
0120643.png,9,"[9, 8, 7]"
0120645.png,9,"[9, 8, 6]"
0120646.png,9,"[9, 8, 2]"
0120649.png,9,"[9, 3, 7]"
0120655.png,9,"[9, 7, 8]"
0120657.png,9,"[9, 7, 3]"
0120663.png,9,"[9, 7, 8]"
0120670.png,9,"[9, 7, 4]"
0120679.png,9,"[9, 7, 8]"
0120685.png,9,"[9, 7, 5]"
0120696.png,9,"[9, 8, 6]"
0120702.png,9,"[9, 7, 2]"
0120704.png,9,"[9, 7, 3]"
0120715.png,9,"[9, 6, 7]"
0120718.png,9,"[9, 7, 2]"
0120721.png,9,"[9, 6, 8]"
0120724.png,9,"[9, 7, 8]"
0120728.png,9,"[9, 5, 3]"
0120730.png,9,"[9, 6, 8]"
0120737.png,9,"[9, 7, 3]"
0120743.png,9,"[9, 7, 6]"
0120744.png,9,"[9, 5, 7]"
0120750.png,9,"[9, 4, 7]"
0120761.png,9,"[9, 7, 3]"
0120770.png,9,"[9, 5, 3]"
0120786.png,9,"[9, 8, 2]"
0120787.png,9,"[9, 8, 6]"
0120789.png,9,"[9, 7, 8]"
0120794.png,9,"[9, 4, 6]"
0120799.png,9,"[9, 2, 1]"
0120800.png,9,"[9, 4, 3]"
0120807.png,9,"[9, 7, 3]"
0120808.png,9,"[9, 8, 4]"
0120818.png,9,"[9, 8, 6]"
0120826.png,9,"[9, 7, 6]"
0120827.png,9,"[9, 6, 4]"
0120828.png,7,"[7, 9, 3]"
0120829.png,9,"[9, 7, 4]"
0120833.png,9,"[9, 7, 3]"
0120847.png,9,"[9, 7, 3]"
0120848.png,9,"[9, 2, 5]"
0120850.png,9,"[9, 7, 3]"
0120851.png,9,"[9, 6, 7]"
0120852.png,9,"[9, 7, 6]"
0120854.png,9,"[9, 7, 8]"
0120869.png,9,"[9, 7, 8]"
0120874.png,9,"[9, 8, 7]"
0120882.png,7,"[7, 9, 4]"
0120885.png,9,"[9, 4, 7]"
0120890.png,9,"[9, 7, 8]"
0120897.png,9,"[9, 7, 3]"
0120898.png,9,"[9, 7, 6]"
0120913.png,9,"[9, 7, 8]"
0120924.png,9,"[9, 7, 3]"
0120938.png,9,"[9, 6, 4]"
0120943.png,9,"[9, 2, 8]"
0120944.png,9,"[9, 4, 7]"
0120953.png,9,"[9, 3, 8]"
0120954.png,9,"[9, 7, 8]"
0120956.png,9,"[9, 2, 0]"
0120968.png,9,"[9, 3, 8]"
0120973.png,9,"[9, 6, 4]"
0120977.png,0,"[0, 9, 2]"
0120987.png,9,"[9, 7, 4]"
0120988.png,9,"[9, 7, 2]"
0120991.png,9,"[9, 4, 6]"
0120995.png,9,"[9, 2, 0]"
0121000.png,9,"[9, 6, 2]"
0121001.png,9,"[9, 6, 4]"
0121003.png,9,"[9, 2, 7]"
0121008.png,9,"[9, 7, 2]"
0121009.png,9,"[9, 6, 7]"
0121010.png,9,"[9, 6, 2]"
0121012.png,9,"[9, 8, 6]"
0121016.png,9,"[9, 8, 7]"
0121019.png,9,"[9, 7, 8]"
0121023.png,9,"[9, 7, 8]"
0121031.png,9,"[9, 8, 3]"
0121036.png,9,"[9, 2, 8]"
0121046.png,9,"[9, 8, 7]"
0121051.png,9,"[9, 7, 8]"
0121052.png,9,"[9, 6, 8]"
0121056.png,3,"[3, 9, 1]"
0121057.png,9,"[9, 3, 5]"
0121067.png,9,"[9, 6, 8]"
0121081.png,9,"[9, 6, 7]"
0121084.png,9,"[9, 7, 2]"
0121085.png,9,"[9, 7, 8]"
0121097.png,2,"[2, 9, 8]"
0121100.png,9,"[9, 7, 6]"
0121102.png,9,"[9, 5, 6]"
0121107.png,9,"[9, 2, 6]"
0121109.png,9,"[9, 6, 7]"
0121113.png,9,"[9, 6, 8]"
0121114.png,9,"[9, 6, 8]"
0121120.png,9,"[9, 3, 8]"
0121125.png,9,"[9, 6, 8]"
0121129.png,9,"[9, 6, 4]"
0121131.png,9,"[9, 7, 8]"
0121137.png,9,"[9, 7, 3]"
0121148.png,9,"[9, 2, 0]"
0121149.png,9,"[9, 2, 0]"
0121155.png,9,"[9, 4, 7]"
0121156.png,9,"[9, 4, 7]"
0121157.png,9,"[9, 6, 7]"
0121159.png,9,"[9, 7, 4]"
0121162.png,9,"[9, 4, 6]"
0121170.png,9,"[9, 3, 8]"
0121176.png,9,"[9, 7, 2]"
0121178.png,9,"[9, 8, 2]"
0121186.png,9,"[9, 7, 6]"
0121192.png,9,"[9, 7, 8]"
0121197.png,9,"[9, 4, 8]"
0121199.png,9,"[9, 6, 7]"
0121214.png,9,"[9, 7, 4]"
0121216.png,9,"[9, 6, 8]"
0121218.png,9,"[9, 7, 5]"
0121219.png,9,"[9, 2, 7]"
0121230.png,9,"[9, 6, 8]"
0121234.png,9,"[9, 6, 7]"
0121240.png,9,"[9, 6, 2]"
0121245.png,9,"[9, 7, 5]"
0121246.png,9,"[9, 6, 8]"
0121253.png,9,"[9, 7, 8]"
0121257.png,9,"[9, 7, 8]"
0121266.png,9,"[9, 8, 7]"
0121268.png,9,"[9, 3, 7]"
0121286.png,9,"[9, 6, 2]"
0121288.png,9,"[9, 8, 6]"
0121289.png,9,"[9, 6, 8]"
0121303.png,9,"[9, 7, 2]"
0121305.png,9,"[9, 7, 4]"
0121306.png,9,"[9, 7, 8]"
0121336.png,9,"[9, 2, 8]"
0121346.png,9,"[9, 6, 2]"
0121347.png,9,"[9, 6, 4]"
0121354.png,9,"[9, 7, 3]"
0121356.png,9,"[9, 8, 2]"
0121361.png,9,"[9, 7, 8]"
0121363.png,9,"[9, 6, 8]"
0121366.png,9,"[9, 6, 2]"
0121374.png,9,"[9, 6, 7]"
0121375.png,9,"[9, 4, 7]"
0121380.png,9,"[9, 6, 5]"
0121387.png,9,"[9, 4, 7]"
0121391.png,9,"[9, 3, 8]"
0121393.png,9,"[9, 8, 7]"
0121402.png,9,"[9, 2, 4]"
0121420.png,9,"[9, 8, 3]"
0121442.png,9,"[9, 6, 7]"
0121447.png,9,"[9, 4, 6]"
0121452.png,9,"[9, 7, 8]"
0121458.png,9,"[9, 8, 4]"
0121459.png,9,"[9, 8, 4]"
0121462.png,9,"[9, 7, 2]"
0121464.png,9,"[9, 6, 5]"
0121465.png,9,"[9, 7, 3]"
0121470.png,9,"[9, 7, 4]"
0121471.png,9,"[9, 8, 7]"
0121482.png,9,"[9, 6, 4]"
0121484.png,9,"[9, 7, 4]"
0121485.png,9,"[9, 7, 4]"
0121491.png,9,"[9, 4, 7]"
0121492.png,9,"[9, 7, 4]"
0121506.png,9,"[9, 8, 3]"
0121512.png,9,"[9, 6, 5]"
0121525.png,9,"[9, 7, 8]"
0121527.png,9,"[9, 7, 8]"
0121544.png,9,"[9, 6, 0]"
0121545.png,9,"[9, 6, 8]"
0121550.png,9,"[9, 3, 7]"
0121555.png,9,"[9, 7, 4]"
0121563.png,9,"[9, 7, 6]"
0121564.png,9,"[9, 8, 6]"
0121569.png,2,"[2, 9, 0]"
0121571.png,9,"[9, 6, 8]"
0121575.png,7,"[7, 9, 2]"
0121580.png,9,"[9, 7, 4]"
0121581.png,9,"[9, 4, 7]"
0121586.png,9,"[9, 4, 6]"
0121596.png,9,"[9, 7, 6]"
0121610.png,9,"[9, 7, 2]"
0121611.png,9,"[9, 2, 6]"
0121613.png,9,"[9, 2, 3]"
0121622.png,9,"[9, 6, 4]"
0121624.png,9,"[9, 3, 5]"
0121626.png,9,"[9, 2, 6]"
0121627.png,9,"[9, 6, 4]"
0121633.png,9,"[9, 7, 6]"
0121634.png,9,"[9, 7, 8]"
0121639.png,9,"[9, 2, 7]"
0121649.png,9,"[9, 5, 6]"
0121655.png,9,"[9, 6, 8]"
0121656.png,9,"[9, 7, 1]"
0121658.png,9,"[9, 6, 4]"
0121660.png,9,"[9, 8, 4]"
0121661.png,9,"[9, 8, 2]"
0121674.png,9,"[9, 8, 0]"
0121680.png,9,"[9, 7, 4]"
0121681.png,9,"[9, 7, 4]"
0121684.png,9,"[9, 6, 2]"
0121689.png,2,"[2, 0, 8]"
0121694.png,9,"[9, 8, 7]"
0121722.png,9,"[9, 6, 4]"
0121724.png,9,"[9, 3, 7]"
0121725.png,9,"[9, 3, 7]"
0121727.png,9,"[9, 7, 3]"
0121730.png,9,"[9, 7, 8]"
0121736.png,9,"[9, 8, 6]"
0121738.png,9,"[9, 6, 8]"
0121739.png,9,"[9, 7, 6]"
